id,name,category_primary,address_freeform,website,url_alive,days_since_update,source_count,has_website,has_phone,has_email,has_address,category_primary,category_alt_count,website_count,has_website,phone_count,has_phone,email_count,has_email,social_count,has_social,brand_name,has_brand,has_address,source_count,basic_category,taxonomy_top,url_alive,osm_disused,osm_dist_m,url_status_code,url_is_4xx,url_is_error,consumer_cat,consumer_dead_url,contact_richness,brand_loc_count,src_AllThePlaces,src_DAC,src_Microsoft,src_Overture,src_PinMeTo,src_meta,meta_dead_url,probability_closed,prediction
0b2be517-333e-477c-93dc-34c4b85b9e59,Buffalo,burger_restaurant,292 Castro St,http://buffalomv.com,0.0,205,2,1,1,0,1,burger_restaurant,0,1,1,1,1,0,0,1,1,,0,1,2,restaurant,food_and_drink,0.0,1,10.98267758025633,-1.0,0.0,1.0,1.0,1.0,3,0,0,0,0,1,0,0,0.0,0.98712975,Closed
9b85874e-0f1a-4eb4-9cac-3d9b689ccc37,Bushido,japanese_restaurant,156 Castro St,https://www.bushidoizakaya.com,1.0,205,2,1,1,0,1,japanese_restaurant,0,1,1,1,1,0,0,2,1,,0,1,2,restaurant,food_and_drink,1.0,0,,200.0,0.0,0.0,0.0,0.0,3,0,0,0,0,1,0,0,0.0,0.97576296,Closed
44064f45-06d2-4097-9ac1-aaec61f81df0,Kolbeh Mediterranean Grill,mediterranean_restaurant,1414 W El Camino Real,http://www.kolbehrestaurant.com,1.0,356,2,1,1,0,1,mediterranean_restaurant,0,1,1,1,1,0,0,2,1,,0,1,2,restaurant,food_and_drink,1.0,0,,200.0,0.0,0.0,0.0,0.0,3,0,0,0,0,1,0,0,0.0,0.97215027,Closed
36b0523f-c406-4df2-9ac8-78977935b8f4,191 Restaurant & Bar,american_restaurant,191 Castro St,http://191restaurantbar.com,0.0,356,2,1,1,0,1,american_restaurant,0,1,1,1,1,0,0,0,0,,0,1,2,restaurant,food_and_drink,0.0,0,,-1.0,0.0,1.0,1.0,1.0,3,0,0,0,0,1,0,0,0.0,0.9625475,Closed
754e76f6-0266-49e6-ac5b-d7b5f91361c0,Chapple Electric,building_supply_store,1571 W El Camino Real,http://chappleelectric.com,1.0,940,2,1,1,0,1,building_supply_store,0,1,1,1,1,0,0,0,0,,0,1,2,specialty_store,shopping,1.0,0,,200.0,0.0,0.0,0.0,0.0,3,0,0,0,0,1,0,0,0.0,0.95997584,Closed
7831da50-1f64-4957-a8be-50d9c3a24578,Bento Teriyaki,japanese_restaurant,225 E Middlefield Rd Ste 1B,http://bentoteriyaki.com,0.0,251,2,1,1,0,1,japanese_restaurant,0,1,1,1,1,0,0,1,1,,0,1,2,restaurant,food_and_drink,0.0,0,,-1.0,0.0,1.0,0.0,0.0,3,0,0,0,0,1,0,0,0.0,0.93942535,Closed
f72dea64-35f9-4878-997f-4000704fb46d,Le Plonc,wine_bar,331 Castro St Ste 100,https://www.leplonc.com,0.0,454,2,1,1,0,1,wine_bar,0,1,1,1,1,0,0,0,0,,0,1,2,bar,food_and_drink,0.0,1,18.768396319138986,-1.0,0.0,1.0,0.0,0.0,3,0,0,0,0,1,0,0,0.0,0.9393519,Closed
e3e30f2a-4dc2-4f50-8e9c-853fe0d1b034,Kappo Nami Nami,japanese_restaurant,240 Castro St,http://kapponaminami.com,0.0,205,2,1,1,0,1,japanese_restaurant,0,1,1,1,1,0,0,0,0,,0,1,2,restaurant,food_and_drink,0.0,1,14.305098876211918,-1.0,0.0,1.0,0.0,0.0,3,0,0,0,0,1,0,0,0.0,0.9389878,Closed
6761a70e-e730-4037-916b-41daf514ea72,Yam Leaf Bistro,vegan_restaurant,699 Calderon Ave,http://www.yamleafbistro.com,0.0,205,2,1,1,0,1,vegan_restaurant,0,1,1,1,1,0,0,0,0,,0,1,2,restaurant,food_and_drink,0.0,0,,-1.0,0.0,1.0,0.0,0.0,3,0,0,0,0,1,0,0,0.0,0.9297266,Closed
ce7556b9-01d7-4706-9368-c60121505aeb,Tied House Brewery & Cafe,brewery,954 Villa St,http://www.tiedhouse.com,1.0,454,2,1,1,0,1,brewery,0,1,1,1,1,0,0,1,1,,0,1,2,brewery,food_and_drink,1.0,0,,405.0,0.0,0.0,0.0,0.0,3,0,0,0,0,1,0,0,0.0,0.91550803,Closed
d735ad66-cf3b-4bcf-9055-2bcb53910b70,Maharaja Indian Cuisine,indian_restaurant,236 Castro St,http://chefliumandarin.com,0.0,252,2,1,1,0,1,indian_restaurant,0,1,1,1,1,0,0,0,0,,0,1,2,restaurant,food_and_drink,0.0,1,10.89276458673817,-1.0,0.0,1.0,0.0,0.0,3,0,0,0,0,1,0,0,0.0,0.9111413,Closed
e6245c48-c42b-4685-b796-dd414b89045c,Bierhaus,beer_garden,383 Castro St,http://bierha.us,1.0,205,2,1,1,0,1,beer_garden,0,1,1,1,1,0,0,1,1,,0,1,2,eating_drinking_location,food_and_drink,1.0,0,,200.0,0.0,0.0,0.0,0.0,3,0,0,0,0,1,0,0,0.0,0.8974837,Closed
416e9512-dbfb-4aa6-b35e-6eb1fedc15fe,Bangkok Spoon,thai_restaurant,700 Villa St,http://bkkspoon.com/,0.0,356,2,1,1,0,1,thai_restaurant,0,1,1,1,1,0,0,0,0,,0,1,2,restaurant,food_and_drink,0.0,0,,-1.0,0.0,1.0,1.0,1.0,3,0,0,0,0,1,0,0,0.0,0.8900912,Closed
795f78a9-9cce-49ae-92e6-07788f17dae6,Godavari,indian_restaurant,216 Castro St,http://www.godavari.us/,0.0,356,2,1,1,0,1,indian_restaurant,0,1,1,1,1,0,0,0,0,,0,1,2,restaurant,food_and_drink,0.0,0,,-1.0,0.0,1.0,0.0,0.0,3,0,0,0,0,1,0,0,0.0,0.878225,Closed
a3e26940-7ccf-4e58-b10a-5a9da48be4e4,Shezan,indian_restaurant,216 Castro St,http://www.shezanrestaurant.com,0.0,356,2,1,1,0,1,indian_restaurant,0,1,1,1,1,0,0,0,0,,0,1,2,restaurant,food_and_drink,0.0,0,,-1.0,0.0,1.0,0.0,0.0,3,0,0,0,0,1,0,0,0.0,0.878225,Closed
66942fad-f43e-4614-989c-bfe594a485fb,Tirupathi Bhimas,indian_restaurant,856 W El Camino Real,http://www.tirupathibhimas.us/#/home,0.0,356,2,1,1,0,1,indian_restaurant,0,1,1,1,1,0,0,0,0,,0,1,2,restaurant,food_and_drink,0.0,0,,-1.0,0.0,1.0,0.0,0.0,3,0,0,0,0,1,0,0,0.0,0.878225,Closed
a2c3dbb6-663f-4f16-9a09-1d72aa99abf1,The Cantankerous Fish,seafood_restaurant,420 Castro St,http://www.scottsseafoodmv.com,1.0,323,2,1,1,0,1,seafood_restaurant,0,1,1,1,1,0,0,1,1,,0,1,2,restaurant,food_and_drink,1.0,0,,405.0,0.0,0.0,0.0,0.0,3,0,0,0,0,1,0,0,0.0,0.87271917,Closed
0987fa57-cb6a-4f6f-a828-1f11522fbc3b,Shabuway,japanese_restaurant,180 Castro St,http://shabuway.com,1.0,205,2,1,1,0,1,japanese_restaurant,0,1,1,1,1,0,0,1,1,,0,1,2,restaurant,food_and_drink,1.0,0,,200.0,0.0,0.0,0.0,0.0,3,0,0,0,0,1,0,0,0.0,0.8694523,Closed
c4c58652-02ff-49bb-b537-6cf0fbe29436,Ludwig’s Biergarten,german_restaurant,383 Castro St,https://www.ludwigsmv.com,1.0,67,2,1,1,0,1,german_restaurant,0,1,1,1,1,0,0,1,1,,0,1,2,restaurant,food_and_drink,1.0,0,,200.0,0.0,0.0,0.0,0.0,3,0,0,0,0,1,0,0,0.0,0.86472034,Closed
536c3608-6c3e-41bf-a6b3-ae926a953b67,Subway,sandwich_shop,701 W Evelyn Ave,,,83,2,0,1,0,1,sandwich_shop,0,0,0,1,1,0,0,1,1,,0,1,2,sandwich_shop,food_and_drink,,0,,,,,1.0,0.0,2,0,0,0,0,1,0,0,0.0,0.8528216,Closed
a5127c9e-cf8d-448e-b821-a0a4520559e6,Carl's Jr. / Green Burrito,fast_food_restaurant,209 E Middlefield Rd,https://www.carlsjr.com,1.0,406,2,1,1,0,1,fast_food_restaurant,0,1,1,1,1,0,0,2,1,,0,1,2,fast_food_restaurant,food_and_drink,1.0,0,,200.0,0.0,0.0,1.0,0.0,3,0,0,0,0,1,0,0,0.0,0.8463501,Closed
b35a52be-bce1-43c3-a5fe-ee2407fdffbb,K Z Kitchen Cabinets & Stone,retail,1015 W El Camino Real,http://kzkitchen.com,1.0,638,2,1,1,0,1,retail,0,1,1,1,1,0,0,0,0,,0,1,2,retail_location,shopping,1.0,0,,200.0,0.0,0.0,1.0,0.0,3,0,0,0,0,1,0,0,0.0,0.8427638,Closed
cb73d85c-8271-479e-8d8e-af9dfadf883e,Rocket Fizz,candy_store,298 Castro St,http://rocketfizz.com,1.0,205,2,1,0,0,1,candy_store,0,1,1,0,0,0,0,1,1,,0,1,2,candy_shop,food_and_drink,1.0,1,10.965322760457191,200.0,0.0,0.0,0.0,0.0,2,0,0,0,0,1,0,0,0.0,0.83902466,Closed
f7e72dde-ff06-452b-ba32-11532e761cfd,Ginseng Korean BBQ + Tofu,korean_restaurant,475 Castro St,http://www.ginsengbbqtofu.com,0.0,252,2,1,1,0,1,korean_restaurant,0,1,1,1,1,0,0,1,1,,0,1,2,restaurant,food_and_drink,0.0,0,,-1.0,0.0,1.0,0.0,0.0,3,0,0,0,0,1,0,0,0.0,0.835043,Closed
7c3fbd5f-6578-40c4-aed5-518441068181,Classico Delicafe,restaurant,856 W El Camino Real,http://www.chennaikingsca.com/menu.aspx,0.0,252,2,1,1,0,1,restaurant,0,1,1,1,1,0,0,0,0,,0,1,2,restaurant,food_and_drink,0.0,0,,503.0,0.0,0.0,1.0,1.0,3,0,0,0,0,1,0,0,0.0,0.82650375,Closed
81e80dac-7d27-41f9-a4c1-5001634a6027,Niji Sushi,sushi_restaurant,743 W Dana St,http://mountainviewnijisushi.com,0.0,205,2,1,1,0,1,sushi_restaurant,0,1,1,1,1,0,0,0,0,,0,1,2,restaurant,food_and_drink,0.0,0,,-1.0,0.0,1.0,0.0,0.0,3,0,0,0,0,1,0,0,0.0,0.8233086,Closed
c7a24a7f-95aa-4bbb-b88f-0bfb8b3042c7,Yakko Sushi,sushi_restaurant,975 W Dana St,http://yakkosushi.net,0.0,205,2,1,1,0,1,sushi_restaurant,0,1,1,1,1,0,0,0,0,,0,1,2,restaurant,food_and_drink,0.0,0,,-1.0,0.0,1.0,0.0,0.0,3,0,0,0,0,1,0,0,0.0,0.8233086,Closed
aebd5d2b-da95-427f-aeb2-b4a72225ebd7,Sono Sushi,sushi_restaurant,357 Castro St,http://www.sono-sushi.com/,0.0,356,2,1,1,0,1,sushi_restaurant,0,1,1,1,1,0,0,0,0,,0,1,2,restaurant,food_and_drink,0.0,0,,-1.0,0.0,1.0,0.0,0.0,3,0,0,0,0,1,0,0,0.0,0.8233086,Closed
7edf1753-f1f9-40dd-85a8-e241161449f6,Rootstock Wine Bar,wine_bar,331 Castro St Ste 100,https://www.rootstockwinebar.com,0.0,82,2,1,1,0,1,wine_bar,0,1,1,1,1,0,0,0,0,,0,1,2,bar,food_and_drink,0.0,1,18.90946346964314,406.0,1.0,0.0,0.0,0.0,3,0,0,0,0,1,0,0,0.0,0.8021019,Closed
79feb83c-ecc4-492e-9fa0-7d715658fbd4,The Melt,burger_restaurant,1711 W El Camino Real,https://order.localkitchens.com/store/mountainview/themelt,1.0,349,2,1,1,0,1,burger_restaurant,0,1,1,1,1,0,0,0,0,,0,1,2,restaurant,food_and_drink,1.0,0,,403.0,0.0,0.0,1.0,0.0,3,0,0,0,0,1,0,0,0.0,0.79822296,Closed
af22396c-b2e4-48e3-9f01-d84044bf2ee4,Hangen Szechuan Restaurant,chinese_restaurant,134 Castro St,http://hangenszechuan-hub.com,0.0,205,2,1,1,0,1,chinese_restaurant,0,1,1,1,1,0,0,1,1,,0,1,2,restaurant,food_and_drink,0.0,0,,-1.0,0.0,1.0,0.0,0.0,3,0,0,0,0,1,0,0,0.0,0.79636556,Closed
293949f4-06bb-4271-a9cb-954c04245734,Amber Cafe,indian_restaurant,600 W El Camino Real,http://amber-india.com,1.0,205,2,1,1,0,1,indian_restaurant,0,1,1,1,1,0,0,0,0,,0,1,2,restaurant,food_and_drink,1.0,0,,403.0,0.0,0.0,0.0,0.0,3,0,0,0,0,1,0,0,0.0,0.79423416,Closed
5990420a-fcd1-4368-86d8-d64ea7acf868,Zucca,mediterranean_restaurant,186 Castro St,http://www.zuccaristorante.com/,0.0,356,2,1,1,0,1,mediterranean_restaurant,0,1,1,1,1,0,0,0,0,,0,1,2,restaurant,food_and_drink,0.0,0,,-1.0,0.0,1.0,0.0,0.0,3,0,0,0,0,1,0,0,0.0,0.79277116,Closed
edecb9f9-faa0-44f0-8f47-9c2711c6fea3,Una Mas,mexican_restaurant,1037 El Monte Ave,http://www.unamas.com/,1.0,252,2,1,1,0,1,mexican_restaurant,0,1,1,1,1,0,0,1,1,,0,1,2,restaurant,food_and_drink,1.0,0,,200.0,0.0,0.0,1.0,0.0,3,0,0,0,0,1,0,0,0.0,0.79268956,Closed
513a1ad7-b744-494e-94dc-5c14c3917db2,"TopTenReviews.AI, U.S",electronics,1049 El Monte Ave Ste C # 809,https://www.toptenreviews.ai,0.0,2009,2,1,1,0,1,electronics,0,1,1,1,1,0,0,2,1,,0,1,2,electronics_store,shopping,0.0,0,,-1.0,0.0,1.0,0.0,0.0,3,0,0,0,0,1,0,0,0.0,0.7891283,Closed
27270bb2-60b5-4313-a843-524c3de32b4d,Mervyn's / Umai Sushi Restaurant & Lounge,dive_bar,236 Castro St,https://www.mervynsushi.com/,0.0,29,2,1,1,0,1,dive_bar,3,1,1,1,1,0,0,0,0,,0,1,2,bar,food_and_drink,0.0,1,13.093806979171541,-1.0,0.0,1.0,0.0,0.0,3,0,0,0,1,1,0,0,0.0,0.7815201,Closed
67930f5b-64cc-4f59-8e81-64da476f78e2,Sana'a Cafe,cafe,650 Castro Street Suite 110,https://sanaahousecafe.com,1.0,102,2,1,1,0,1,cafe,0,1,1,1,1,0,0,1,1,,0,1,2,cafe,food_and_drink,1.0,0,,200.0,0.0,0.0,0.0,0.0,3,0,0,0,0,1,0,0,0.0,0.7795221,Closed
b29e6b15-eab0-4cd8-9443-390fe9c9c63c,Shell Shock Restaurant,seafood_restaurant,124 Castro St,http://www.shellshockrestaurant.com,0.0,205,2,1,1,0,1,seafood_restaurant,0,1,1,1,1,0,0,0,0,,0,1,2,restaurant,food_and_drink,0.0,0,,-1.0,0.0,1.0,0.0,0.0,3,0,0,0,0,1,0,0,0.0,0.7728711,Closed
b2496bed-e287-4718-b6f5-92edb7b3ecf1,Tapioca Express,bubble_tea,740 Villa St,http://www.tapiocaexpress.com,1.0,205,2,1,1,0,1,bubble_tea,0,1,1,1,1,0,0,2,1,,0,1,2,beverage_shop,food_and_drink,1.0,0,,200.0,0.0,0.0,0.0,0.0,3,0,0,0,0,1,0,0,0.0,0.76745254,Closed
69b534d5-7166-4593-82a0-a260c9e72b72,Clock Tower Cafe,beverage_store,205 E Middlefield Rd Ste 1A,http://www.clocktowercoffee.com,0.0,939,2,1,1,0,1,beverage_store,0,1,1,1,1,0,0,0,0,,0,1,2,beverage_shop,food_and_drink,0.0,0,,-2.0,0.0,1.0,0.0,0.0,3,0,0,0,0,1,0,0,0.0,0.7647265,Closed
a8d407c6-7f0e-4bec-a8a1-085f943d9fba,la PanotiQ Bakery Cafe,bakery,331 Castro St,http://www.lapanotiq.com,1.0,205,2,1,1,0,1,bakery,0,1,1,1,1,0,0,2,1,,0,1,2,bakery,food_and_drink,1.0,0,,200.0,0.0,0.0,1.0,0.0,3,0,0,0,0,1,0,0,0.0,0.762037,Closed
2842aa59-959a-497c-8128-6d34cedcdd2b,Vada Pav,indian_restaurant,856 W El Camino Real,http://vadapavusa.com,1.0,353,2,1,0,0,1,indian_restaurant,0,1,1,0,0,0,0,1,1,,0,1,2,restaurant,food_and_drink,1.0,0,,200.0,0.0,0.0,0.0,0.0,2,0,0,0,0,1,0,0,0.0,0.7619859,Closed
27d62c77-9a0e-4afa-9ceb-acb102f73fbd,B'Zu Cafe,mediterranean_restaurant,186 Castro St,http://www.bzucafe.com,0.0,252,2,1,0,0,1,mediterranean_restaurant,0,1,1,0,0,0,0,0,0,,0,1,2,restaurant,food_and_drink,0.0,0,,-1.0,0.0,1.0,0.0,0.0,2,0,0,0,0,1,0,0,0.0,0.7605373,Closed
36982f96-3fc0-4c2f-8b89-c5e4c9594f25,Srasa Kitchen,asian_restaurant,225 E Middlefield Rd Ste 2,http://www.srasakitchen.com,0.0,205,2,1,1,0,1,asian_restaurant,0,1,1,1,1,0,0,0,0,,0,1,2,restaurant,food_and_drink,0.0,0,,404.0,1.0,0.0,0.0,0.0,3,0,0,0,0,1,0,0,0.0,0.76012886,Closed
1b6632f0-b70f-48fa-8476-963a0e6d9816,Stomach,indian_restaurant,288 Castro St,http://www.temptationsca.com,0.0,252,2,1,1,0,1,indian_restaurant,0,1,1,1,1,0,0,0,0,,0,1,2,restaurant,food_and_drink,0.0,1,10.34717441804873,406.0,1.0,0.0,0.0,0.0,3,0,0,0,0,1,0,0,0.0,0.756713,Closed
89253f48-7a2d-4c81-82b1-f27002ab8f9f,Wienerschnitzel,burger_restaurant,383 Castro St,http://www.wienerschnitzel.com,1.0,185,2,1,1,0,1,burger_restaurant,0,1,1,1,1,0,0,0,0,,0,1,2,restaurant,food_and_drink,1.0,0,,200.0,0.0,0.0,1.0,0.0,3,0,0,0,0,1,0,0,0.0,0.75234795,Closed
3a9a29fe-b3b3-4f98-b93d-45ca1637c5ae,Tina's Kusina,asian_restaurant,698 W Dana St,http://www.tinaskusina.com,1.0,251,2,1,1,0,1,asian_restaurant,0,1,1,1,1,0,0,0,0,,0,1,2,restaurant,food_and_drink,1.0,0,,200.0,0.0,0.0,0.0,0.0,3,0,0,0,0,1,0,0,0.0,0.7505131,Closed
0a9056e0-9ddc-40dc-a63a-8d51403cf0d6,Taco Bell,fast_food_restaurant,950 W El Camino Real,http://www.tacobell.com,1.0,356,2,1,1,0,1,fast_food_restaurant,0,1,1,1,1,0,0,3,1,,0,1,2,fast_food_restaurant,food_and_drink,1.0,0,,200.0,0.0,0.0,1.0,0.0,3,0,0,0,0,1,0,0,0.0,0.74978596,Closed
04f6f397-7ae1-49fa-8924-2ab0002a6ca1,Park Balluchi,indian_restaurant,288 Castro St,http://parkballuchiusa.com,1.0,252,2,1,1,0,1,indian_restaurant,0,1,1,1,1,0,0,0,0,,0,1,2,restaurant,food_and_drink,1.0,0,,200.0,0.0,0.0,0.0,0.0,3,0,0,0,0,1,0,0,0.0,0.7477388,Closed
051ca2c6-2a5f-4551-86f7-5f101d80ca91,Phở Tô Châu,vietnamese_restaurant,853 Villa St,https://www.photochau999.com,1.0,71,2,1,1,0,1,vietnamese_restaurant,0,1,1,1,1,0,0,1,1,,0,1,2,restaurant,food_and_drink,1.0,0,,200.0,0.0,0.0,0.0,0.0,3,0,0,0,0,1,0,0,0.0,0.72014725,Closed
26744811-8dde-4f95-abd1-975ee966a344,Sushi Arashi,sushi_restaurant,240 Castro St,https://www.sushiarashi.com,1.0,61,2,1,1,0,1,sushi_restaurant,0,1,1,1,1,0,0,0,0,,0,1,2,restaurant,food_and_drink,1.0,1,10.89276458673817,200.0,0.0,0.0,0.0,0.0,3,0,0,0,0,1,0,0,0.0,0.71899056,Closed
0d08c152-954d-44cd-a55e-12ccc201314e,Beyond Threads,boutique,275 Castro St,https://www.beyondthreadsshop.com,0.0,944,2,1,1,0,1,boutique,0,1,1,1,1,0,0,0,0,,0,1,2,fashion_or_apparel_store,shopping,0.0,0,,-1.0,0.0,1.0,0.0,0.0,3,0,0,0,0,1,0,0,0.0,0.69988614,Closed
ec196868-453b-4cfc-b2f0-f43895427e3d,The Flying Falafel,middle_eastern_restaurant,257 W Evelyn Ave,http://www.flyingfalafel.com,1.0,939,2,1,1,0,1,middle_eastern_restaurant,0,1,1,1,1,0,0,0,0,,0,1,2,restaurant,food_and_drink,1.0,0,,403.0,0.0,0.0,1.0,0.0,3,0,0,0,0,1,0,0,0.0,0.6988215,Closed
b884ace9-455b-4b9f-808e-614cf83cec2c,Kamei Japanese House,japanese_restaurant,240 Castro St,http://www.chow.com,1.0,252,2,1,1,0,1,japanese_restaurant,0,1,1,1,1,0,0,0,0,,0,1,2,restaurant,food_and_drink,1.0,1,10.171133520224437,200.0,0.0,0.0,0.0,0.0,3,0,0,0,0,1,0,0,0.0,0.69419646,Closed
b39e44a2-0332-450f-a049-5b2fabfcc9a1,Tsunami Sushi,sushi_restaurant,209 Castro St,http://tsunamisushi.info/,1.0,356,2,1,1,0,1,sushi_restaurant,0,1,1,1,1,0,0,0,0,,0,1,2,restaurant,food_and_drink,1.0,0,,403.0,0.0,0.0,0.0,0.0,3,0,0,0,0,1,0,0,0.0,0.6919447,Closed
4b133b22-241e-4c86-81ae-894afb7cd92a,Eng’s Zongzi,dumpling_restaurant,855 W El Camino Real,http://www.zongzihouse.com,1.0,299,2,1,1,0,1,dumpling_restaurant,0,1,1,1,1,0,0,0,0,,0,1,2,restaurant,food_and_drink,1.0,0,,200.0,0.0,0.0,0.0,0.0,3,0,0,0,0,1,0,0,0.0,0.6798431,Closed
add96414-9942-4c44-bea7-f27b4d89824d,Omelette House @ Ava's,restaurant,340 Castro St,http://www.omelettehouseatavas.com,0.0,205,2,1,1,0,1,restaurant,0,1,1,1,1,0,0,0,0,,0,1,2,restaurant,food_and_drink,0.0,0,,-1.0,0.0,1.0,1.0,1.0,3,0,0,0,0,1,0,0,0.0,0.67933613,Closed
54688961-c565-43cc-a1fc-2c6f0ceba901,Chef Xiu,chinese_restaurant,855 W El Camino Real,http://www.chefxiurestaurant.com,0.0,279,2,1,1,0,1,chinese_restaurant,0,1,1,1,1,0,0,0,0,,0,1,2,restaurant,food_and_drink,0.0,0,,-1.0,0.0,1.0,0.0,0.0,3,0,0,0,0,1,0,0,0.0,0.6752774,Closed
49590531-19ee-4743-bddc-d0b88a96e30f,Shanghai Taste Delight,chinese_restaurant,855 W El Camino Real # 94040-2511,http://www.chefxiurestaurant.com,0.0,252,2,1,1,0,1,chinese_restaurant,0,1,1,1,1,0,0,0,0,,0,1,2,restaurant,food_and_drink,0.0,0,,-1.0,0.0,1.0,0.0,0.0,3,0,0,0,0,1,0,0,0.0,0.6752774,Closed
b8ce2d2d-078a-4a9c-830d-1e8e38bed283,HoneyCreek,chinese_restaurant,124 Castro St,http://honeycreekcastro.com,0.0,252,2,1,1,0,1,chinese_restaurant,0,1,1,1,1,0,0,0,0,,0,1,2,restaurant,food_and_drink,0.0,0,,-1.0,0.0,1.0,0.0,0.0,3,0,0,0,0,1,0,0,0.0,0.6752774,Closed
381c236e-13ef-4bdb-afaf-42755d7a988f,Hunan Chili,chinese_restaurant,102 Castro St,http://www.hunan-chili.com/,0.0,356,2,1,1,0,1,chinese_restaurant,0,1,1,1,1,0,0,0,0,,0,1,2,restaurant,food_and_drink,0.0,0,,-1.0,0.0,1.0,0.0,0.0,3,0,0,0,0,1,0,0,0.0,0.6752774,Closed
734ff7e9-911f-48f7-b648-c7ccf4a734d9,Golden Wok,chinese_restaurant,895 Villa St,http://mountain-view-ca.amlocfirms.com/cat/restaurants.html,0.0,252,2,1,1,0,1,chinese_restaurant,0,1,1,1,1,0,0,0,0,,0,1,2,restaurant,food_and_drink,0.0,0,,-1.0,0.0,1.0,0.0,0.0,3,0,0,0,0,1,0,0,0.0,0.6752774,Closed
683e40b8-0df8-4b9d-ab5b-1f1cb983a408,Schiller Graphic Design,advertising_agency,667 Pettis Ave,http://schillerdesign.net,0.0,940,2,1,1,0,1,advertising_agency,0,1,1,1,1,0,0,0,0,,0,1,2,business_advertising_marketing,services_and_business,0.0,0,,-1.0,0.0,1.0,0.0,0.0,3,0,0,0,0,1,0,0,0.0,0.6731952,Closed
fe9924ec-835e-40fd-8a73-f67e7b58c2f5,Scott's Seafood,seafood_restaurant,420 Castro St,,,252,2,0,1,0,1,seafood_restaurant,0,0,0,1,1,0,0,1,1,,0,1,2,restaurant,food_and_drink,,0,,,,,0.0,0.0,2,0,0,0,0,1,0,0,0.0,0.6625771,Closed
02c3d189-0680-4f53-afe4-2bce1ad04923,Morgan Stanley,financial_service,650 Castro St,http://www.morganstanleysmithbarney.com,0.0,498,2,1,1,0,1,financial_service,0,1,1,1,1,0,0,0,0,,0,1,2,financial_service,services_and_business,0.0,0,,-2.0,0.0,1.0,0.0,0.0,3,0,0,0,0,1,0,0,0.0,0.66098726,Closed
839af60d-743c-4d91-984f-1346750e9a7d,NC Fit Mountain View,gym,1347 W El Camino Real,http://www.norcalcrossfit.com,1.0,167,2,1,1,0,1,gym,0,1,1,1,1,0,0,0,0,,0,1,2,gym,sports_and_recreation,1.0,0,,405.0,0.0,0.0,0.0,0.0,3,0,0,0,0,1,0,0,0.0,0.6573649,Closed
9cfa7b7f-09a3-457e-a0d2-ced6d7e30f69,Terra Patio & Garden,furniture_store,1064 W El Camino Real,http://www.terrapatio.com,1.0,920,2,1,1,0,1,furniture_store,0,1,1,1,1,0,0,0,0,,0,1,2,specialty_store,shopping,1.0,0,,405.0,0.0,0.0,1.0,0.0,3,0,0,0,0,1,0,0,0.0,0.65600383,Closed
b64b0492-0c69-48a1-8fc2-3e48f240e6ad,Global Village Cafe,restaurant,209 Castro St,http://www.globalvillagecafe.com/,1.0,252,2,1,1,0,1,restaurant,0,1,1,1,1,0,0,0,0,,0,1,2,restaurant,food_and_drink,1.0,0,,405.0,0.0,0.0,1.0,0.0,3,0,0,0,0,1,0,0,0.0,0.6541491,Closed
d0d07a92-eac5-4570-b056-e6e94a96360e,Hampton by Hilton,hotel,390 Moffett Blvd,https://www.hilton.com/en/hotels/nuqcahx-hampton-suites-mountain-view/,1.0,107,2,1,1,0,1,hotel,0,1,1,1,1,0,0,2,1,,0,1,2,hotel,lodging,1.0,0,,403.0,0.0,0.0,0.0,0.0,3,0,0,0,0,1,0,0,0.0,0.6489492,Closed
4b5e91ff-2cba-4067-a8fb-d5aa1628cfa2,Lpl Systems,financial_service,253 Polaris Ave,http://www.lplsystems.com,1.0,940,2,1,1,0,1,financial_service,0,1,1,1,1,0,0,0,0,,0,1,2,financial_service,services_and_business,1.0,0,,200.0,0.0,0.0,0.0,0.0,3,0,0,0,0,1,0,0,0.0,0.6467502,Closed
82524737-4858-4e6d-9aac-73b8f77909e4,E&W Natural Way Health Food Center,pharmacy,762 W Dana St,http://www.ovbsoap.com,0.0,347,2,1,1,0,1,pharmacy,0,1,1,1,1,0,0,0,0,,0,1,2,pharmacy,shopping,0.0,0,,-1.0,0.0,1.0,1.0,1.0,3,0,0,0,0,1,0,0,0.0,0.6450567,Closed
7a84e18a-a170-4c86-8f3c-8bfb0bd9b4ab,Yoga Belly,yoga_studio,455 Castro St,http://www.yogabellystudio.com,0.0,205,2,1,1,0,1,yoga_studio,0,1,1,1,1,0,0,1,1,,0,1,2,fitness_studio,sports_and_recreation,0.0,0,,-1.0,0.0,1.0,0.0,0.0,3,0,0,0,0,1,0,0,0.0,0.6406623,Closed
f766ccd8-9b4d-4f05-b1b6-279ed5401e5e,Dowling Fitness,gym,1398 W El Camino Real,https://www.fitnessincacad.com/shop,0.0,242,2,1,1,0,1,gym,0,1,1,1,1,0,0,0,0,,0,1,2,gym,sports_and_recreation,0.0,0,,-1.0,0.0,1.0,0.0,0.0,3,0,0,0,0,1,0,0,0.0,0.633717,Closed
1874505e-1d6b-46af-90e6-1bea45b3afb8,Sakoon,indian_restaurant,357 Castro St,http://sakoonrestaurant.com,1.0,83,2,1,1,1,1,indian_restaurant,0,1,1,1,1,1,1,1,1,,0,1,2,restaurant,food_and_drink,1.0,0,,200.0,0.0,0.0,0.0,0.0,4,0,0,0,0,1,0,0,0.0,0.6173436,Closed
3f29326e-848c-44ca-ac41-bdf590524af9,Gyros House,mediterranean_restaurant,212 Castro St,http://gyroshouse.net,0.0,356,2,1,1,0,1,mediterranean_restaurant,0,1,1,1,1,0,0,0,0,,0,1,2,restaurant,food_and_drink,0.0,0,,404.0,1.0,0.0,0.0,0.0,3,0,0,0,0,1,0,0,0.0,0.607143,Closed
63271670-0e28-4132-a172-a556da81306a,Double Rainbow Gourmet Ice Cream & Dessert Cafe,desserts,135 Castro St,http://www.doublerainbow.com,1.0,315,2,1,1,0,1,desserts,0,1,1,1,1,0,0,0,0,,0,1,2,casual_eatery,food_and_drink,1.0,0,,200.0,0.0,0.0,0.0,0.0,3,0,0,0,0,1,0,0,0.0,0.606224,Closed
5c5abfdb-94da-4588-b1c1-06b3d30cd5f9,Southwest Grill,mexican_restaurant,235 E Middlefield Rd #1A,http://southwestgrillmv.eat24hour.com/,0.0,356,2,1,1,0,1,mexican_restaurant,0,1,1,1,1,0,0,0,0,,0,1,2,restaurant,food_and_drink,0.0,0,,404.0,1.0,0.0,1.0,1.0,3,0,0,0,0,1,0,0,0.0,0.59746295,Closed
2e13c9d0-dcc8-4f9b-a4a9-81adaedc5f37,Rumble Fish Japanese Restaurant,japanese_restaurant,357 Castro St Ste 3A,http://www.rumblefishmv.com,0.0,205,2,1,1,0,1,japanese_restaurant,0,1,1,1,1,0,0,0,0,,0,1,2,restaurant,food_and_drink,0.0,0,,436.0,1.0,0.0,0.0,0.0,3,0,0,0,0,1,0,0,0.0,0.5904494,Closed
3cb76b58-2168-433c-a5dc-ba85d17ffd94,Ephesus,mediterranean_restaurant,185 Castro St,http://ephesusrestaurant.net,1.0,83,2,1,1,0,1,mediterranean_restaurant,0,1,1,1,1,0,0,0,0,,0,1,2,restaurant,food_and_drink,1.0,0,,200.0,0.0,0.0,0.0,0.0,3,0,0,0,0,1,0,0,0.0,0.5900109,Closed
629192ff-6203-44b8-bc28-78f5fffebd30,Cognition Cyclery - Mountain View,bicycle_shop,903 Castro St,http://www.cognitioncyclery.com,1.0,205,2,1,1,0,1,bicycle_shop,0,1,1,1,1,0,0,2,1,,0,1,2,sporting_goods_store,shopping,1.0,0,,200.0,0.0,0.0,0.0,0.0,3,0,0,0,0,1,0,0,0.0,0.5815833,Closed
7a28bc09-9597-4f46-983d-2b8b6703a28e,Cafe Baklava,mediterranean_restaurant,341 Castro St,http://cafebaklavamv.us/,1.0,29,2,1,1,0,1,mediterranean_restaurant,3,1,1,1,1,0,0,0,0,,0,1,2,restaurant,food_and_drink,1.0,1,19.537995194459207,403.0,0.0,0.0,0.0,0.0,3,0,0,0,1,1,0,0,0.0,0.5778101,Closed
a9a44578-7d38-4053-9c13-6910d14dccc9,The Grill Story,korean_restaurant,475 Castro St,http://www.thegrillstory.com,1.0,205,2,1,1,0,1,korean_restaurant,0,1,1,1,1,0,0,0,0,,0,1,2,restaurant,food_and_drink,1.0,0,,200.0,0.0,0.0,0.0,0.0,3,0,0,0,0,1,0,0,0.0,0.5348848,Closed
7c7ca240-2e6a-41d1-8791-1c6dcccc434b,Xanh Restaurant,vietnamese_restaurant,110 Castro St,http://xanhrestaurant.com,1.0,205,2,1,1,0,1,vietnamese_restaurant,0,1,1,1,1,0,0,0,0,,0,1,2,restaurant,food_and_drink,1.0,0,,200.0,0.0,0.0,0.0,0.0,3,0,0,0,0,1,0,0,0.0,0.53098166,Closed
f1649db5-9e7c-4784-9b38-0c4dcc6eb040,Ego Blinds,furniture_store,856 W El Camino Real #B,http://egoblinds.com,1.0,163,2,1,1,0,1,furniture_store,0,1,1,1,1,0,0,1,1,,0,1,2,specialty_store,shopping,1.0,0,,429.0,0.0,0.0,1.0,0.0,3,0,0,0,0,1,0,0,0.0,0.5306206,Closed
ec7947ae-34ac-4829-9ff5-d38753c21bad,Pick Up Stix,restaurant,1037 El Monte Ave,http://www.pickupstix.com/,1.0,252,2,1,1,0,1,restaurant,0,1,1,1,1,0,0,0,0,,0,1,2,restaurant,food_and_drink,1.0,0,,200.0,0.0,0.0,1.0,0.0,3,0,0,0,0,1,0,0,0.0,0.5300653,Closed
67e19d45-0206-40dc-9109-757e42e4e24e,Sav-Mor Food Store,convenience_store,689 Calderon Ave,https://sav-mor-food-store.hub.biz,1.0,138,2,1,1,0,1,convenience_store,0,1,1,1,1,0,0,0,0,,0,1,2,convenience_store,shopping,1.0,0,,200.0,0.0,0.0,0.0,0.0,3,0,0,0,0,1,0,0,0.0,0.510391,Closed
372bc96a-8a6a-4088-af14-72c2fd1f5bc3,Fulfillment Systems,restaurant,939 W El Camino Real,,,251,2,0,1,0,1,restaurant,0,0,0,1,1,0,0,1,1,,0,1,2,restaurant,food_and_drink,,0,,,,,1.0,0.0,2,0,0,0,0,1,0,0,0.0,0.5050981,Closed
6f79a1e1-90e2-4e96-9d80-e0502c251a58,Eyebrow Station,cosmetic_and_beauty_supplies,834 W Dana St,http://www.beautysaloninmountainview.com,0.0,356,2,1,1,0,1,cosmetic_and_beauty_supplies,0,1,1,1,1,0,0,0,0,,0,1,2,specialty_store,shopping,0.0,0,,-1.0,0.0,1.0,0.0,0.0,3,0,0,0,0,1,0,0,0.0,0.4964077,Open
a197766f-3ae6-4ff2-a3fa-f1f85b892f5d,T. Castle,bubble_tea,738 Villa St,,,68,2,0,1,0,1,bubble_tea,0,0,0,1,1,0,0,1,1,,0,1,2,beverage_shop,food_and_drink,,0,,,,,0.0,0.0,2,0,0,0,0,1,0,0,0.0,0.49484125,Open
c89049e9-13c2-4c4c-9f9a-b768eab4b830,Churchill Club at Fenwick & West,venue_and_event_space,801 California St,,,286,2,0,1,0,1,venue_and_event_space,0,0,0,1,1,0,0,1,1,,0,1,2,event_space,arts_and_entertainment,,0,,,,,0.0,0.0,2,0,0,0,0,1,0,0,0.0,0.49231976,Open
05d2f804-7f71-49a6-9ef2-cdc9818f44d3,The Posh Bagel,bagel_shop,444 Castro St,http://www.theposhbagel.com,1.0,205,2,1,1,0,1,bagel_shop,0,1,1,1,1,0,0,0,0,,0,1,2,casual_eatery,food_and_drink,1.0,0,,200.0,0.0,0.0,0.0,0.0,3,0,0,0,0,1,0,0,0.0,0.48404548,Open
e9bdae28-8ee3-4b08-8af5-d27abe151573,Kirin Chinese Seafood Restaurant,chinese_restaurant,485 Castro St,http://kirin-mountainview.com,1.0,70,2,1,1,1,1,chinese_restaurant,0,1,1,1,1,1,1,1,1,,0,1,2,restaurant,food_and_drink,1.0,0,,403.0,0.0,0.0,0.0,0.0,4,0,0,0,0,1,0,0,0.0,0.47295266,Open
9e151a56-75db-475d-9fce-348f8658b03d,Alebrijes Oaxacan Kitchen,food_truck,724 Main St,https://alebrijeskitchen.com,1.0,464,2,1,1,0,1,food_truck,0,1,1,1,1,0,0,2,1,,0,1,2,casual_eatery,food_and_drink,1.0,0,,200.0,0.0,0.0,0.0,0.0,3,0,0,0,0,1,0,0,0.0,0.46183085,Open
f7757e3a-796a-4eb2-aaac-0e48bdcd900a,Gazzera O'grady & Stevens,legal_services,1134 W El Camino Real,http://www.brianogradylaw.com,1.0,240,2,1,1,0,1,legal_services,0,1,1,1,1,0,0,0,0,,0,1,2,legal_service,services_and_business,1.0,0,,200.0,0.0,0.0,1.0,0.0,3,0,0,0,0,1,0,0,0.0,0.45530576,Open
61cfe557-bf67-463c-88a1-47ccc686f890,Legal Zoom,legal_services,888 Villa St,https://www.legalzoom.com,1.0,167,2,1,1,0,1,legal_services,0,1,1,1,1,0,0,0,0,,0,1,2,legal_service,services_and_business,1.0,0,,200.0,0.0,0.0,1.0,0.0,3,0,0,0,0,1,0,0,0.0,0.45530576,Open
8fd171b8-fa4e-4ba2-9928-41a226676de7,Peninsula Law Group APLC,legal_services,800 W El Camino Real Ste 180,https://www.plg1.com,1.0,300,2,1,1,0,1,legal_services,0,1,1,1,1,0,0,0,0,,0,1,2,legal_service,services_and_business,1.0,0,,200.0,0.0,0.0,1.0,0.0,3,0,0,0,0,1,0,0,0.0,0.45530576,Open
670dcea1-3115-49e1-870f-94b6649dd0bf,Fashion Cuts and Barber Shop,hair_salon,844 W Dana St,https://fashioncutsbarbers.com,1.0,180,2,1,1,0,1,hair_salon,0,1,1,1,1,0,0,1,1,,0,1,2,hair_salon,lifestyle_services,1.0,0,,405.0,0.0,0.0,0.0,0.0,3,0,0,0,0,1,0,0,0.0,0.42824426,Open
706eb24f-48ee-4f32-9cfa-2513e1b418da,Shoreline Auto Care,automotive_repair,810 Miramonte Ave,https://shorelineautocare.com,1.0,142,2,1,1,0,1,automotive_repair,0,1,1,1,1,0,0,0,0,,0,1,2,auto_repair_service,travel_and_transportation,1.0,0,,200.0,0.0,0.0,0.0,0.0,3,0,0,0,0,1,0,0,0.0,0.36677873,Open
5ac6c2ce-9467-44d2-a72a-49f8d87e60ca,Automotive Service Center,automotive_repair,190 Calderon Ave,https://www.northstarauto.com,1.0,940,2,1,1,0,1,automotive_repair,0,1,1,1,1,0,0,0,0,,0,1,2,auto_repair_service,travel_and_transportation,1.0,0,,200.0,0.0,0.0,0.0,0.0,3,0,0,0,0,1,0,0,0.0,0.36677873,Open
1ac8f009-db79-49f1-af16-6af1d17ca9ea,TCBY,ice_cream_shop,650 Castro St,http://www.tcby.com/,1.0,713,2,1,1,1,1,ice_cream_shop,0,1,1,1,1,1,1,0,0,,0,1,2,casual_eatery,food_and_drink,1.0,0,,200.0,0.0,0.0,0.0,0.0,4,0,0,0,0,1,0,0,0.0,0.36613354,Open
80f51231-2142-4ceb-95a0-7aec6fcda4d6,Mahalo Bowl,food_truck,650 castro St. Ste 140,http://www.mahalobowl.com,0.0,205,2,1,0,0,1,food_truck,0,1,1,0,0,0,0,1,1,,0,1,2,casual_eatery,food_and_drink,0.0,0,,-1.0,0.0,1.0,0.0,0.0,2,0,0,0,0,1,0,0,0.0,0.36572132,Open
5bf530da-dba1-4156-8a41-6ffd2d75c29c,Serene Spa,spas,714 Villa St,http://www.serene-dayspa.com,1.0,325,2,1,1,0,1,spas,0,1,1,1,1,0,0,0,0,,0,1,2,spa,lifestyle_services,1.0,0,,200.0,0.0,0.0,0.0,0.0,3,0,0,0,0,1,0,0,0.0,0.35907266,Open
19e503ed-749b-4b4f-abd7-fad37439604f,Quova,venue_and_event_space,707 California St,https://www.home.neustar/security-intelligence,1.0,613,2,1,1,0,1,venue_and_event_space,0,1,1,1,1,0,0,0,0,,0,1,2,event_space,arts_and_entertainment,1.0,0,,403.0,0.0,0.0,0.0,0.0,3,0,0,0,0,1,0,0,0.0,0.33858868,Open
19d7aa7e-bd13-4d4a-a7d6-12d0b20683fd,Independent Order of Odd Fellows,social_club,206 Castro St,https://mountainviewoddfellows.org,1.0,137,2,1,1,0,1,social_club,0,1,1,1,1,0,0,2,1,,0,1,2,social_club,arts_and_entertainment,1.0,0,,200.0,0.0,0.0,0.0,0.0,3,0,0,0,0,1,0,0,0.0,0.30314532,Open
045ab57c-46da-4c71-bac1-934d8b017677,Hair By Soria,hair_salon,888 Villa St Ste 100,http://www.mytime.com/express_checkout/15340-12274,1.0,356,2,1,1,0,1,hair_salon,0,1,1,1,1,0,0,0,0,,0,1,2,hair_salon,lifestyle_services,1.0,0,,200.0,0.0,0.0,0.0,0.0,3,0,0,0,0,1,0,0,0.0,0.2873393,Open
21ee080b-4eec-4a06-8f9d-aa10e06d22c6,F8 Quickcut,hair_salon,1711A W El Camino Real,http://mictiff.com,1.0,151,2,1,1,0,1,hair_salon,0,1,1,1,1,0,0,0,0,,0,1,2,hair_salon,lifestyle_services,1.0,0,,200.0,0.0,0.0,0.0,0.0,3,0,0,0,0,1,0,0,0.0,0.2873393,Open
699b4e93-db76-419e-bbdd-ca72d6c36b10,TAQUERIA RINCON SABROSO,taco_restaurant,311 Moffett Blvd,https://www.rinconsabrosotaqueria.com/?utm_source=bing&utm_medium=websiteurl&utm_campaign=search,0.0,29,2,1,1,0,1,taco_restaurant,2,1,1,1,1,0,0,0,0,,0,1,2,restaurant,food_and_drink,0.0,0,,-1.0,0.0,1.0,0.0,0.0,3,0,0,0,1,1,0,0,0.0,0.27034774,Open
5db5ee35-a86c-4bee-92e6-c7ac12543a41,Madeby,arts_and_crafts,279 Castro St,https://www.madeby-shop.com,1.0,61,2,1,0,0,1,arts_and_crafts,0,1,1,0,0,0,0,0,0,,0,1,2,art_craft_hobby_store,shopping,1.0,0,,200.0,0.0,0.0,0.0,0.0,2,0,0,0,0,1,0,0,0.0,0.2444792,Open
cd50758d-f36c-4961-a650-0a63396cbbdc,Gold Star Gymnastics,gymnastics_center,240 S Whisman Rd,http://www.goldstargym.com,1.0,356,2,1,1,0,1,gymnastics_center,0,1,1,1,1,0,0,0,0,,0,1,2,sport_fitness_facility,sports_and_recreation,1.0,0,,200.0,0.0,0.0,0.0,0.0,3,0,0,0,0,1,0,0,0.0,0.24055892,Open
9b084747-fc7b-4d43-a56b-ba2a1171728e,Kelly's Healing Massage,massage_therapy,714 Villa St,https://kellyshealing.com,1.0,72,2,1,1,0,1,massage_therapy,0,1,1,1,1,0,0,0,0,,0,1,2,massage_therapy,health_care,1.0,0,,200.0,0.0,0.0,0.0,0.0,3,0,0,0,0,1,0,0,0.0,0.23881511,Open
49d56668-3d85-4e90-9fa3-af487d02875a,A Sequoia Emergency Water Restoration,carpet_store,1495 W El Camino Real,,,29,2,1,1,0,1,carpet_store,1,1,1,1,1,0,0,0,0,,0,1,2,specialty_store,shopping,,0,,,,,0.0,0.0,3,0,0,0,1,1,0,0,0.0,0.23872674,Open
2b40fdc9-bc63-4413-a799-31c7eb287e97,Fit for Life,gym,190 S Whisman Rd,http://fitforlifesolutions.com,1.0,202,2,1,1,1,1,gym,0,1,1,1,1,1,1,1,1,,0,1,2,gym,sports_and_recreation,1.0,0,,403.0,0.0,0.0,0.0,0.0,4,0,0,0,0,1,0,0,0.0,0.2367861,Open
701d7212-cadb-4bc6-bcb3-172c78923d7d,Opal Social Club,dance_club,251 Castro St,http://opalnightclub.com,1.0,75,2,1,1,1,1,dance_club,0,1,1,1,1,1,1,1,1,,0,1,2,dance_club,arts_and_entertainment,1.0,0,,200.0,0.0,0.0,0.0,0.0,4,0,0,0,0,1,0,0,0.0,0.22977479,Open
1a0f09fb-954f-4ebe-8934-f68933022c98,Hair & Now,hair_salon,257 Castro St Ste 112,http://www.hairandnow.com,1.0,251,2,1,1,0,1,hair_salon,0,1,1,1,1,0,0,1,1,,0,1,2,hair_salon,lifestyle_services,1.0,0,,200.0,0.0,0.0,0.0,0.0,3,0,0,0,0,1,0,0,0.0,0.22874956,Open
32d23cf1-dd39-493a-bba0-cc3e10917991,Transform Fitness Studio,gym,257 Moffett Blvd,http://transformfitnessmv.com,0.0,191,2,1,1,1,1,gym,0,1,1,1,1,1,1,2,1,,0,1,2,gym,sports_and_recreation,0.0,0,,406.0,1.0,0.0,0.0,0.0,4,0,0,0,0,1,0,0,0.0,0.20247768,Open
cb489147-26d4-4e6b-85b7-c861b996de29,Villa Rouge,furniture_store,282 Castro St,http://www.villarougestore.com,0.0,892,2,1,1,1,1,furniture_store,0,1,1,1,1,1,1,1,1,,0,1,2,specialty_store,shopping,0.0,0,,-1.0,0.0,1.0,1.0,1.0,4,0,0,0,0,1,0,0,0.0,0.19899637,Open
ef62cb62-ffaa-4390-bdbf-e4412f14c9f0,Yew Chung International School,education,199 E Middlefield Rd,http://www.ycis-sv.com,1.0,261,2,1,1,0,1,education,0,1,1,1,1,0,0,0,0,,0,1,2,place_of_learning,education,1.0,0,,200.0,0.0,0.0,0.0,0.0,3,0,0,0,0,1,0,0,0.0,0.19637318,Open
70ef9f57-6736-4c5d-be2e-18de625d466a,Monthly Comedy at Red Rock,comedy_club,,http://redrockcoffee.com,1.0,147,2,1,1,0,0,comedy_club,0,1,1,1,1,0,0,0,0,,0,0,2,comedy_club,arts_and_entertainment,1.0,0,,200.0,0.0,0.0,0.0,0.0,2,0,0,0,0,1,0,0,0.0,0.18145965,Open
14bb1a19-aeca-467d-a040-97ccdbf64259,Nick The Greek,greek_restaurant,298 Castro St,https://www.nickthegreek.com/,1.0,29,2,1,1,0,1,greek_restaurant,0,1,1,1,1,0,0,0,0,,0,1,2,restaurant,food_and_drink,1.0,1,4.652152742801578,200.0,0.0,0.0,0.0,0.0,3,0,0,0,1,1,0,0,0.0,0.17880952,Open
e7876736-c7ff-4dbf-af79-4e08e16a841b,Scratch,american_restaurant,401 Castro St,http://www.scratchmtnview.com/contact,0.0,29,2,1,1,0,1,american_restaurant,2,1,1,1,1,0,0,1,1,,0,1,2,restaurant,food_and_drink,0.0,0,,404.0,1.0,0.0,1.0,1.0,3,0,0,0,0,1,0,1,1.0,0.17729,Open
562b7a66-030e-4512-bf9a-a0b7f7021d15,Center Tailor & Alterations,gents_tailor,257 Castro St,https://center-tailor-alterations.business.site,0.0,263,2,1,1,0,1,gents_tailor,0,1,1,1,1,0,0,0,0,,0,1,2,personal_service,services_and_business,0.0,0,,404.0,1.0,0.0,0.0,0.0,3,0,0,0,0,1,0,0,0.0,0.17510903,Open
20a1ef1a-845d-416b-9e07-2f37c069c22e,Crepevine Restaurants,breakfast_and_brunch_restaurant,300 Castro St,https://crepevine.com/?y_source=1_MTQxNzg0NTctNzE1LWxvY2F0aW9uLndlYnNpdGU=,1.0,29,2,1,1,0,1,breakfast_and_brunch_restaurant,3,1,1,1,1,0,0,0,0,,0,1,2,breakfast_restaurant,food_and_drink,1.0,0,,200.0,0.0,0.0,1.0,0.0,3,0,0,0,1,1,0,0,0.0,0.16975656,Open
f1a47422-a6f2-438b-87c7-29a5d03eff57,Crepevine Restaurant,breakfast_and_brunch_restaurant,300 Castro St,http://www.crepevine.com/,1.0,29,2,1,1,0,1,breakfast_and_brunch_restaurant,3,1,1,1,1,0,0,0,0,,0,1,2,breakfast_restaurant,food_and_drink,1.0,0,,200.0,0.0,0.0,1.0,0.0,3,0,0,0,1,1,0,0,0.0,0.16975656,Open
062f5205-6c68-4f90-812d-c0c154e2da99,Crepevine Restaurants,breakfast_and_brunch_restaurant,300 Castro St,https://www.crepevine.com/location/crepe-vine-mountain-view/,1.0,29,2,1,1,0,1,breakfast_and_brunch_restaurant,3,1,1,1,1,0,0,0,0,,0,1,2,breakfast_restaurant,food_and_drink,1.0,0,,200.0,0.0,0.0,1.0,0.0,3,0,0,0,1,1,0,0,0.0,0.16975656,Open
61c3d088-3442-43ca-bb16-14b1f83f82eb,City of Flowers,flowers_and_gifts_shop,215 Moffett Blvd,http://smilewithflowers.com,1.0,85,2,1,1,1,1,flowers_and_gifts_shop,0,1,1,1,1,1,1,0,0,,0,1,2,flower_shop,shopping,1.0,0,,200.0,0.0,0.0,1.0,0.0,4,0,0,0,0,1,0,0,0.0,0.16680185,Open
493390d9-4c95-4211-9c82-61b5bfdef81f,Oakwood Hotel Mountain View,hotel,555 W Middlefield Rd,http://www.oakwood.com,1.0,202,2,1,1,1,1,hotel,0,1,1,1,1,1,1,1,1,,0,1,2,hotel,lodging,1.0,0,,403.0,0.0,0.0,0.0,0.0,4,0,0,0,0,1,0,0,0.0,0.16558377,Open
b7347b52-6f51-455a-89ce-14443041c46b,Synergy Housing,condominium,455 W Evelyn Ave,http://www.stanford.edu/group/synergy,0.0,940,2,1,1,0,1,condominium,0,1,1,1,1,0,0,0,0,,0,1,2,housing,services_and_business,0.0,0,,404.0,1.0,0.0,0.0,0.0,3,0,0,0,0,1,0,0,0.0,0.16176525,Open
25f80f2b-4811-40d3-87eb-720a469f78c8,Mountain View Art Frame Studio,arts_and_crafts,257 Castro St,http://www.artframestudio.com,1.0,63,2,1,1,1,1,arts_and_crafts,0,1,1,1,1,1,1,1,1,,0,1,2,art_craft_hobby_store,shopping,1.0,0,,200.0,0.0,0.0,0.0,0.0,4,0,0,0,0,1,0,0,0.0,0.16027626,Open
4e2388ba-fbab-464d-88e4-b759e0c19028,Best Western Tropicana Lodge,motel,1720 W El Camino Real,http://www.tropicanalodge.net,0.0,2106,2,1,1,0,1,motel,0,1,1,1,1,0,0,1,1,,0,1,2,motel,lodging,0.0,0,,-1.0,0.0,1.0,0.0,0.0,3,0,0,0,0,1,0,0,0.0,0.1563143,Open
15670c31-8cf5-4dca-ae2d-e2f0946d2ffb,Morocco's Restaurant Mountain View,middle_eastern_restaurant,873 Castro St,http://www.moroccosrestaurant.com/,0.0,29,2,1,1,0,1,middle_eastern_restaurant,3,1,1,1,1,0,0,0,0,,0,1,2,restaurant,food_and_drink,0.0,1,8.107247637814718,406.0,1.0,0.0,1.0,1.0,3,0,0,0,1,1,0,0,0.0,0.15262869,Open
69f451bc-3fe3-4bff-9ab6-69a6fe9ad5fa,Krillion,corporate_office,607A W Dana St,http://www.krillion.com,0.0,1943,2,1,1,0,1,corporate_office,0,1,1,1,1,0,0,1,1,,0,1,2,corporate_or_business_office,services_and_business,0.0,0,,-1.0,0.0,1.0,0.0,0.0,3,0,0,0,0,1,0,0,0.0,0.1496199,Open
29eb4097-b7b6-4bca-b8f9-4c2c453f7b27,Face-N-Body,beauty_salon,854 Villa St,http://www.facenbodyspa.com,0.0,205,2,1,1,1,1,beauty_salon,0,1,1,1,1,1,1,0,0,,0,1,2,beauty_salon,lifestyle_services,0.0,0,,404.0,1.0,0.0,0.0,0.0,4,0,0,0,0,1,0,0,0.0,0.14659163,Open
e8db9de9-76f6-4e57-b1f6-2ea8c8e000c2,Seasons Noodles & Dumplings Garden,restaurant,702 Villa St,https://www.seasonnoodledumplinggarden.com/?utm_source=bing&utm_medium=websiteurl&utm_campaign=search,0.0,29,2,1,1,0,1,restaurant,0,1,1,1,1,0,0,0,0,,0,1,2,restaurant,food_and_drink,0.0,0,,-1.0,0.0,1.0,1.0,1.0,3,0,0,0,1,1,0,0,0.0,0.14474346,Open
c2ca9d1e-1143-46a0-8007-ed2189fce623,Citrus Lane,corporate_office,211 S Whisman Rd Ste B,http://www.citruslane.com,1.0,701,2,1,1,0,1,corporate_office,0,1,1,1,1,0,0,1,1,,0,1,2,corporate_or_business_office,services_and_business,1.0,0,,200.0,0.0,0.0,0.0,0.0,3,0,0,0,0,1,0,0,0.0,0.14270185,Open
7347b0e1-2e57-4bce-acf7-01cac32af51d,Atlassian,corporate_office,321 E Evelyn Ave,http://www.atlassian.com,1.0,108,2,1,1,0,1,corporate_office,0,1,1,1,1,0,0,1,1,,0,1,2,corporate_or_business_office,services_and_business,1.0,0,,200.0,0.0,0.0,0.0,0.0,3,0,0,0,0,1,0,0,0.0,0.14270185,Open
b6ca6e20-e781-4016-9fca-1dfa7efd263b,Sunshine Garden Apartments,condominium,132 W Dana St,http://www.btproperties.com,1.0,87,2,1,1,0,1,condominium,0,1,1,1,1,0,0,0,0,,0,1,2,housing,services_and_business,1.0,0,,200.0,0.0,0.0,0.0,0.0,3,0,0,0,0,1,0,0,0.0,0.14053206,Open
627a374d-b0f9-4cd5-8d72-17a5cca6b41a,Chiquita Garden Apartments,condominium,280 Chiquita Ave,http://chiquita.com,1.0,939,2,1,1,0,1,condominium,0,1,1,1,1,0,0,0,0,,0,1,2,housing,services_and_business,1.0,0,,200.0,0.0,0.0,0.0,0.0,3,0,0,0,0,1,0,0,0.0,0.14053206,Open
3bc11f4b-7101-49e8-8015-1266a57f9c37,The Regency at Mountain View,condominium,333 Escuela Ave,https://www.essexapartmenthomes.com/apartments/mountain-view/regency-at-mountain-view,1.0,236,2,1,1,0,1,condominium,0,1,1,1,1,0,0,0,0,,0,1,2,housing,services_and_business,1.0,0,,200.0,0.0,0.0,0.0,0.0,3,0,0,0,0,1,0,0,0.0,0.14053206,Open
04926e27-f75f-4091-981b-dccf3fef84be,QBB,american_restaurant,216 Castro St,http://www.eatqbb.com/,0.0,29,2,1,1,0,1,american_restaurant,2,1,1,1,1,0,0,1,1,,0,1,2,restaurant,food_and_drink,0.0,0,,-1.0,0.0,1.0,1.0,1.0,3,0,0,0,0,1,0,1,1.0,0.13543728,Open
9d775c39-6e02-4d14-bba8-73b43f191f1b,Le Petit Bistro,french_restaurant,1405 W El Camino Real,http://www.lepetitbistro.biz/,1.0,29,2,1,1,0,1,french_restaurant,2,1,1,1,1,0,0,1,1,,0,1,2,restaurant,food_and_drink,1.0,0,,403.0,0.0,0.0,0.0,0.0,3,0,0,0,0,1,0,1,0.0,0.13376759,Open
48c945ee-ab4e-4851-bb91-25de69c707c3,The Exchange Network,atms,1041 El Monte Ave,https://www.theexchangenetwork.ca,1.0,296,2,1,0,0,1,atms,0,1,1,0,0,0,0,0,0,,0,1,2,atm,services_and_business,1.0,0,,200.0,0.0,0.0,0.0,0.0,2,0,0,0,0,1,0,0,0.0,0.12970322,Open
c0215ba3-d951-40c1-9384-0aeef61535cb,Four Connections Om/ Carol Chen Clinic,acupuncture,341 Castro St Ste D,http://fourconnectionsacupuncture.com,1.0,252,2,1,1,0,1,acupuncture,0,1,1,1,1,0,0,0,0,,0,1,2,alternative_medicine,health_care,1.0,0,,200.0,0.0,0.0,0.0,0.0,3,0,0,0,0,1,0,0,0.0,0.12894702,Open
3bb90b85-36c4-4cdf-a8de-95ab89f0feda,Randy Chang - State Farm Insurance Agent,insurance_agency,"2083 Old Middlefield Way, Ste 206",http://www.randychang.com,1.0,163,2,1,1,1,1,insurance_agency,0,1,1,1,1,1,1,2,1,,0,1,2,insurance_agency,services_and_business,1.0,0,,200.0,0.0,0.0,0.0,0.0,4,0,0,0,0,1,0,0,0.0,0.1269266,Open
6f2b8502-dd5e-499f-8470-d99a1f9bac6d,Mountain View Lock & Key,key_and_locksmith,161 W Evelyn Ave,http://mvlock.com,0.0,598,2,1,1,0,1,key_and_locksmith,0,1,1,1,1,0,0,0,0,,0,1,2,locksmith_service,services_and_business,0.0,0,,406.0,1.0,0.0,0.0,0.0,3,0,0,0,0,1,0,0,0.0,0.12468811,Open
a72c5aad-e899-472e-8350-f581e62a28de,Tjl,business_consulting,505 Cypress Point Dr Unit 291,http://tjlinc.net,0.0,219,2,1,1,0,1,business_consulting,0,1,1,1,1,0,0,0,0,,0,1,2,b2b_service,services_and_business,0.0,0,,-1.0,0.0,1.0,0.0,0.0,3,0,0,0,0,1,0,0,0.0,0.1219986,Open
fdcfd091-8e1d-4591-860c-d30cb374a523,Austin's,caterer,1616 W El Camino Real,http://www.austinsbbq.com,0.0,251,2,1,1,1,1,caterer,0,1,1,1,1,1,1,0,0,,0,1,2,catering_service,services_and_business,0.0,0,,-1.0,0.0,1.0,0.0,0.0,4,0,0,0,0,1,0,0,0.0,0.11412662,Open
7f7b0ab6-5fb0-4847-837a-102cf7e951f1,Performance European,automotive_repair,151 E Evelyn Ave Ste K,http://httpperformanceeuropean.com,0.0,210,2,1,1,1,1,automotive_repair,0,1,1,1,1,1,1,0,0,,0,1,2,auto_repair_service,travel_and_transportation,0.0,0,,-1.0,0.0,1.0,0.0,0.0,4,0,0,0,0,1,0,0,0.0,0.1120917,Open
6d787ce1-ac92-49a7-9d86-ed0327e70807,Smog It Test Center,automotive_repair,117 E Evelyn Ave,http://testonlysmog.net,0.0,119,2,1,1,1,1,automotive_repair,0,1,1,1,1,1,1,0,0,,0,1,2,auto_repair_service,travel_and_transportation,0.0,0,,-1.0,0.0,1.0,0.0,0.0,4,0,0,0,0,1,0,0,0.0,0.1120917,Open
a3f85111-1f39-47e1-9731-121ee0e30b39,Open Source Robotics Foundation,corporate_office,170 S Whisman Rd,https://www.openrobotics.org,1.0,764,2,1,1,0,1,corporate_office,0,1,1,1,1,0,0,0,0,,0,1,2,corporate_or_business_office,services_and_business,1.0,0,,200.0,0.0,0.0,0.0,0.0,3,0,0,0,0,1,0,0,0.0,0.11131541,Open
dd75db23-8ec6-4a61-a8c8-56ed2681322f,Loop Commerce,corporate_office,150 W Evelyn Ave,http://www.giftnow.com,1.0,219,2,1,1,0,1,corporate_office,0,1,1,1,1,0,0,0,0,,0,1,2,corporate_or_business_office,services_and_business,1.0,0,,200.0,0.0,0.0,0.0,0.0,3,0,0,0,0,1,0,0,0.0,0.11131541,Open
78d91eb2-45d9-4555-b780-194f9e5b25ff,Amici's East Coast Pizzeria,pizza_restaurant,790 Castro St,https://www.amicis.com/location_details.asp?id=4&d=Mountain%20View;,1.0,29,2,1,1,0,1,pizza_restaurant,1,1,1,1,1,0,0,0,0,,0,1,2,pizzaria,food_and_drink,1.0,0,,200.0,0.0,0.0,1.0,0.0,3,0,0,0,1,1,0,0,0.0,0.10958258,Open
a53fe019-1997-42c9-8f05-49530f2777ed,TheatreWorks,performing_arts,500 Castro St,http://www.theatreworks.org,1.0,160,2,1,1,0,1,performing_arts,0,1,1,1,1,0,0,0,0,,0,1,2,performing_arts_venue,arts_and_entertainment,1.0,0,,200.0,0.0,0.0,0.0,0.0,3,0,0,0,0,1,0,0,0.0,0.107626244,Open
1e3b480a-80e6-4f15-8c4b-d5246b417559,Zume Pizza,corporate_office,250 Polaris Ave,https://locations.zumepizza.com/zume-pizza-mountain-view-3117056fad0b,0.0,2120,2,1,1,1,1,corporate_office,0,1,1,1,1,1,1,2,1,,0,1,2,corporate_or_business_office,services_and_business,0.0,0,,-1.0,0.0,1.0,0.0,0.0,4,0,0,0,0,1,0,0,0.0,0.105673864,Open
c2d59adc-a9ab-4a3c-ae48-de7db33504eb,Restart HVAC,hvac_services,555 W Middlefield Rd Apt P106,https://restarthvac.com,0.0,512,2,1,1,0,1,hvac_services,0,1,1,1,1,0,0,0,0,,0,1,2,hvac_service,services_and_business,0.0,0,,406.0,1.0,0.0,0.0,0.0,3,0,0,0,0,1,0,0,0.0,0.10437946,Open
562cc2f7-2db0-428a-a83e-ce85f8a0ff6d,Ralph Gracie Jiu-Jitsu Academy,martial_arts_club,2801 El Camino Real,https://www.ralphgraciesc.com,1.0,348,2,1,1,1,1,martial_arts_club,0,1,1,1,1,1,1,0,0,,0,1,2,martial_arts_club,sports_and_recreation,1.0,0,,200.0,0.0,0.0,0.0,0.0,4,0,0,0,0,1,0,0,0.0,0.099497795,Open
f7852982-0d98-4834-b370-0b585ff5aeae,Auto Headquarters,automotive_repair,230 Villa St,http://www.autoheadquarter.com,1.0,163,2,1,1,1,1,automotive_repair,0,1,1,1,1,1,1,0,0,,0,1,2,auto_repair_service,travel_and_transportation,1.0,0,,200.0,0.0,0.0,0.0,0.0,4,0,0,0,0,1,0,0,0.0,0.0994315,Open
2bf4071f-721e-45e9-acc5-c56e362fad99,Mountain View Auto Repair & Smog,automotive_repair,845 W El Camino Real,https://www.mountainviewautorepair.biz,1.0,189,2,1,1,1,1,automotive_repair,0,1,1,1,1,1,1,0,0,,0,1,2,auto_repair_service,travel_and_transportation,1.0,0,,200.0,0.0,0.0,0.0,0.0,4,0,0,0,0,1,0,0,0.0,0.0994315,Open
0c1ec472-cbf8-44b0-824e-f6a15964842b,Advanced Auto Collision Center,automotive_repair,83A Pioneer Way,http://www.aaccmv.com,1.0,163,2,1,1,1,1,automotive_repair,0,1,1,1,1,1,1,0,0,,0,1,2,auto_repair_service,travel_and_transportation,1.0,0,,200.0,0.0,0.0,0.0,0.0,4,0,0,0,0,1,0,0,0.0,0.0994315,Open
5e915c06-aa40-4c68-a7d1-c978ac449ef0,New Mongolian BBQ,barbecue_restaurant,304 Castro St,http://newmongolianbbq.com,1.0,29,2,1,1,0,1,barbecue_restaurant,2,1,1,1,1,0,0,1,1,,0,1,2,restaurant,food_and_drink,1.0,1,14.102630949569383,405.0,0.0,0.0,0.0,0.0,3,0,0,0,0,1,0,1,0.0,0.09887582,Open
1e89b559-9f93-4f03-ac10-ea60442a936a,Farming With Nature,forestry_service,211 Hope St # 955,http://www.farmingwithnature.com,1.0,202,2,1,1,0,1,forestry_service,0,1,1,1,1,0,0,0,0,,0,1,2,b2b_service,services_and_business,1.0,0,,405.0,0.0,0.0,0.0,0.0,3,0,0,0,0,1,0,0,0.0,0.09745419,Open
7010da5a-f93c-4d6b-b28f-206ade54265e,Starbucks,coffee_shop,1037-C El Monte Ave,https://www.starbucks.com/store-locator/store/8806/,1.0,29,2,1,1,0,1,coffee_shop,1,1,1,1,1,0,0,0,0,,0,1,2,coffee_shop,food_and_drink,1.0,0,,200.0,0.0,0.0,0.0,0.0,3,0,0,0,1,1,0,0,0.0,0.09717273,Open
7c601e79-8e0d-4424-86e1-668aee3e44c6,Paris Baguette,coffee_shop,315 Castro St,https://parisbaguette.com/locations/ca/mountain-view/315-castro-street/,1.0,29,2,1,1,0,1,coffee_shop,1,1,1,1,1,0,0,0,0,,0,1,2,coffee_shop,food_and_drink,1.0,0,,200.0,0.0,0.0,0.0,0.0,3,0,0,0,1,1,0,0,0.0,0.09717273,Open
b281097a-3a3d-40f1-9fc0-11450b3c8d4f,La Fontaine Restaurant,french_restaurant,186 Castro St,http://www.lafontainerestaurant.com,1.0,29,2,1,1,0,1,french_restaurant,2,1,1,1,1,0,0,1,1,,0,1,2,restaurant,food_and_drink,1.0,0,,200.0,0.0,0.0,0.0,0.0,3,0,0,0,0,1,0,1,0.0,0.09540972,Open
8f8b6930-e41e-4976-b49d-3c7511310829,Chez TJ,french_restaurant,938 Villa St,http://www.cheztj.com/,1.0,29,2,1,1,0,1,french_restaurant,2,1,1,1,1,0,0,1,1,,0,1,2,restaurant,food_and_drink,1.0,0,,200.0,0.0,0.0,0.0,0.0,3,0,0,0,0,1,0,1,0.0,0.09540972,Open
31e3a803-893c-486d-a948-8d32954b90f9,WSO2,corporate_office,787 Castro St,https://wso2.com,1.0,205,2,1,0,0,1,corporate_office,0,1,1,0,0,0,0,1,1,,0,1,2,corporate_or_business_office,services_and_business,1.0,0,,403.0,0.0,0.0,0.0,0.0,2,0,0,0,0,1,0,0,0.0,0.094912976,Open
1ea71822-4be3-4833-a539-7e7bf08319b7,Jersey Mike's Subs,fast_food_restaurant,RELOCATING,https://www.jerseymikes.com/20115/mountain-view-ca,1.0,29,2,1,1,0,1,fast_food_restaurant,3,1,1,1,1,0,0,0,0,,0,1,2,fast_food_restaurant,food_and_drink,1.0,0,,200.0,0.0,0.0,1.0,0.0,3,0,0,0,1,1,0,0,0.0,0.09412967,Open
932b89e6-c3a8-47a2-9e1e-f170b25f5086,rugcenter,carpet_store,1495 W El Camino Real,https://www.rugcenter.com/,1.0,29,2,1,1,0,1,carpet_store,1,1,1,1,1,0,0,0,0,,0,1,2,specialty_store,shopping,1.0,0,,200.0,0.0,0.0,0.0,0.0,3,0,0,0,1,1,0,0,0.0,0.09160654,Open
cc3ddc92-0440-4bfe-950b-ba22786c75e6,Iteration Software,it_service_and_computer_repair,650 Castro St Ste 250,http://www.moxiesoft.com,1.0,357,2,1,1,0,1,it_service_and_computer_repair,0,1,1,1,1,0,0,0,0,,0,1,2,technical_service,services_and_business,1.0,0,,200.0,0.0,0.0,0.0,0.0,3,0,0,0,0,1,0,0,0.0,0.08943392,Open
c9a78593-0c96-4e98-92d1-9cdbc4005573,Rentals Estate Services,property_management,662 Mariposa Ave Apt 2,http://www.rentalsestateservices.com,0.0,202,2,1,1,0,1,property_management,0,1,1,1,1,0,0,0,0,,0,1,2,property_management_service,services_and_business,0.0,0,,-1.0,0.0,1.0,0.0,0.0,3,0,0,0,0,1,0,0,0.0,0.08910229,Open
1a71277e-f314-4535-a50d-d3dfe367cf83,Protonshub Technologies,business,"800 W El Camino Real Suite 180, Mountain View, CA 94040, United States",https://www.protonshub.com,1.0,160,2,1,1,0,1,business,0,1,1,1,1,0,0,1,1,,0,1,2,business_location,services_and_business,1.0,0,,200.0,0.0,0.0,0.0,0.0,3,0,0,0,0,1,0,0,0.0,0.078564174,Open
bb3a7540-e915-486f-9de9-62894ef79002,Mountain View Los Altos Adult Ed,education,333 Moffett Blvd,http://www.mvlaae.net,1.0,62,2,1,1,1,1,education,0,1,1,1,1,1,1,0,0,,0,1,2,place_of_learning,education,1.0,0,,200.0,0.0,0.0,0.0,0.0,4,0,0,0,0,1,0,0,0.0,0.07800174,Open
c9726554-ee96-483e-8bed-d114ae323eab,KiwiCo Pop-Up Shop,toy_store,285 Castro St,https://www.kiwico.com/pop-up-shop,1.0,29,2,1,1,0,1,toy_store,1,1,1,1,1,0,0,0,0,,0,1,2,toy_store,shopping,1.0,0,,200.0,0.0,0.0,0.0,0.0,3,0,0,0,1,1,0,0,0.0,0.07624785,Open
7a7171b8-39ce-46e0-8d28-6b7ac7187d1e,Cumulus Networks,corporate_office,185 E Dana St,http://www.cumulusnetworks.com,1.0,205,2,1,0,0,1,corporate_office,0,1,1,0,0,0,0,0,0,,0,1,2,corporate_or_business_office,services_and_business,1.0,0,,200.0,0.0,0.0,0.0,0.0,2,0,0,0,0,1,0,0,0.0,0.07583279,Open
a556a112-a4ae-400d-bda4-205400078e84,Frankie Johnnie & Luigi Too!,pizza_restaurant,939 W El Camino Real,http://www.frankiejohnnieluigitoo.com/,0.0,29,2,1,1,0,1,pizza_restaurant,1,1,1,1,1,0,0,0,0,,0,1,2,pizzaria,food_and_drink,0.0,0,,500.0,0.0,0.0,1.0,1.0,3,0,0,0,1,1,0,0,0.0,0.069609016,Open
8247a6b6-505f-4437-9aac-f04cca6a1cfa,Gluten Free Pizza Garden (Mountain View),restaurant,790 Castro St,https://mountainview.glutenfreepizzagarden.com/?utm_source=bing&utm_medium=websiteurl&utm_campaign=search,1.0,29,2,1,1,0,1,restaurant,0,1,1,1,1,0,0,0,0,,0,1,2,restaurant,food_and_drink,1.0,0,,200.0,0.0,0.0,1.0,0.0,3,0,0,0,1,1,0,0,0.0,0.06915571,Open
856c2fc5-3f71-4f3a-ac13-b0073786ae32,Curry Up Now,restaurant,1711 W El Camino Real,https://www.curryupnow.com/,1.0,29,2,1,1,0,1,restaurant,0,1,1,1,1,0,0,0,0,,0,1,2,restaurant,food_and_drink,1.0,0,,200.0,0.0,0.0,1.0,0.0,3,0,0,0,1,1,0,0,0.0,0.06915571,Open
fcfd9647-c66b-4cbc-b92a-ae8c2a049042,Mercedes Service of Mountain View,automotive_repair,117 E Evelyn Ave,http://www.mercedesserviceofmtview.com,1.0,507,2,1,1,1,1,automotive_repair,0,1,1,1,1,1,1,1,1,,0,1,2,auto_repair_service,travel_and_transportation,1.0,0,,200.0,0.0,0.0,0.0,0.0,4,0,0,0,0,1,0,0,0.0,0.066450596,Open
0c356138-3efe-4b2b-9bab-d264c6133d64,Pharmacy | Kaiser Permanente Mountain View Medical Offices,pharmacy,555 Castro St,https://thrive.kaiserpermanente.org/care-near-you/northern-california/santaclara/departments/pharmacy/,1.0,29,2,1,1,0,1,pharmacy,2,1,1,1,1,0,0,0,0,,0,1,2,pharmacy,shopping,1.0,0,,200.0,0.0,0.0,1.0,0.0,3,0,0,0,1,1,0,0,0.0,0.06487718,Open
eff449af-773b-4314-9fee-e2a6b7b90de1,Vivus,corporate_office,351 E Evelyn Ave,http://www.vivus.com,1.0,461,2,1,1,1,1,corporate_office,0,1,1,1,1,1,1,0,0,,0,1,2,corporate_or_business_office,services_and_business,1.0,0,,200.0,0.0,0.0,0.0,0.0,4,0,0,0,0,1,0,0,0.0,0.063465685,Open
7b2e5c91-2123-4ae8-ae1c-d4502b88a9e2,Savi Technology,corporate_office,351 E Evelyn Ave,http://www.savi.com,1.0,357,2,1,1,1,1,corporate_office,0,1,1,1,1,1,1,0,0,,0,1,2,corporate_or_business_office,services_and_business,1.0,0,,200.0,0.0,0.0,0.0,0.0,4,0,0,0,0,1,0,0,0.0,0.063465685,Open
da5a208f-6cf9-463a-ab44-65337a1aa184,STL Optometry,optometrist,1580 W El Camino Real Ste 6,http://www.stloptometry.com,1.0,205,2,1,1,0,1,optometrist,0,1,1,1,1,0,0,0,0,,0,1,2,eye_care,health_care,1.0,0,,200.0,0.0,0.0,0.0,0.0,3,0,0,0,0,1,0,0,0.0,0.062665,Open
5467c37e-b0cc-477e-ab38-b275ce3c1aa2,OPAL Venue & Event Space,event_technology_service,251 Castro St,http://www.opalsiliconvalley.com,1.0,205,2,1,1,1,1,event_technology_service,0,1,1,1,1,1,1,0,0,,0,1,2,event_or_party_service,services_and_business,1.0,0,,200.0,0.0,0.0,0.0,0.0,4,0,0,0,0,1,0,0,0.0,0.06134747,Open
5f98a3f9-d76f-49df-bcce-b88391e4c48b,MPG Auto Service,automotive_repair,181 W Evelyn Ave,,,113,2,0,1,1,1,automotive_repair,0,0,0,1,1,1,1,1,1,,0,1,2,auto_repair_service,travel_and_transportation,,0,,,,,0.0,0.0,3,0,0,0,0,1,0,0,0.0,0.061134387,Open
90822328-a4ec-42f2-97fa-fcb917e18e35,Bank of America,banks,444 Castro St,http://www.bankofamerica.com,1.0,64,2,1,1,1,1,banks,0,1,1,1,1,1,1,1,1,,0,1,2,bank,services_and_business,1.0,0,,200.0,0.0,0.0,0.0,0.0,4,0,0,0,0,1,0,0,0.0,0.06008086,Open
7ed2c4f3-2e4a-42ad-a8ec-39de6cc08e70,Giorgio's Italian Grill & Pizzeria,italian_restaurant,939 W El Camino Real,https://www.giorgiositalianfood.com/mountain-view,1.0,29,2,1,1,0,1,italian_restaurant,2,1,1,1,1,0,0,1,1,,0,1,2,restaurant,food_and_drink,1.0,0,,403.0,0.0,0.0,0.0,0.0,3,0,0,0,0,1,0,1,0.0,0.059718072,Open
c439ad30-6bb6-4e64-9d43-bfa4e72cc320,Monte Carlo Restaurant and Bar,dance_club,228 Castro St,http://www.montecarloniteclub.com/,0.0,29,2,1,1,0,1,dance_club,2,1,1,1,1,0,0,1,1,,0,1,2,dance_club,arts_and_entertainment,0.0,1,14.017025025687031,406.0,1.0,0.0,0.0,0.0,3,0,0,0,0,1,0,1,1.0,0.058854286,Open
d4d2b0c0-5b0e-4f48-a664-858c2de6be22,Doppio Zero Mountain View,italian_restaurant,160 Castro St,https://www.dzpizzeria.com/mountain-view,0.0,29,2,1,1,0,1,italian_restaurant,2,1,1,1,1,0,0,1,1,,0,1,2,restaurant,food_and_drink,0.0,0,,-1.0,0.0,1.0,0.0,0.0,3,0,0,0,0,1,0,1,1.0,0.058531128,Open
4fe84f8e-4145-46d3-aaf2-a92bb9d4ed76,Mozilla Corporation,it_service_and_computer_repair,331 E Evelyn Ave,http://www.mozilla.org,1.0,347,2,1,1,1,1,it_service_and_computer_repair,0,1,1,1,1,1,1,1,1,,0,1,2,technical_service,services_and_business,1.0,0,,200.0,0.0,0.0,0.0,0.0,4,0,0,0,0,1,0,0,0.0,0.057674885,Open
dc58311b-0c3e-4bcb-ba7c-9b9a58b62745,Mervyn's Lounge & Restaurant,sushi_restaurant,236 Castro St,http://www.yelp.com/biz/mervyns-lounge-mountain-view,1.0,29,2,1,1,0,1,sushi_restaurant,2,1,1,1,1,0,0,1,1,,0,1,2,restaurant,food_and_drink,1.0,1,5.287767141280219,403.0,0.0,0.0,0.0,0.0,3,0,0,0,0,1,0,1,0.0,0.05712266,Open
5ae19f1d-374c-4e8c-b66f-65c6e7eba69f,Vida Tapas Y Cocteles,tapas_bar,110 Castro St,http://www.vidatapasmv.com/,0.0,29,2,1,1,0,1,tapas_bar,2,1,1,1,1,0,0,1,1,,0,1,2,casual_eatery,food_and_drink,0.0,0,,-1.0,0.0,1.0,0.0,0.0,3,0,0,0,0,1,0,1,1.0,0.05604794,Open
54a032df-61a6-41fe-85dc-8fd440bcab42,Cost Cutters,hair_salon,1039 El Monte Ave,,,251,2,0,1,1,1,hair_salon,0,0,0,1,1,1,1,1,1,,0,1,2,hair_salon,lifestyle_services,,0,,,,,0.0,0.0,3,0,0,0,0,1,0,0,0.0,0.053682543,Open
51bf132c-f13b-468d-9032-80845049fe13,Mountain View City Hall,town_hall,500 Castro St,http://www.ci.mtnview.ca.us,1.0,88,2,1,1,1,1,town_hall,0,1,1,1,1,1,1,0,0,,0,1,2,government_office,community_and_government,1.0,0,,403.0,0.0,0.0,0.0,0.0,4,0,0,0,0,1,0,0,0.0,0.052259717,Open
fee300ca-b84d-4b66-8d97-e33b6c15c88a,The Rug Center,flooring_contractors,1495 W El Camino Real Ste B,http://www.rugcenter.com,1.0,202,2,1,1,1,1,flooring_contractors,0,1,1,1,1,1,1,0,0,,0,1,2,building_contractor_service,services_and_business,1.0,0,,200.0,0.0,0.0,0.0,0.0,4,0,0,0,0,1,0,0,0.0,0.051291753,Open
b1b87d70-431e-43ad-a2e4-2fcf8b4bdec2,Integrative Bioinformatics,professional_services,346 Paul Ave,http://www.integrativebioinformatics.com,1.0,357,2,1,1,0,1,professional_services,0,1,1,1,1,0,0,0,0,,0,1,2,service_location,services_and_business,1.0,0,,200.0,0.0,0.0,0.0,0.0,3,0,0,0,0,1,0,0,0.0,0.05112158,Open
da7a2a7d-ea78-49d2-b69e-86ae431db8e8,Woman Good Health Kirby Tran MD,doctor,2495 Hospital Dr Ste 505,https://www.whcsiliconvalley.net,1.0,295,2,1,1,0,1,doctor,0,1,1,1,1,0,0,0,0,,0,1,2,doctors_office,health_care,1.0,0,,200.0,0.0,0.0,0.0,0.0,3,0,0,0,0,1,0,0,0.0,0.0497648,Open
3cf5bc83-4bf1-45c9-b22d-40877446d675,"Ronnie Falcao, LM, MS, CPM",doctor,286 Vincent Dr,http://www.gentlebirth.org/ronnie,1.0,940,2,1,1,0,1,doctor,0,1,1,1,1,0,0,0,0,,0,1,2,doctors_office,health_care,1.0,0,,200.0,0.0,0.0,0.0,0.0,3,0,0,0,0,1,0,0,0.0,0.0497648,Open
33f80ae4-e8e0-4923-8cf6-8f4c5b5abc46,Eddy's Shooting Sports,gun_and_ammo,400 Moffett Blvd,http://www.eddysguns.com/,1.0,29,2,1,1,0,1,gun_and_ammo,2,1,1,1,1,0,0,1,1,,0,1,2,specialty_store,shopping,1.0,1,5.784386016827876,200.0,0.0,0.0,0.0,0.0,3,0,0,0,0,1,0,1,0.0,0.04931998,Open
774c8d77-94d6-4c35-b964-3f6632211a56,"Frankie, Johnnie & Luigi Too",italian_restaurant,939 W El Camino Real,http://www.frankiejohnnieluigitoo.com,0.0,29,2,1,1,0,1,italian_restaurant,2,1,1,1,1,0,0,1,1,,0,1,2,restaurant,food_and_drink,0.0,0,,500.0,0.0,0.0,0.0,0.0,3,0,0,0,0,1,0,1,1.0,0.049142398,Open
45fbaf6f-917c-4409-ba2b-b9e5d9bf1751,Rumble Fish Japanese Restaurant,japanese_restaurant,357 Castro St,https://www.rumblefishmv.com/,1.0,29,2,1,1,0,1,japanese_restaurant,2,1,1,1,1,0,0,1,1,,0,1,2,restaurant,food_and_drink,1.0,0,,405.0,0.0,0.0,0.0,0.0,3,0,0,0,0,1,0,1,0.0,0.048979707,Open
6242d9a9-f873-443d-b866-e66138dd864a,Cafe Baklava,cafe,341 Castro St,http://cafebaklava.com/,1.0,29,2,1,1,0,1,cafe,2,1,1,1,1,0,0,1,1,,0,1,2,cafe,food_and_drink,1.0,1,16.76268599756605,403.0,0.0,0.0,0.0,0.0,3,0,0,0,0,1,0,1,0.0,0.048858676,Open
1c009dc7-ebc9-4499-902d-18435cbf6a61,BCCI Construction Company,building_supply_store,150 E Dana St,http://www.bcciconst.com,1.0,293,2,1,1,1,1,building_supply_store,0,1,1,1,1,1,1,1,1,,0,1,2,specialty_store,shopping,1.0,0,,200.0,0.0,0.0,0.0,0.0,4,0,0,0,0,1,0,0,0.0,0.04781526,Open
5f11b618-b7d4-4914-8a78-0387b82abcda,US Post Office,post_office,211 Hope St,https://tools.usps.com/find-location.htm?location=1440608,1.0,63,2,1,1,0,1,post_office,0,1,1,1,1,0,0,3,1,,0,1,2,post_office,community_and_government,1.0,0,,200.0,0.0,0.0,0.0,0.0,3,0,0,0,0,1,0,0,0.0,0.047668308,Open
226ad18c-d4b8-4962-8a43-5d828171aacb,El Paso Cafe,mexican_restaurant,1407 W El Camino Real,http://www.elpasocafe.com/,1.0,29,2,1,1,0,1,mexican_restaurant,2,1,1,1,1,0,0,1,1,,0,1,2,restaurant,food_and_drink,1.0,0,,405.0,0.0,0.0,1.0,0.0,3,0,0,0,0,1,0,1,0.0,0.04637753,Open
40d35589-651a-4d70-b135-fa833f921a8c,Kween's,ice_cream_shop,292 Castro St,https://realkweensicecreammountainview.com/,1.0,29,2,1,1,0,1,ice_cream_shop,0,1,1,1,1,0,0,1,1,,0,1,2,casual_eatery,food_and_drink,1.0,1,8.503682257718625,200.0,0.0,0.0,0.0,0.0,3,0,0,0,0,1,0,1,0.0,0.045713704,Open
88a90310-295a-400c-8db7-2ec1f818dd0f,Bay Biryanis,indian_restaurant,698 W Dana St,http://www.baybiryanis.com,0.0,29,2,1,1,0,1,indian_restaurant,2,1,1,1,1,0,0,1,1,,0,1,2,restaurant,food_and_drink,0.0,0,,404.0,1.0,0.0,0.0,0.0,3,0,0,0,0,1,0,1,1.0,0.045679644,Open
e91510e8-03e1-4851-8cad-69e436dca289,Techmave Software,information_technology_company,50 E Middlefield Rd Apt 4,https://techmavesoftware.com,1.0,509,2,1,1,0,1,information_technology_company,0,1,1,1,1,0,0,0,0,,0,1,2,information_technology_service,services_and_business,1.0,0,,200.0,0.0,0.0,0.0,0.0,3,0,0,0,0,1,0,0,0.0,0.045611415,Open
8cf0ae08-0b8b-437b-b60a-45e4df2286d6,Workato,information_technology_company,215 Castro St,https://www.workato.com,1.0,219,2,1,1,0,1,information_technology_company,0,1,1,1,1,0,0,0,0,,0,1,2,information_technology_service,services_and_business,1.0,0,,200.0,0.0,0.0,0.0,0.0,3,0,0,0,0,1,0,0,0.0,0.045611415,Open
97f37684-72fc-478e-ae20-1f7599ae15e2,Tommy Thai,thai_restaurant,1482 W El Camino Real,http://www.tommy-thai.com/,0.0,29,2,1,1,0,1,thai_restaurant,2,1,1,1,1,0,0,1,1,,0,1,2,restaurant,food_and_drink,0.0,0,,-1.0,0.0,1.0,1.0,1.0,3,0,0,0,0,1,0,1,1.0,0.04548248,Open
20bf582e-02e8-46ae-9d16-05d6b8ba3eca,Ristorante Don Giovanni,italian_restaurant,235 Castro St,http://www.dongiovannis.com/,1.0,29,2,1,1,0,1,italian_restaurant,2,1,1,1,1,0,0,1,1,,0,1,2,restaurant,food_and_drink,1.0,0,,200.0,0.0,0.0,0.0,0.0,3,0,0,0,0,1,0,1,0.0,0.04511254,Open
a3d4e5c0-1e69-4891-8eaa-225afe5f332a,Vaso Azzurro Ristorante,italian_restaurant,108 Castro St,http://www.vasoazzurro.com/,1.0,29,2,1,1,0,1,italian_restaurant,2,1,1,1,1,0,0,1,1,,0,1,2,restaurant,food_and_drink,1.0,0,,200.0,0.0,0.0,0.0,0.0,3,0,0,0,0,1,0,1,0.0,0.04511254,Open
13fa9adb-7f4f-4f98-a0f8-6b80e9827020,KFC,chicken_restaurant,696 West El Camino Real,https://locations.kfc.com/ca/mountain-view/696-west-el-camino-real,0.0,29,2,1,1,0,1,chicken_restaurant,4,1,1,1,1,0,0,0,0,,0,1,2,chicken_restaurant,food_and_drink,0.0,0,,404.0,1.0,0.0,1.0,1.0,3,0,0,0,1,1,0,0,0.0,0.044610012,Open
f5187e8d-0794-4260-a56f-57ca0d390cf0,Eureka,american_restaurant,191 Castro St,http://eurekarestaurantgroup.com/blog/locations/mountain-view/,1.0,29,2,1,1,0,1,american_restaurant,2,1,1,1,1,0,0,1,1,Eureka,1,1,2,restaurant,food_and_drink,1.0,0,,200.0,0.0,0.0,1.0,0.0,3,0,0,0,0,1,0,1,0.0,0.04286811,Open
2784946a-7636-4616-8349-6f8c50129010,Eagle Park Pool,swimming_pool,Eagle Park,http://mountainview.gov/depts/cs/rec/aquatics/lochour.asp,1.0,202,2,1,1,0,1,swimming_pool,0,1,1,1,1,0,0,1,1,,0,1,2,swimming_pool,sports_and_recreation,1.0,0,,403.0,0.0,0.0,0.0,0.0,3,0,0,0,0,1,0,0,0.0,0.042586636,Open
fc1f3f11-5b75-4cc0-9419-cc0e5eee0ed0,Teaspoon,tea_room,236 Castro St,http://www.teaspoonfun.com/,1.0,29,2,1,1,0,1,tea_room,2,1,1,1,1,0,0,1,1,Teaspoon,1,1,2,beverage_shop,food_and_drink,1.0,1,7.291362124140018,200.0,0.0,0.0,0.0,0.0,3,1,0,0,0,1,0,1,0.0,0.040985286,Open
a58bce55-d81a-4176-a24f-0bb0b1ec36d2,A & J Couture,t_shirt_store,257 Castro St Ste 100,http://www.shoptiques.com/boutiques/aandj-couture,0.0,29,2,1,1,0,1,t_shirt_store,2,1,1,1,1,0,0,0,0,,0,1,2,clothing_store,shopping,0.0,0,,404.0,1.0,0.0,0.0,0.0,3,0,0,0,1,1,0,0,0.0,0.039397586,Open
22ebdcd2-8adf-473d-913d-0eb4df23bd4a,Rose International Market,middle_eastern_restaurant,801 W El Camino Real,http://www.rosemarketcatering.com,1.0,29,2,1,1,0,1,middle_eastern_restaurant,2,1,1,1,1,0,0,1,1,,0,1,2,restaurant,food_and_drink,1.0,0,,403.0,0.0,0.0,1.0,0.0,3,0,0,0,0,1,0,1,0.0,0.03610113,Open
61797910-031a-4737-adb4-e94cbbd4e13f,LISTRUNNER INC.,computer_store,1082 Washington St,,,29,2,1,1,0,1,computer_store,1,1,1,1,1,0,0,0,0,,0,1,2,electronics_store,shopping,,0,,,,,0.0,0.0,3,0,0,0,1,1,0,0,0.0,0.03594309,Open
c5935146-5676-4042-b186-2935b80ef122,Blue Line Pizza,pizza_restaurant,146 Castro St,http://www.yelp.com/biz/blue-line-pizza-mountain-view#query:blue%20line%20pizza,1.0,29,2,1,1,0,1,pizza_restaurant,2,1,1,1,1,0,0,1,1,,0,1,2,pizzaria,food_and_drink,1.0,0,,403.0,0.0,0.0,1.0,0.0,3,0,0,0,0,1,0,1,0.0,0.03580663,Open
773ad355-0045-4abd-b5b4-8727728c65e0,Frank Conrad's Music Instruction,musical_instrument_store,278 Hope St,,,29,2,1,1,0,1,musical_instrument_store,1,1,1,1,1,0,0,0,0,,0,1,2,specialty_store,shopping,,0,,,,,0.0,0.0,3,0,0,0,1,1,0,0,0.0,0.03465329,Open
cd59a200-2a88-4546-96aa-4962adbdca33,Stampli,business,701 W Evelyn Ave,https://www.stampli.com,1.0,413,2,1,1,0,1,business,0,1,1,1,1,0,0,0,0,,0,1,2,business_location,services_and_business,1.0,1,1.4763506137030757,200.0,0.0,0.0,0.0,0.0,3,0,0,0,0,1,0,0,0.0,0.03442874,Open
e59595d6-83f9-4aa6-b4bf-4a0e7f4c1900,Teaspoon Mountain View,tea_room,134 Castro St,,,29,2,0,1,0,1,tea_room,0,0,0,1,1,0,0,1,1,,0,1,2,beverage_shop,food_and_drink,,0,,,,,0.0,0.0,2,0,0,0,0,1,0,1,0.0,0.034401383,Open
378e34e1-6e47-4cf0-af4a-baa2c9f29f1a,Blue Rhino Propane Exchange,propane_supplier,495 Moffett Blvd,https://bluerhino.com/propane-finder?utm_source=bing&utm_medium=map&utm_campaign=vending_map&utm_content=84148,1.0,29,2,1,1,0,1,propane_supplier,0,1,1,1,1,0,0,0,0,,0,1,2,b2b_supplier_distributor,services_and_business,1.0,0,,200.0,0.0,0.0,0.0,0.0,3,0,0,0,1,1,0,0,0.0,0.034354277,Open
261ae9ff-526f-4576-88ff-ab6eb0390b60,Movement Chiropractic & Wellness,chiropractor,694 W Dana St,http://www.mvmtchiropractic.com,1.0,576,2,1,1,1,1,chiropractor,0,1,1,1,1,1,1,2,1,,0,1,2,alternative_medicine,health_care,1.0,0,,200.0,0.0,0.0,0.0,0.0,4,0,0,0,0,1,0,0,0.0,0.033625465,Open
55088198-e00d-4526-bbc1-9d3a26603c73,3 Kingdoms Hot Pot,chinese_restaurant,134 Castro St,https://beacons.page/3kingdomsofficial,1.0,29,2,1,1,0,1,chinese_restaurant,1,1,1,1,1,0,0,1,1,,0,1,2,restaurant,food_and_drink,1.0,0,,403.0,0.0,0.0,0.0,0.0,3,0,0,0,0,1,0,1,0.0,0.033082943,Open
57f33216-483c-4fe9-9a9a-076920e5ca3b,Fiesta Del Mar Too,mexican_restaurant,735 Villa St,http://www.fiestadelmar.com,0.0,29,2,1,1,0,1,mexican_restaurant,2,1,1,1,1,0,0,1,1,,0,1,2,restaurant,food_and_drink,0.0,0,,-1.0,0.0,1.0,1.0,1.0,3,0,0,0,0,1,0,1,1.0,0.033003177,Open
75812942-4048-42c6-9030-f8c617ce7685,Carbon Health,laboratory,1150 West El Camino Real,https://carbonhealth.com/mountain-view,1.0,469,2,1,1,1,1,laboratory,0,1,1,1,1,1,1,1,1,,0,1,2,b2b_service,services_and_business,1.0,0,,200.0,0.0,0.0,0.0,0.0,4,0,0,0,0,1,0,0,0.0,0.032802332,Open
4074d0d4-e72c-4187-8faa-ae49d0fcf241,Firebird Dance Studio,dance_school,,http://www.firebirddance.com,1.0,202,2,1,1,1,0,dance_school,0,1,1,1,1,1,1,0,0,,0,0,2,specialty_school,sports_and_recreation,1.0,0,,405.0,0.0,0.0,0.0,0.0,3,0,0,0,0,1,0,0,0.0,0.032163814,Open
65956040-f4cb-46cb-8fa9-a2edca4295fc,Global Beads Inc,video_game_store,345 Castro St,www.globalbeads.com,1.0,29,2,1,1,0,1,video_game_store,0,1,1,1,1,0,0,1,1,,0,1,2,electronics_store,shopping,1.0,1,7.547026266882266,200.0,0.0,0.0,0.0,0.0,3,0,0,0,0,1,0,1,0.0,0.031636152,Open
44e2369f-8cd2-4540-add3-0c987f26491a,Noche De Fiesta,dance_club,,,,29,2,0,1,0,0,dance_club,0,0,0,1,1,0,0,1,1,,0,0,2,dance_club,arts_and_entertainment,,0,,,,,0.0,0.0,1,0,0,0,0,1,0,1,0.0,0.031086802,Open
fbd890e0-a9e4-4501-86ab-1076e8d7b41b,Sakoon,indian_restaurant,357 Castro St,http://www.sakooncuisine.com/home.htm,0.0,29,2,1,1,0,1,indian_restaurant,2,1,1,1,1,0,0,1,1,,0,1,2,restaurant,food_and_drink,0.0,0,,-1.0,0.0,1.0,0.0,0.0,3,0,0,0,0,1,0,1,1.0,0.030917965,Open
5b2cb1a3-b6d6-4637-8f77-0cb25be4c693,Joy Sushi,sushi_restaurant,225 E Middlefield Rd,http://www.joysushi.net/,0.0,29,2,1,1,0,1,sushi_restaurant,2,1,1,1,1,0,0,1,1,,0,1,2,restaurant,food_and_drink,0.0,0,,-1.0,0.0,1.0,0.0,0.0,3,0,0,0,0,1,0,1,1.0,0.030491682,Open
f23893d0-30ca-4d3a-9916-4cdd0bfcd087,The Innovation Games Company,corporate_office,,https://www.innovationgames.com,1.0,295,2,1,1,0,0,corporate_office,0,1,1,1,1,0,0,0,0,,0,0,2,corporate_or_business_office,services_and_business,1.0,0,,200.0,0.0,0.0,0.0,0.0,2,0,0,0,0,1,0,0,0.0,0.029987678,Open
a590500e-a20b-466d-96c3-ca5474e30e88,Happy Lemon,bubble_tea,742 Villa St,https://happylemonwest.com,1.0,29,2,1,1,0,1,bubble_tea,2,1,1,1,1,0,0,1,1,,0,1,2,beverage_shop,food_and_drink,1.0,0,,405.0,0.0,0.0,0.0,0.0,3,0,0,0,0,1,0,1,0.0,0.029846936,Open
b895367f-fbc4-495d-baa4-b1a34551cbdb,St. Joseph Catholic Church,church_cathedral,582 Hope St,http://www.sjpmv.org,1.0,67,2,1,1,1,1,church_cathedral,0,1,1,1,1,1,1,1,1,,0,1,2,christian_place_of_worship,cultural_and_historic,1.0,0,,200.0,0.0,0.0,0.0,0.0,4,0,0,0,0,1,0,0,0.0,0.029682161,Open
e5df1b3e-427f-4e79-859b-b2cedc92e78d,Fairmont Park,park,476 Fairmont Ave,http://www.ci.mtnview.ca.us,1.0,437,2,1,1,0,1,park,0,1,1,1,1,0,0,0,0,,0,1,2,park,sports_and_recreation,1.0,0,,403.0,0.0,0.0,0.0,0.0,3,0,0,0,0,1,0,0,0.0,0.02939214,Open
823ffd13-aa6c-4dfa-bda0-56a16a1873d3,7-Eleven,convenience_store,276 N Whisman Rd,https://www.7-eleven.com/,1.0,29,2,1,1,0,1,convenience_store,0,2,1,1,1,0,0,6,1,,0,1,2,convenience_store,shopping,1.0,0,,200.0,0.0,0.0,0.0,0.0,3,0,0,1,0,1,0,0,0.0,0.029225348,Open
ff2a9ee7-e85a-4d6c-a304-5eb007897610,Mayview Community Health Center,doctor,900 Miramonte Ave,http://www.mayview.org,1.0,205,2,1,1,0,1,doctor,0,1,1,1,1,0,0,1,1,,0,1,2,doctors_office,health_care,1.0,0,,200.0,0.0,0.0,0.0,0.0,3,0,0,0,0,1,0,0,0.0,0.029171938,Open
097115fe-a941-44c6-bca1-d7e487f5b6d1,Queen House Chinese Restaurant,taiwanese_restaurant,273 Castro St,https://www.yelp.com/biz/queen-house-mountain-view,1.0,29,2,1,1,0,1,taiwanese_restaurant,2,1,1,1,1,0,0,1,1,,0,1,2,restaurant,food_and_drink,1.0,0,,403.0,0.0,0.0,0.0,0.0,3,0,0,0,0,1,0,1,0.0,0.02912379,Open
dc821663-d83a-4566-994c-2b9de390ff8f,Los Portales,mexican_restaurant,430 Moffett Blvd,http://www.losportalesmountainview.com,1.0,29,2,1,1,0,1,mexican_restaurant,2,1,1,1,1,0,0,1,1,,0,1,2,restaurant,food_and_drink,1.0,0,,403.0,0.0,0.0,1.0,0.0,3,0,0,0,0,1,0,1,0.0,0.02834794,Open
c680c60c-0a51-45d6-9f35-8efccd17c2e4,Slater School Park,park,220 N Whisman Rd,http://www.recreationparks.net/.../slater-school-park-mountain-view,1.0,444,2,1,1,0,1,park,0,1,1,1,1,0,0,1,1,,0,1,2,park,sports_and_recreation,1.0,0,,200.0,0.0,0.0,0.0,0.0,3,0,0,0,0,1,0,0,0.0,0.02823874,Open
3418fbf9-5cd8-430d-a71f-de11b67499ba,Chennai Kings,pan_asian_restaurant,856 W El Camino Real,http://chennaikingsmountainviewca.com/,0.0,29,2,1,1,0,1,pan_asian_restaurant,2,1,1,1,1,0,0,0,0,,0,1,2,restaurant,food_and_drink,0.0,0,,-1.0,0.0,1.0,0.0,0.0,3,0,0,0,1,1,0,0,0.0,0.028147914,Open
230554dc-2f97-40da-b539-c324de3e8961,Mediterranean Grill House,mediterranean_restaurant,650 Castro St,http://mediterraneangrillhouse.com/index.htm,0.0,29,2,1,1,0,1,mediterranean_restaurant,2,1,1,1,1,0,0,1,1,,0,1,2,restaurant,food_and_drink,0.0,0,,404.0,1.0,0.0,0.0,0.0,3,0,0,0,0,1,0,1,1.0,0.028114384,Open
b952c7ab-6e5c-4bba-a4aa-84607f1b4522,St Stephen Lutheran School,elementary_school,320 Moorpark Way,http://www.ssls.org,0.0,205,2,1,1,1,1,elementary_school,0,1,1,1,1,1,1,0,0,,0,1,2,elementary_school,education,0.0,0,,404.0,1.0,0.0,0.0,0.0,4,0,0,0,0,1,0,0,0.0,0.02804159,Open
6f474f65-c205-4cdf-a687-73347c1bf632,Savvy Cellar Wine Bar,wine_bar,750 W Evelyn Ave,http://www.savvycellar.com/,1.0,29,2,1,1,0,1,wine_bar,2,1,1,1,1,0,0,1,1,,0,1,2,bar,food_and_drink,1.0,0,,200.0,0.0,0.0,0.0,0.0,3,0,0,0,0,1,0,1,0.0,0.02781318,Open
0fc9b7f6-7676-4a1f-940a-69f4a20c6d88,Khao Kang Thai Kitchen,thai_restaurant,225 E Middlefield Rd,http://www.khaokang.com/,1.0,29,2,1,1,0,1,thai_restaurant,2,1,1,1,1,0,0,1,1,,0,1,2,restaurant,food_and_drink,1.0,0,,200.0,0.0,0.0,1.0,0.0,3,0,0,0,0,1,0,1,0.0,0.027089987,Open
f3b68007-71c6-4feb-9650-3ec6a3ec967e,Shana Thai Restaurant,thai_restaurant,311 Moffett Blvd,http://www.shanathai.com/,1.0,29,2,1,1,0,1,thai_restaurant,2,1,1,1,1,0,0,1,1,,0,1,2,restaurant,food_and_drink,1.0,0,,200.0,0.0,0.0,1.0,0.0,3,0,0,0,0,1,0,1,0.0,0.027089987,Open
e443013b-d7ca-4d66-af68-206b0eb25144,Amarin Thai Cuisine,thai_restaurant,174 Castro St,http://www.amarinthaicuisine.com/,1.0,29,2,1,1,0,1,thai_restaurant,2,1,1,1,1,0,0,1,1,,0,1,2,restaurant,food_and_drink,1.0,0,,200.0,0.0,0.0,1.0,0.0,3,0,0,0,0,1,0,1,0.0,0.027089987,Open
0221bd23-e8dd-4bc6-ad43-dfe549a84099,Western Union,money_transfer_services,400 Moffett Blvd,http://locations.westernunion.com/us/ca/mountain-view/a6a90c29440aa7509c1327601a314703?utm_source=bing&utm_medium=distrib&utm_campaign=bing-distrib,0.0,29,2,1,1,0,1,money_transfer_services,0,1,1,1,1,0,0,0,0,,0,1,2,financial_service,services_and_business,0.0,1,7.187216553306961,404.0,1.0,0.0,0.0,0.0,3,0,0,0,1,1,0,0,0.0,0.026372978,Open
69f56ec7-9a78-4abe-af24-3ad594158e1b,Desi Pizza House,pizza_restaurant,327 Moffett Blvd,http://desipizzahouse.com/,1.0,29,2,1,1,0,1,pizza_restaurant,2,1,1,1,1,0,0,1,1,,0,1,2,pizzaria,food_and_drink,1.0,0,,200.0,0.0,0.0,1.0,0.0,3,0,0,0,0,1,0,1,0.0,0.02612543,Open
064dee1c-5b9f-46db-822a-2e0bf2c179e0,Pizza My Heart,pizza_restaurant,1037 El Monte Ave,http://pizzamyheart.com/,1.0,29,2,1,1,0,1,pizza_restaurant,2,1,1,1,1,0,0,1,1,,0,1,2,pizzaria,food_and_drink,1.0,0,,200.0,0.0,0.0,1.0,0.0,3,0,0,0,0,1,0,1,0.0,0.02612543,Open
84dd12f3-0afc-4395-9ccf-95bfd6dcb167,Bean Scene Cafe,cafe,500 Castro St,http://www.mvcpa.com,1.0,29,2,1,1,0,1,cafe,2,1,1,1,1,0,0,1,1,,0,1,2,cafe,food_and_drink,1.0,0,,403.0,0.0,0.0,0.0,0.0,3,0,0,0,0,1,0,1,0.0,0.02586746,Open
8c3b6592-739f-4ec3-9202-0aec825c8002,Baklava Mountain View,mediterranean_restaurant,341 Castro St,http://www.cafebaklava.com,1.0,29,2,1,1,0,1,mediterranean_restaurant,2,1,1,1,1,0,0,1,1,,0,1,2,restaurant,food_and_drink,1.0,0,,403.0,0.0,0.0,0.0,0.0,3,0,0,0,0,1,0,1,0.0,0.025632443,Open
c3147037-ded0-494f-938c-5168518d308b,RRR Biryanis,indian_restaurant,856 W El Camino Real,http://www.rrrbiryanis.us/,1.0,29,2,1,1,0,1,indian_restaurant,2,1,1,1,1,0,0,1,1,,0,1,2,restaurant,food_and_drink,1.0,0,,200.0,0.0,0.0,0.0,0.0,3,0,0,0,0,1,0,1,0.0,0.025020286,Open
0d3496a0-ddaf-4ead-b9cd-032e8a48f776,Passage to India,indian_restaurant,1100 W El Camino Real,http://www.passagetoindia.net/,1.0,29,2,1,1,0,1,indian_restaurant,2,1,1,1,1,0,0,1,1,,0,1,2,restaurant,food_and_drink,1.0,0,,200.0,0.0,0.0,0.0,0.0,3,0,0,0,0,1,0,1,0.0,0.025020286,Open
76b5ca5f-bf82-4758-aba7-5e8163f1ecc9,Verde Tea Cafe,tea_room,852 Villa St,http://verdeteacafe.net,0.0,29,2,1,1,0,1,tea_room,2,1,1,1,1,0,0,1,1,,0,1,2,beverage_shop,food_and_drink,0.0,0,,-1.0,0.0,1.0,0.0,0.0,3,0,0,0,0,1,0,1,1.0,0.024720838,Open
cf82bc0e-ebfb-4ab8-b4cb-2434ebac48d3,Gelato Classico Italian Ice Cream,gelato,241 Castro St,http://www.caffeclassicofoods.com,1.0,29,2,1,1,0,1,gelato,2,1,1,1,1,0,0,1,1,,0,1,2,casual_eatery,food_and_drink,1.0,0,,200.0,0.0,0.0,0.0,0.0,3,0,0,0,0,1,0,1,0.0,0.02427338,Open
f8c5dfd1-334c-4361-86c1-9d22a7c8574e,Portico by SummerHill Homes,real_estate_agent,257 Calderon Ave,https://www.summerhillhomes.com/portico/,1.0,29,2,1,1,0,1,real_estate_agent,0,1,1,1,1,0,0,0,0,,0,1,2,real_estate_agency,services_and_business,1.0,0,,200.0,0.0,0.0,0.0,0.0,3,0,0,0,1,1,0,0,0.0,0.024123114,Open
4e05d789-5f6e-4ab0-9e6b-d7f492a646ad,Fluffy Hair Bliss,cupcake_shop,,,,29,2,0,1,0,0,cupcake_shop,0,0,0,1,1,0,0,1,1,,0,0,2,casual_eatery,food_and_drink,,0,,,,,0.0,0.0,1,0,0,0,0,1,0,1,0.0,0.022157123,Open
43b1a935-78ce-4878-8ffb-3381ba55048e,Katsu,japanese_restaurant,859 Villa St,https://www.sushi-katsu-mv.com/,1.0,29,2,1,1,0,1,japanese_restaurant,2,1,1,1,1,0,0,1,1,,0,1,2,restaurant,food_and_drink,1.0,0,,200.0,0.0,0.0,0.0,0.0,3,0,0,0,0,1,0,1,0.0,0.02172022,Open
35891203-9a7e-4d53-bc0c-8ab544be3dd6,Masa Sushi Japan,sushi_restaurant,650 Castro St,http://www.masasushijapanca.com/,1.0,29,2,1,1,0,1,sushi_restaurant,2,1,1,1,1,0,0,1,1,,0,1,2,restaurant,food_and_drink,1.0,0,,200.0,0.0,0.0,0.0,0.0,3,0,0,0,0,1,0,1,0.0,0.02172022,Open
e779508d-2609-430f-9849-177a22d0fe74,Udon Mugizo,japanese_restaurant,180 Castro St,http://www.mugizo-us.com,1.0,29,2,1,1,0,1,japanese_restaurant,2,1,1,1,1,0,0,1,1,,0,1,2,restaurant,food_and_drink,1.0,0,,200.0,0.0,0.0,0.0,0.0,3,0,0,0,0,1,0,1,0.0,0.02172022,Open
4c8f26e1-8cf5-4456-98dc-dcd25e42550b,Sushi Tomi,sushi_restaurant,635 W Dana St,http://tomisushi.us/sushitomi/,1.0,29,2,1,1,0,1,sushi_restaurant,2,1,1,1,1,0,0,1,1,,0,1,2,restaurant,food_and_drink,1.0,0,,200.0,0.0,0.0,0.0,0.0,3,0,0,0,0,1,0,1,0.0,0.02172022,Open
04ecea0f-1e0a-4420-8565-9f11d13e89f9,Yugen Ramen,japanese_restaurant,152 Castro St,https://www.yugen-us.com/,1.0,29,2,1,1,0,1,japanese_restaurant,2,1,1,1,1,0,0,1,1,,0,1,2,restaurant,food_and_drink,1.0,0,,200.0,0.0,0.0,0.0,0.0,3,0,0,0,0,1,0,1,0.0,0.02172022,Open
ddc662d2-5d43-47b2-b00d-3897350ed759,Kakaroto Japanese Restaurant,japanese_restaurant,743 W Dana St,http://KakarotoJapaneseRestaurant.com/,1.0,29,2,1,1,0,1,japanese_restaurant,2,1,1,1,1,0,0,1,1,,0,1,2,restaurant,food_and_drink,1.0,0,,200.0,0.0,0.0,0.0,0.0,3,0,0,0,0,1,0,1,0.0,0.02172022,Open
21723428-cd43-401d-b6ad-c50414f2b4d4,Alberto's Night Club,dance_club,736 W Dana St,http://www.albertos.com/,1.0,29,2,1,1,0,1,dance_club,2,1,1,1,1,0,0,1,1,,0,1,2,dance_club,arts_and_entertainment,1.0,0,,200.0,0.0,0.0,0.0,0.0,3,0,0,0,0,1,0,1,0.0,0.021681322,Open
41344c4c-61d2-4425-9877-211b27b13c23,Clocktower Coffee Roasting Company,coffee_shop,205 E Middlefield Rd,http://www.clocktowercoffee.com/,0.0,29,2,1,1,0,1,coffee_shop,2,1,1,1,1,0,0,1,1,,0,1,2,coffee_shop,food_and_drink,0.0,0,,-2.0,0.0,1.0,0.0,0.0,3,0,0,0,0,1,0,1,1.0,0.02109014,Open
d25009a9-f710-4a47-a493-3e69bab6cdf5,Superhot Hot Pot & Korean BBQ,korean_restaurant,210 Hope St,https://superhotrestaurant.weebly.com,1.0,29,2,1,1,0,1,korean_restaurant,2,1,1,1,1,0,0,1,1,,0,1,2,restaurant,food_and_drink,1.0,0,,200.0,0.0,0.0,0.0,0.0,3,0,0,0,0,1,0,1,0.0,0.021088291,Open
4d2fb421-2058-4c91-96fe-22ffbbe7cc07,Steins Beer Garden Mountain View,beer_garden,895 Villa St,http://www.steinsbeergarden.com/,1.0,29,2,1,1,0,1,beer_garden,2,1,1,1,1,0,0,1,1,,0,1,2,eating_drinking_location,food_and_drink,1.0,0,,200.0,0.0,0.0,0.0,0.0,3,0,0,0,0,1,0,1,0.0,0.021041663,Open
93f5c61d-90da-439c-bc83-00c3583a9681,Steins Beer Garden & Restaurant,beer_garden,895 Villa St,http://www.steinsbeergarden.com/,1.0,29,2,1,1,0,1,beer_garden,2,1,1,1,1,0,0,1,1,,0,1,2,eating_drinking_location,food_and_drink,1.0,0,,200.0,0.0,0.0,0.0,0.0,3,0,0,0,0,1,0,1,0.0,0.021041663,Open
354d9031-d386-4a0c-bc81-f20fbc72cc45,Halal Street Xinjiang Cuisine - Mountain View,chinese_restaurant,174 Castro St,https://halalstreethotpotxinjiangcuisine.com/,1.0,29,2,1,1,0,1,chinese_restaurant,2,1,1,1,1,0,0,1,1,,0,1,2,restaurant,food_and_drink,1.0,0,,200.0,0.0,0.0,0.0,0.0,3,0,0,0,0,1,0,1,0.0,0.02093837,Open
b941aa84-ce49-4b9a-b646-365932ed676f,Kirin Restaurant,chinese_restaurant,485 Castro St,http://Kirinbistromv.com/,1.0,29,2,1,1,0,1,chinese_restaurant,2,1,1,1,1,0,0,1,1,,0,1,2,restaurant,food_and_drink,1.0,0,,200.0,0.0,0.0,0.0,0.0,3,0,0,0,0,1,0,1,0.0,0.02093837,Open
04b3abfd-5c71-4821-83e3-d4e20667e315,Fu Lam Mum,dim_sum_restaurant,153 Castro St,http://www.fulammummountainview.com,1.0,29,2,1,1,0,1,dim_sum_restaurant,2,1,1,1,1,0,0,1,1,,0,1,2,restaurant,food_and_drink,1.0,0,,200.0,0.0,0.0,0.0,0.0,3,0,0,0,0,1,0,1,0.0,0.02082594,Open
5bb86e7d-7da9-4017-9ba9-32b711723e45,Agave Mexican Bistro,mexican_restaurant,194 Castro St,http://agaveca.com/,1.0,29,2,1,1,0,1,mexican_restaurant,2,1,1,1,1,0,0,1,1,,0,1,2,restaurant,food_and_drink,1.0,0,,200.0,0.0,0.0,1.0,0.0,3,0,0,0,0,1,0,1,0.0,0.0206402,Open
74cd5bff-8a33-45c6-b369-e2069fa360d3,Taqueria Tres Hermanos,mexican_restaurant,327 Moffett Blvd,https://www.taqueria3hermanos.com,1.0,29,2,1,1,0,1,mexican_restaurant,2,1,1,1,1,0,0,1,1,,0,1,2,restaurant,food_and_drink,1.0,0,,200.0,0.0,0.0,1.0,0.0,3,0,0,0,0,1,0,1,0.0,0.0206402,Open
e40718eb-3bae-44c0-b2bd-dde922317690,La Costeña,mexican_restaurant,235 E Middlefield Rd,http://www.Costena.com/,1.0,29,2,1,1,0,1,mexican_restaurant,2,1,1,1,1,0,0,1,1,,0,1,2,restaurant,food_and_drink,1.0,0,,200.0,0.0,0.0,1.0,0.0,3,0,0,0,0,1,0,1,0.0,0.0206402,Open
5aacaaa4-83b6-42c7-be5f-b0455bf36904,Taqueria La Espuela,mexican_restaurant,854 W Dana St,http://www.loscharrosrestaurant.com,1.0,29,2,1,1,0,1,mexican_restaurant,2,1,1,1,1,0,0,1,1,,0,1,2,restaurant,food_and_drink,1.0,0,,200.0,0.0,0.0,1.0,0.0,3,0,0,0,0,1,0,1,0.0,0.0206402,Open
6b6351fa-ecb4-4a71-90c6-8a80beb32d78,Casa Lupe,mexican_restaurant,459 Castro St,http://www.casalupemv.com,1.0,29,2,1,1,0,1,mexican_restaurant,2,1,1,1,1,0,0,1,1,,0,1,2,restaurant,food_and_drink,1.0,0,,200.0,0.0,0.0,1.0,0.0,3,0,0,0,0,1,0,1,0.0,0.0206402,Open
e73b3a02-2a5a-491f-96c5-ede5d6791cd4,La Fiesta Restaurant,mexican_restaurant,240 Villa St,http://www.lafiestamexicancuisine.com/,1.0,29,2,1,1,0,1,mexican_restaurant,2,1,1,1,1,0,0,1,1,,0,1,2,restaurant,food_and_drink,1.0,0,,200.0,0.0,0.0,1.0,0.0,3,0,0,0,0,1,0,1,0.0,0.0206402,Open
54253f88-2a05-4714-9b81-7b73f9f3c0b6,El Califas Tacos,taco_restaurant,495 Moffett Blvd,https://elcalifastacos.com,1.0,29,2,1,1,0,1,taco_restaurant,2,1,1,1,1,0,0,1,1,,0,1,2,restaurant,food_and_drink,1.0,0,,200.0,0.0,0.0,0.0,0.0,3,0,0,0,0,1,0,1,0.0,0.020543907,Open
955d3620-faaf-4d43-853a-0cbcdf8220e3,Pho To Chau 999,vietnamese_restaurant,853 Villa St,https://www.photochau999.com/,1.0,29,2,1,1,0,1,vietnamese_restaurant,2,1,1,1,1,0,0,1,1,,0,1,2,restaurant,food_and_drink,1.0,0,,200.0,0.0,0.0,0.0,0.0,3,0,0,0,0,1,0,1,0.0,0.020382002,Open
5ef08db9-cf44-41e3-bf32-67ee487db9ec,Local Kitchens,restaurant,1711 W El Camino Real,https://www.localkitchens.com/order/store/mountainview/popular/utm_source=facebook&utm_medium=business_listings&utm_campaign=website_link,1.0,29,2,1,1,0,1,restaurant,2,1,1,1,1,0,0,1,1,Local Kitchens,1,1,2,restaurant,food_and_drink,1.0,0,,403.0,0.0,0.0,1.0,0.0,3,1,0,0,0,1,0,1,0.0,0.020333905,Open
f64d6e0f-72e7-4d69-994d-8a16c31f2286,Johnny & Sanny's,italian_restaurant,110 Castro St,,,29,2,0,1,0,1,italian_restaurant,1,0,0,1,1,0,0,1,1,,0,1,2,restaurant,food_and_drink,,0,,,,,0.0,0.0,2,0,0,0,0,1,0,1,0.0,0.019983167,Open
2f5378c0-7029-461a-b8f7-b44b3f589da9,Das Bierhauz,german_restaurant,135 Castro St,http://www.Dasbierhauz.com/,1.0,29,2,1,1,0,1,german_restaurant,2,1,1,1,1,0,0,1,1,,0,1,2,restaurant,food_and_drink,1.0,0,,200.0,0.0,0.0,0.0,0.0,3,0,0,0,0,1,0,1,0.0,0.019762563,Open
527edd58-f33f-43a4-9a74-4cf8af53a756,Ludwigsmv,german_restaurant,383 Castro St,http://www.ludwigsmv.com/,1.0,29,2,1,1,0,1,german_restaurant,2,1,1,1,1,0,0,1,1,,0,1,2,restaurant,food_and_drink,1.0,0,,200.0,0.0,0.0,0.0,0.0,3,0,0,0,0,1,0,1,0.0,0.019762563,Open
f208a3c1-3493-4137-bb9f-e16a89f08fc9,Tea Era,bubble_tea,271 Castro St,https://www.yelp.com/biz/tea-era-mountain-view-2?start=160,1.0,29,2,1,1,0,1,bubble_tea,2,1,1,1,1,0,0,1,1,,0,1,2,beverage_shop,food_and_drink,1.0,0,,403.0,0.0,0.0,0.0,0.0,3,0,0,0,0,1,0,1,0.0,0.019641608,Open
bbbfdf02-a52f-4e38-a4ce-fd8931333f65,Cafe 86,cafe,738 Villa St,http://www.cafe-86.com/,1.0,29,2,1,1,0,1,cafe,1,1,1,1,1,0,0,1,1,,0,1,2,cafe,food_and_drink,1.0,0,,200.0,0.0,0.0,0.0,0.0,3,0,0,0,0,1,0,1,0.0,0.019328484,Open
b31132e1-5509-441d-b224-b7cac9351299,Next Level Board Game Cafe,cafe,888 Villa St,https://nextlevelboardgamecafe.com,1.0,29,2,1,1,0,1,cafe,2,1,1,1,1,0,0,1,1,,0,1,2,cafe,food_and_drink,1.0,0,,200.0,0.0,0.0,0.0,0.0,3,0,0,0,0,1,0,1,0.0,0.018821102,Open
9c42ad6a-6855-425e-b2de-1b09f223c9ee,Dana Street Roasting Company,cafe,744 W Dana St,http://danastreetroasting.com/,1.0,29,2,1,1,0,1,cafe,2,1,1,1,1,0,0,1,1,,0,1,2,cafe,food_and_drink,1.0,0,,200.0,0.0,0.0,0.0,0.0,3,0,0,0,0,1,0,1,0.0,0.018821102,Open
29ebbb1b-b173-4c14-8eea-3a4838bad8f7,Olympus Caffe & Bakery,mediterranean_restaurant,135 Castro St,http://www.cafeolympus.com/,1.0,29,2,1,1,0,1,mediterranean_restaurant,2,1,1,1,1,0,0,1,1,,0,1,2,restaurant,food_and_drink,1.0,0,,200.0,0.0,0.0,0.0,0.0,3,0,0,0,0,1,0,1,0.0,0.018553639,Open
442bce10-30a6-443d-9f93-6ce3a7aef72b,1 Oz Coffee,coffee_shop,650 Castro St,http://www.1ozcoffee.com/,1.0,29,2,1,1,0,1,coffee_shop,2,1,1,1,1,0,0,1,1,,0,1,2,coffee_shop,food_and_drink,1.0,0,,200.0,0.0,0.0,0.0,0.0,3,0,0,0,0,1,0,1,0.0,0.018441731,Open
43616ba3-73b4-4fd7-8aff-e3da47e4488a,Red Rock Coffee,coffee_shop,201 Castro St,http://www.redrockcoffee.org/,1.0,29,2,1,1,0,1,coffee_shop,2,1,1,1,1,0,0,1,1,,0,1,2,coffee_shop,food_and_drink,1.0,0,,200.0,0.0,0.0,0.0,0.0,3,0,0,0,0,1,0,1,0.0,0.018441731,Open
ea22064f-baec-49d5-8cce-27cace37332e,Test Page,retail,200 E Dana St,http://www.facebook.com/,1.0,29,2,1,1,0,1,retail,0,1,1,1,1,0,0,1,1,,0,1,2,retail_location,shopping,1.0,0,,200.0,0.0,0.0,1.0,0.0,3,0,0,0,0,1,0,1,0.0,0.018130492,Open
62594437-e634-4c6a-ba06-3a08d2ba7d84,St. Stephen's Green,irish_pub,223 Castro St,http://ststephensgreen.com/,1.0,29,2,1,1,0,1,irish_pub,2,1,1,1,1,0,0,1,1,,0,1,2,pub,food_and_drink,1.0,0,,200.0,0.0,0.0,0.0,0.0,3,0,0,0,0,1,0,1,0.0,0.017973194,Open
80b970fd-9f10-4a96-a886-3dcd7a3fe5fe,Molly Magees,irish_pub,241 Castro St,https://mollysmountainview.com/,1.0,29,2,1,1,0,1,irish_pub,2,1,1,1,1,0,0,1,1,,0,1,2,pub,food_and_drink,1.0,0,,200.0,0.0,0.0,0.0,0.0,3,0,0,0,0,1,0,1,0.0,0.017973194,Open
c62b48a3-4b2f-4b3e-92aa-97f84c3ebd8a,Opal By Arena,lounge,251 Castro St,http://instagram.com/opalbyarena,1.0,29,2,1,1,0,1,lounge,2,1,1,1,1,0,0,1,1,,0,1,2,eating_drinking_location,food_and_drink,1.0,0,,200.0,0.0,0.0,0.0,0.0,3,0,0,0,0,1,0,1,0.0,0.017799111,Open
d4b603c8-a885-4aa4-8677-9ac5324f0a45,Fast Pizza Delivery,pizza_restaurant,327 Moffett Blvd,http://orderfastpizza.com/,1.0,29,2,1,1,0,1,pizza_restaurant,2,1,1,1,1,0,0,1,1,,0,1,2,pizzaria,food_and_drink,1.0,1,18.613428831685148,200.0,0.0,0.0,1.0,0.0,3,0,0,0,0,1,0,1,0.0,0.017414011,Open
3a6ad4ab-6a1a-4f84-9ddb-52e4f3715248,Essential Spirits Alambic Distilleries,distillery,144 S Whisman Rd,http://essentialspirits.com/,1.0,29,2,1,1,0,1,distillery,1,1,1,1,1,0,0,1,1,,0,1,2,eating_drinking_location,food_and_drink,1.0,0,,200.0,0.0,0.0,0.0,0.0,3,0,0,0,0,1,0,1,0.0,0.017244969,Open
d2fa3208-86b8-437a-ac95-9f2558fe379c,Asian Box,vietnamese_restaurant,142 Castro St,https://locations.asianbox.com/asian-box-27801bcd9afa,0.0,29,2,1,1,0,1,vietnamese_restaurant,2,1,1,1,1,0,0,1,1,ASIAN box,1,1,2,restaurant,food_and_drink,0.0,0,,-1.0,0.0,1.0,0.0,0.0,3,1,0,0,0,1,0,1,1.0,0.016991012,Open
ec737a0f-507f-45b1-b3b8-77c866b6bb5e,Amidi Dental,dentist,1039 El Monte Ave Ste E,https://www.amididental.com,1.0,1330,2,1,1,1,1,dentist,0,1,1,1,1,1,1,1,1,,0,1,2,general_dentistry,health_care,1.0,0,,200.0,0.0,0.0,0.0,0.0,4,0,0,0,0,1,0,0,0.0,0.01695393,Open
8ce26ef0-031c-4beb-aa0b-e0ba21d8f7bd,Sgt. Classick Hawaiian Rum,distillery,144 S Whisman Rd,http://www.sgtclassick.com/,0.0,29,2,1,1,0,1,distillery,2,1,1,1,1,0,0,1,1,,0,1,2,eating_drinking_location,food_and_drink,0.0,0,,-1.0,0.0,1.0,0.0,0.0,3,0,0,0,0,1,0,1,1.0,0.01679563,Open
7038373d-4ce0-4063-aba1-cbbaad6e7842,Cascal,latin_american_restaurant,400 Castro St,http://www.cascalmv.com/,0.0,29,2,1,1,0,1,latin_american_restaurant,2,1,1,1,1,0,0,1,1,,0,1,2,restaurant,food_and_drink,0.0,0,,406.0,1.0,0.0,0.0,0.0,3,0,0,0,0,1,0,1,1.0,0.016339982,Open
88ef4f0f-fcd4-4feb-8826-13bf69ab4612,Terra Outdoor Living,outdoor_furniture_store,1064 W El Camino Real,https://terraoutdoor.com/,1.0,29,2,1,1,0,1,outdoor_furniture_store,2,1,1,1,1,0,0,0,0,,0,1,2,specialty_store,shopping,1.0,0,,200.0,0.0,0.0,0.0,0.0,3,0,0,0,1,1,0,0,0.0,0.016071355,Open
3a2369a9-eed5-45b3-a86d-782fdca64a78,Somewhere Out West,clothing_store,455 Castro St,http://www.somewhereoutwest.net/index.html,0.0,29,2,1,1,0,1,clothing_store,2,1,1,1,1,0,0,1,1,,0,1,2,clothing_store,shopping,0.0,0,,-1.0,0.0,1.0,1.0,1.0,3,0,0,0,0,1,0,1,1.0,0.015942415,Open
e55c2ad8-de7f-4eec-b570-b9cbf0d1b907,Golden Jumpers,machine_and_tool_rentals,,https://www.goldenjumpers.com/mountain-view-bounce-house-rentals,1.0,510,2,1,1,0,0,machine_and_tool_rentals,0,1,1,1,1,0,0,0,0,,0,0,2,technical_service,services_and_business,1.0,0,,200.0,0.0,0.0,0.0,0.0,2,0,0,0,0,1,0,0,0.0,0.015849987,Open
9920c38c-dda3-4132-b7e1-a1162a805ee4,Mantra India Restaurant & Bar,indian_restaurant,288 Castro St,https://www.mantraindiausa.com/,1.0,29,2,1,1,0,1,indian_restaurant,2,1,1,1,1,0,0,1,1,,0,1,2,restaurant,food_and_drink,1.0,1,16.393599298652855,200.0,0.0,0.0,0.0,0.0,3,0,0,0,0,1,0,1,0.0,0.015104864,Open
a114e8a2-46b5-4254-9f48-7644eab7f3d9,Castro Elementary School,elementary_school,505 Escuela Ave,http://castro.mvwsd.org,1.0,106,2,1,1,1,1,elementary_school,0,1,1,1,1,1,1,0,0,,0,1,2,elementary_school,education,1.0,0,,200.0,0.0,0.0,0.0,0.0,4,0,0,0,0,1,0,0,0.0,0.014540402,Open
3421f7fe-e148-457d-a1f5-ae1fed5cbd1f,Mr. Sun Tea Mountain View,bubble_tea,801 W El Camino Real,http://mrsunteausa.com/,1.0,29,2,1,1,0,1,bubble_tea,2,1,1,1,1,0,0,1,1,,0,1,2,beverage_shop,food_and_drink,1.0,0,,200.0,0.0,0.0,0.0,0.0,3,0,0,0,0,1,0,1,0.0,0.0142663075,Open
7287a916-a498-4462-8fa1-e5f2fc2e3b3e,Yi Fang Taiwan Fruit Tea,bubble_tea,143 Castro St,https://order.snackpass.co/Yifang-Taiwan-Fruit-Tea-Mountain-View-60ad1065b89ab100d4cdec07,1.0,29,2,1,1,0,1,bubble_tea,2,1,1,1,1,0,0,1,1,,0,1,2,beverage_shop,food_and_drink,1.0,0,,200.0,0.0,0.0,0.0,0.0,3,0,0,0,0,1,0,1,0.0,0.0142663075,Open
cb2f4221-603d-430f-a3c1-702ed79ea9a7,Chase ATM,atms,749 W EL CAMINO REAL,https://chase.com/locator/?jp_cmp=rb%2FLocalListings%2Faff%2Fatm%2Fna&y_source=1_MTIyOTI4MDgtNDgzLWxvY2F0aW9uLndlYnNpdGU%3D,1.0,29,2,1,1,0,1,atms,0,1,1,1,1,0,0,0,0,,0,1,2,atm,services_and_business,1.0,0,,200.0,0.0,0.0,0.0,0.0,3,0,0,0,1,1,0,0,0.0,0.014067019,Open
7116a0b6-6086-4550-866e-76c3d478532f,Swetka's Tennis Shop,sporting_goods,1039 El Monte Ave,http://www.swetkas.com/,1.0,29,2,1,1,0,1,sporting_goods,2,1,1,1,1,0,0,1,1,,0,1,2,sporting_goods_store,shopping,1.0,0,,405.0,0.0,0.0,0.0,0.0,3,0,0,0,0,1,0,1,0.0,0.013669597,Open
9c106d38-5a43-44c9-863f-dda2dd58ab9f,Hong Kong Bakery,bakery,210 Castro St,http://www.hongkongbakery.com,1.0,29,2,1,1,0,1,bakery,2,1,1,1,1,0,0,1,1,,0,1,2,bakery,food_and_drink,1.0,0,,403.0,0.0,0.0,1.0,0.0,3,0,0,0,0,1,0,1,0.0,0.013443114,Open
c3fce88c-d954-4b00-a7bb-b662d35898f8,"Starbucks, 177 W El Camino Real, Mountain View, Ca",coffee_shop,1003 W El Camino Real,,,29,2,0,0,0,1,coffee_shop,1,0,0,0,0,0,0,1,1,,0,1,2,coffee_shop,food_and_drink,,0,,,,,0.0,0.0,1,0,0,0,0,1,0,1,0.0,0.013286784,Open
316e4d38-7e53-4be2-ae0e-2d80204d53b7,Shoreline West,condominium,,https://www.shorelinewestmv.com/information-about-our-neighborhood,1.0,301,2,1,0,0,0,condominium,0,1,1,0,0,0,0,0,0,,0,0,2,housing,services_and_business,1.0,0,,200.0,0.0,0.0,0.0,0.0,1,0,0,0,0,1,0,0,0.0,0.013271871,Open
59166cd6-c778-4ba0-bfd4-a6a09f11934b,Rishitree Marketing,marketing_agency,211 Hope St,,,29,2,1,1,0,1,marketing_agency,0,1,1,1,1,0,0,0,0,,0,1,2,business_advertising_marketing,services_and_business,,0,,,,,0.0,0.0,3,0,0,0,1,1,0,0,0.0,0.013271608,Open
de9b0840-7366-4499-9a27-0cdbc526e285,Hummus Mediterranean Kitchen,mediterranean_restaurant,185 Castro St,https://www.eatathummus.com,1.0,29,2,1,1,0,1,mediterranean_restaurant,2,1,1,1,1,0,0,1,1,,0,1,2,restaurant,food_and_drink,1.0,1,18.962565971259416,200.0,0.0,0.0,0.0,0.0,3,0,0,0,0,1,0,1,0.0,0.01309686,Open
3242d800-cca3-4f89-bda4-f20665e34af4,PatPat,clothing_store,650 Castro St,https://bit.ly/3VbveWX,1.0,29,2,1,1,0,1,clothing_store,2,1,1,1,1,0,0,1,1,,0,1,2,clothing_store,shopping,1.0,0,,200.0,0.0,0.0,1.0,0.0,3,0,0,0,0,1,0,1,0.0,0.013003509,Open
59a8302e-b92c-4b01-b0f6-f3bbb7663d58,Rootstock Wine Bar,wine_bar,331 Castro St,http://www.rootstockwinebar.com/,0.0,29,2,1,1,0,1,wine_bar,1,1,1,1,1,0,0,1,1,Rootstock Wine Bar,1,1,2,bar,food_and_drink,0.0,0,,406.0,1.0,0.0,0.0,0.0,3,0,0,0,0,1,0,1,1.0,0.012660813,Open
209a6489-1fff-41fb-bdae-5dda65d320c3,Rug Center,carpet_store,1347 W El Camino Real,https://www.rugcenter.com/,1.0,29,2,1,1,0,1,carpet_store,1,1,1,1,1,0,0,1,1,,0,1,2,specialty_store,shopping,1.0,0,,200.0,0.0,0.0,0.0,0.0,3,0,0,0,0,1,0,1,0.0,0.012498424,Open
ec7556b7-8a5c-4a1e-abf1-1567e80f4f45,Oren's Hummus Shop Mountain View,israeli_restaurant,126 Castro St,http://orenshummus.com/,1.0,29,2,1,1,0,1,israeli_restaurant,2,1,1,1,1,0,0,1,1,Oren's Hummus,1,1,2,restaurant,food_and_drink,1.0,0,,200.0,0.0,0.0,0.0,0.0,3,1,0,0,0,1,0,1,0.0,0.012278775,Open
511add25-0ea7-4d2d-8ccb-5611a95b0aae,Mifen101,chinese_restaurant,841 Villa St,,,29,2,0,1,0,1,chinese_restaurant,1,0,0,1,1,0,0,1,1,,0,1,2,restaurant,food_and_drink,,0,,,,,0.0,0.0,2,0,0,0,0,1,0,1,0.0,0.01209655,Open
54ce3ce8-fae7-43ab-bcf6-3ad826ea3fb2,Smith + Palestro,mens_clothing_store,607 W Dana St,http://Www.smithPalestro.com/,1.0,29,2,1,1,0,1,mens_clothing_store,1,1,1,1,1,0,0,1,1,,0,1,2,clothing_store,shopping,1.0,0,,200.0,0.0,0.0,0.0,0.0,3,0,0,0,0,1,0,1,0.0,0.011324234,Open
4a1fa875-dd4b-418f-906b-c91767ad2286,Journey Garage Door,garage_door_service,199 E Middlefield Rd,https://www.journeygaragedoor.com/,0.0,29,2,1,1,0,1,garage_door_service,0,1,1,1,1,0,0,0,0,,0,1,2,home_service,services_and_business,0.0,0,,-1.0,0.0,1.0,0.0,0.0,3,0,0,0,1,1,0,0,0.0,0.011198927,Open
5a4f7071-a655-4272-bf4c-1908f3b56588,Khuu Dentistry,cosmetic_dentist,889 Castro St,https://www.khuudentistry.com/,1.0,29,2,1,1,0,1,cosmetic_dentist,3,1,1,1,1,0,0,0,0,,0,1,2,dental_care,health_care,1.0,1,19.35307666611542,200.0,0.0,0.0,0.0,0.0,3,0,0,0,1,1,0,0,0.0,0.010977972,Open
14f7229f-34e0-44c8-aec4-ff83b8bc0498,Gingko Furniture,furniture_store,903 Castro St,http://www.gingkofurniture.com/,1.0,29,2,1,1,0,1,furniture_store,1,1,1,1,1,0,0,1,1,,0,1,2,specialty_store,shopping,1.0,0,,200.0,0.0,0.0,1.0,0.0,3,0,0,0,0,1,0,1,0.0,0.010556772,Open
f79d0e46-ad7d-472d-9ca4-1325dd16097d,Danish Concepts International,furniture_store,1379 W El Camino Real,http://www.danishconcepts.com/,1.0,29,2,1,1,0,1,furniture_store,1,1,1,1,1,0,0,1,1,,0,1,2,specialty_store,shopping,1.0,0,,200.0,0.0,0.0,1.0,0.0,3,0,0,0,0,1,0,1,0.0,0.010556772,Open
42e11d36-cd19-4b1a-8f61-3936f5e71f60,The Alley,topic_concert_venue,257 Castro St,http://noisehaus.com/,1.0,29,2,1,1,0,1,topic_concert_venue,2,1,1,1,1,0,0,1,1,,0,1,2,music_venue,arts_and_entertainment,1.0,0,,200.0,0.0,0.0,0.0,0.0,3,0,0,0,0,1,0,1,0.0,0.010489928,Open
5751b99d-e740-4175-8ee8-16e269ff1441,Fatty Zone,e_cigarette_store,1398 W El Camino Real,http://www.yelp.com/biz/the-fatty-zone-mountain-view,1.0,29,2,1,1,0,1,e_cigarette_store,2,1,1,1,1,0,0,1,1,,0,1,2,specialty_store,shopping,1.0,0,,403.0,0.0,0.0,0.0,0.0,3,0,0,0,0,1,0,1,0.0,0.010178402,Open
8bd816ad-8848-451d-bd53-2ab0fc4fc287,Beaver Group Agency,life_insurance,650 Castro St Ste 120-437,https://bga-insurance.com/,1.0,29,2,1,1,0,1,life_insurance,0,1,1,1,1,0,0,0,0,,0,1,2,insurance_agency,services_and_business,1.0,0,,200.0,0.0,0.0,0.0,0.0,3,0,0,0,1,1,0,0,0.0,0.00992238,Open
a22937df-ced5-47ba-a5bf-899298a4000a,Beaver Insurance Services,life_insurance,650 Castro St Ste 20-437,https://bga-insurance.com/,1.0,29,2,1,1,0,1,life_insurance,0,1,1,1,1,0,0,0,0,,0,1,2,insurance_agency,services_and_business,1.0,0,,200.0,0.0,0.0,0.0,0.0,3,0,0,0,1,1,0,0,0.0,0.00992238,Open
213d4530-0375-4f16-b553-165b091ac2e6,Center For Music and Arts Education,music_venue,220 View St,http://www.arts4all.org,1.0,29,2,1,1,0,1,music_venue,2,1,1,1,1,0,0,1,1,,0,1,2,music_venue,arts_and_entertainment,1.0,0,,200.0,0.0,0.0,0.0,0.0,3,0,0,0,0,1,0,1,0.0,0.009802857,Open
60d42f7c-a054-409b-adcc-478dbb8ef851,Alexander's Patisserie,bakery,209 Castro St,http://www.alexanderspatisserie.com/,1.0,29,2,1,1,0,1,bakery,2,1,1,1,1,0,0,1,1,,0,1,2,bakery,food_and_drink,1.0,0,,200.0,0.0,0.0,1.0,0.0,3,0,0,0,0,1,0,1,0.0,0.009758754,Open
1ce6f9e3-3b7f-4570-8523-bf076671d948,Passage To India Bakery,bakery,1100 W El Camino Real,http://www.passagetoindia.net,1.0,29,2,1,1,0,1,bakery,2,1,1,1,1,0,0,1,1,,0,1,2,bakery,food_and_drink,1.0,0,,200.0,0.0,0.0,1.0,0.0,3,0,0,0,0,1,0,1,0.0,0.009758754,Open
60c7b5ef-e65a-4159-8616-b7fa476081bc,Maison Alyzee,bakery,212 Castro St,https://www.maisonalyzee.com/,1.0,29,2,1,1,0,1,bakery,2,1,1,1,1,0,0,1,1,,0,1,2,bakery,food_and_drink,1.0,0,,200.0,0.0,0.0,1.0,0.0,3,0,0,0,0,1,0,1,0.0,0.009758754,Open
071c6aa8-6f0b-4be1-99ae-5d9af475e87e,Vee Cosmetics,cosmetic_and_beauty_supplies,380 Castro St,http://www.veecosmetics.com,1.0,29,2,1,1,0,1,cosmetic_and_beauty_supplies,1,1,1,1,1,0,0,1,1,,0,1,2,specialty_store,shopping,1.0,0,,200.0,0.0,0.0,0.0,0.0,3,0,0,0,0,1,0,1,0.0,0.009682736,Open
79ec9ce5-bd81-4519-8b5b-71678ab43b9c,Environmental Services,home_inspector,800 W El Camino Real Ste 180-2,http://www.envirosvs.com/,1.0,29,2,1,1,0,1,home_inspector,0,1,1,1,1,0,0,0,0,,0,1,2,home_service,services_and_business,1.0,0,,405.0,0.0,0.0,0.0,0.0,3,0,0,0,1,1,0,0,0.0,0.009654771,Open
dce89400-0ce8-4551-a867-745a3429268c,Garden Fresh,vegetarian_restaurant,1245 W El Camino Real,http://gardenfresh.us,1.0,29,2,1,1,0,1,vegetarian_restaurant,2,1,1,1,1,0,0,1,1,,0,1,2,restaurant,food_and_drink,1.0,0,,403.0,0.0,0.0,0.0,0.0,3,0,0,0,0,1,0,1,0.0,0.009495539,Open
b6f429cc-abed-425c-83ad-711d16cdc7da,Mountain View,car_rental_agency,1415a W. El Camino Real,,,29,2,0,0,0,1,car_rental_agency,0,0,0,0,0,0,0,0,0,Enterprise,1,1,2,auto_rental_service,services_and_business,,0,,,,,0.0,0.0,1,171,1,0,0,1,0,0,0.0,0.009336328,Open
36fc75a6-5fe8-4716-b916-b32ee468591d,Fibbar Magees Irish Pub,irish_pub,223 Castro St,,,29,2,0,1,0,1,irish_pub,2,0,0,1,1,0,0,1,1,,0,1,2,pub,food_and_drink,,0,,,,,0.0,0.0,2,0,0,0,0,1,0,1,0.0,0.009216221,Open
8004442f-4024-4432-a671-e302266380f7,Icicles,ice_cream_shop,292 Castro St,http://iciclescreamroll.com/,1.0,29,2,1,1,0,1,ice_cream_shop,1,1,1,1,1,0,0,1,1,Icicles,1,1,2,casual_eatery,food_and_drink,1.0,1,16.201987782077605,200.0,0.0,0.0,0.0,0.0,3,1,0,0,0,1,0,1,0.0,0.009180594,Open
6f05e351-fb5e-4b42-8f26-4c8bd4e793c5,IDog Pet Store,pet_store,298 Castro St,http://www.idog.co.nr/,1.0,29,2,1,1,0,1,pet_store,1,1,1,1,1,0,0,1,1,,0,1,2,pet_store,shopping,1.0,1,8.81176677749728,200.0,0.0,0.0,0.0,0.0,3,0,0,0,0,1,0,1,0.0,0.00899693,Open
7fe382b6-39fe-4873-bb7d-d4ee35614dbf,The Crepevine,pancake_house,300 Castro St,http://crepevine.com/,1.0,29,2,1,1,0,1,pancake_house,2,1,1,1,1,0,0,1,1,The Crepevine,1,1,2,restaurant,food_and_drink,1.0,0,,200.0,0.0,0.0,0.0,0.0,3,1,0,0,0,1,0,1,0.0,0.008897997,Open
c1b1bd48-3632-41e4-8041-b39e4d6f289f,Psychic Rudra ,psychic,535 Cypress Point Dr,https://psychicrudrausa.com/,1.0,29,2,1,1,0,1,psychic,1,1,1,1,1,0,0,1,1,,0,1,2,psychic_advising,arts_and_entertainment,1.0,0,,200.0,0.0,0.0,0.0,0.0,3,0,0,0,0,1,0,1,0.0,0.00885763,Open
a56d2dad-8e97-4cb8-93b7-f49d11c77bdd,Mountain View Candle Company,home_goods_store,320 Mountain View Ave,http://www.mountainviewcandleco.com/,1.0,29,2,1,1,0,1,home_goods_store,1,1,1,1,1,0,0,1,1,,0,1,2,specialty_store,shopping,1.0,0,,200.0,0.0,0.0,0.0,0.0,3,0,0,0,0,1,0,1,0.0,0.00883196,Open
5d89ef8e-6abb-49a8-beec-e7727fb2bfbb,Holiday Tree Lot for LAHS,home_goods_store,749 W El Camino Real,http://mvlatrees.com,1.0,29,2,1,1,0,1,home_goods_store,1,1,1,1,1,0,0,1,1,,0,1,2,specialty_store,shopping,1.0,0,,200.0,0.0,0.0,0.0,0.0,3,0,0,0,0,1,0,1,0.0,0.00883196,Open
45037363-67f6-4fc4-af0a-0f60d11cf200,Namaste Nepal,food_truck,1288 W El Camino Real,http://namastee-nepal.business.site/,0.0,29,2,1,1,0,1,food_truck,2,1,1,1,1,0,0,1,1,,0,1,2,casual_eatery,food_and_drink,0.0,0,,404.0,1.0,0.0,0.0,0.0,3,0,0,0,0,1,0,1,1.0,0.008694321,Open
0b82e9d3-bdbb-4a60-94df-8e9c41089c5d,Ume Tea,bubble_tea,220 Castro St,http://umeteaca.com,1.0,29,2,1,1,0,1,bubble_tea,1,1,1,1,1,0,0,1,1,ume tea,1,1,2,beverage_shop,food_and_drink,1.0,0,,200.0,0.0,0.0,0.0,0.0,3,0,0,0,0,1,0,1,0.0,0.008623338,Open
cdd05594-c856-4a78-8518-9d55729e0f21,oh honey macaron,desserts,1030 Castro St,,,29,2,0,1,0,1,desserts,2,0,0,1,1,0,0,1,1,,0,1,2,casual_eatery,food_and_drink,,0,,,,,0.0,0.0,2,0,0,0,0,1,0,1,0.0,0.008603281,Open
e163cca0-53d6-47c0-996b-c21a2e6a622e,Limon,peruvian_restaurant,800 California St,,,29,2,0,1,0,1,peruvian_restaurant,2,0,0,1,1,0,0,1,1,Limón,1,1,2,restaurant,food_and_drink,,0,,,,,0.0,0.0,2,1,0,0,0,1,0,1,0.0,0.008523621,Open
42d445fd-e8b5-4d6f-a012-3331d72ae4fb,Best Bay Locksmith,key_and_locksmith,650 Castro St Ste 120- 4,http://www.bbblocksmith.com/Mountain-View,0.0,29,2,1,1,0,1,key_and_locksmith,0,1,1,1,1,0,0,0,0,,0,1,2,locksmith_service,services_and_business,0.0,0,,-1.0,0.0,1.0,0.0,0.0,3,0,0,0,1,1,0,0,0.0,0.008268188,Open
cc28e547-4d51-4db5-90b4-40f2b0f99fb6,Desk Depot,furniture_store,89 Pioneer Way,http://www.deskdepot.net,0.0,29,2,1,1,0,1,furniture_store,1,1,1,1,1,0,0,1,1,,0,1,2,specialty_store,shopping,0.0,0,,406.0,1.0,0.0,1.0,1.0,3,0,0,0,0,1,0,1,1.0,0.008167698,Open
e4ace41d-3fad-4737-ab41-f0a77873f2cc,Mountain View Center for the Performing Arts,topic_concert_venue,500 Castro St,https://www.mvcpa.com/events,1.0,29,2,1,1,0,1,topic_concert_venue,2,1,1,1,1,0,0,1,1,,0,1,2,music_venue,arts_and_entertainment,1.0,0,,403.0,0.0,0.0,0.0,0.0,3,0,0,0,0,1,0,1,0.0,0.008121358,Open
68b7f848-a66a-4e3e-aca4-c7e73920f6f1,Farmers Insurance - Robert Chang,auto_insurance,257 Castro St Ste 105,http://www.farmersagent.com/rchang?SourceID=LOCC002L002&utm_source=BingLocal&utm_medium=Local&utm_campaign=968829,0.0,29,2,1,1,0,1,auto_insurance,1,1,1,1,1,0,0,0,0,,0,1,2,insurance_agency,services_and_business,0.0,0,,-1.0,0.0,1.0,0.0,0.0,3,0,0,0,1,1,0,0,0.0,0.008073447,Open
4aa7af1c-84f7-447f-a5fb-e4650f3e80b0,Mountain View Art & Wine Festival,topic_concert_venue,500 Castro St,http://mvartwine.com/,1.0,29,2,1,1,0,1,topic_concert_venue,1,1,1,1,1,0,0,1,1,,0,1,2,music_venue,arts_and_entertainment,1.0,0,,200.0,0.0,0.0,0.0,0.0,3,0,0,0,0,1,0,1,0.0,0.008051581,Open
3ea0e1ee-373f-4782-ad61-9f47b1507bb5,Beer Garage AB InBev,pub,800 W El Camino Real,,,29,2,0,0,0,1,pub,1,0,0,0,0,0,0,1,1,,0,1,2,pub,food_and_drink,,0,,,,,0.0,0.0,1,0,0,0,0,1,0,1,0.0,0.00793466,Open
632a1bfe-c16a-4481-a1c4-cf750add6901,Trump Fashion Store,flowers_and_gifts_shop,801 W El Camino Real,https://trumpfashion.store/,0.0,29,2,1,0,0,1,flowers_and_gifts_shop,0,1,1,0,0,0,0,1,1,,0,1,2,flower_shop,shopping,0.0,0,,-1.0,0.0,1.0,1.0,1.0,2,0,0,0,0,1,0,1,1.0,0.0077682324,Open
183d9e58-165e-4123-8fc7-191159ff66ef,Enterprise Rent-A-Car,travel,1415A W El Camino Real,http://www.enterprise.com/car_rental/deeplinkmap.do?gpbr=2339&bid=004&cnty=US,1.0,29,2,1,1,0,1,travel,0,1,1,1,1,0,0,0,0,,0,1,2,travel_service,travel_and_transportation,1.0,0,,403.0,0.0,0.0,0.0,0.0,3,0,0,0,1,1,0,0,0.0,0.007579063,Open
0a5183ff-86db-4022-8bb7-a2b746160bde,Google Store,shopping,,,,29,2,0,1,0,0,shopping,1,0,0,1,1,0,0,1,1,,0,0,2,retail_location,shopping,,0,,,,,0.0,0.0,1,0,0,0,0,1,0,1,0.0,0.0075203804,Open
ae2abe0c-d381-4d96-8d86-750d61d0f1cb,Dental House of Wellington,dentist,12012 S Shore Blvd,https://www.dentalhouseofwellington.com,1.0,29,2,1,1,0,1,dentist,0,1,1,1,1,0,0,0,0,,0,1,2,general_dentistry,health_care,1.0,0,,200.0,0.0,0.0,0.0,0.0,3,0,0,1,0,1,0,0,0.0,0.0073972424,Open
2841ea27-e2ed-430d-a2ac-75d1e20292f2,"East West Bookshop, Mountain View",bookstore,324 Castro St,http://www.eastwestbooks.org/,1.0,29,2,1,1,0,1,bookstore,2,1,1,1,1,0,0,1,1,,0,1,2,bookstore,shopping,1.0,1,11.93650217559299,200.0,0.0,0.0,0.0,0.0,3,0,0,0,0,1,0,1,0.0,0.007180705,Open
3018169a-b1a4-44c2-9d64-5fa214255cdc,Jackson Barbershop,barber,1051 W El Camino Real,http://jacksonbarbershop.com/,1.0,29,2,1,1,0,1,barber,1,1,1,1,1,0,0,0,0,,0,1,2,barber_shop,lifestyle_services,1.0,0,,405.0,0.0,0.0,0.0,0.0,3,0,0,0,1,1,0,0,0.0,0.0067501636,Open
3d4a530e-2a03-475e-a41d-8047ce146a0e,Mountain View Surplus,outdoor_gear,1299 W El Camino Real,http://mvsurplus.com/,1.0,29,2,1,1,0,1,outdoor_gear,1,1,1,1,1,0,0,1,1,,0,1,2,sporting_goods_store,shopping,1.0,0,,200.0,0.0,0.0,0.0,0.0,3,0,0,0,0,1,0,1,0.0,0.0066718445,Open
a471cec2-b70b-4ab3-9a64-770f882f54a2,Redbubble,shopping,650 Castro St,http://www.redbubble.com,1.0,29,2,1,0,0,1,shopping,1,1,1,0,0,0,0,1,1,,0,1,2,retail_location,shopping,1.0,0,,403.0,0.0,0.0,0.0,0.0,2,0,0,0,0,1,0,1,0.0,0.006600737,Open
f1e2e3ff-3378-4756-94df-6c8f616f4046,ATM 7ELEVEN-FCTI,atms,276 N WHISMAN AVE,,,29,2,0,0,0,1,atms,0,0,0,0,0,0,0,0,0,,0,1,2,atm,services_and_business,,0,,,,,0.0,0.0,1,0,1,0,0,1,0,0,0.0,0.006568676,Open
7e4f1845-6d8d-4698-868d-bcbaec6f370b,Custom Fit Solutions Door Replacement,door_sales_service,"1049 El Monte Ave. Suite C #160, (This is not a showroom)",http://www.customfitsolutionsmv.com/,1.0,29,2,1,1,0,1,door_sales_service,0,1,1,1,1,0,0,0,0,,0,1,2,home_service,services_and_business,1.0,0,,200.0,0.0,0.0,0.0,0.0,3,0,0,0,1,1,0,0,0.0,0.0065016514,Open
03b71ac6-831e-417b-9e63-fdef01553fb5,Birri,business_to_business,211 Hope St,https://www.birri.com/,1.0,29,2,1,1,0,1,business_to_business,0,1,1,1,1,0,0,0,0,,0,1,2,b2b_service,services_and_business,1.0,0,,200.0,0.0,0.0,0.0,0.0,3,0,0,0,1,1,0,0,0.0,0.0065016514,Open
188d8264-983d-42b1-a609-8129991fa6f7,Nightingale Security,home_security,140 S Whisman Rd Ste B,http://www.nightingalesecurity.com/,1.0,29,2,1,1,0,1,home_security,0,1,1,1,1,0,0,0,0,,0,1,2,home_service,services_and_business,1.0,0,,200.0,0.0,0.0,0.0,0.0,3,0,0,0,1,1,0,0,0.0,0.0065016514,Open
0113568f-e97c-46f6-b487-08f5eedfb186,CYCLEBAR,cycling_classes,444 Castro Street,https://cyclebar.com/,1.0,29,2,1,1,0,1,cycling_classes,1,1,1,1,1,0,0,0,0,,0,1,2,sport_fitness_facility,sports_and_recreation,1.0,0,,200.0,0.0,0.0,0.0,0.0,3,0,0,0,1,1,0,0,0.0,0.0064225444,Open
259a0a21-0e2c-4340-9b2e-82e5af86f3ba,Avis Rent A Car,travel,809 W El Camino Real,http://avis.com/,1.0,29,2,1,1,0,1,travel,0,1,1,1,1,0,0,0,0,,0,1,2,travel_service,travel_and_transportation,1.0,0,,200.0,0.0,0.0,0.0,0.0,3,0,0,0,1,1,0,0,0.0,0.006396313,Open
c5a236d8-69ef-4769-8520-826d5d2b65de,FCC Collision Centers,auto_body_shop,177 E Evelyn Ave,http://www.fcc-collision.com/,1.0,29,2,1,1,0,1,auto_body_shop,0,1,1,1,1,0,0,0,0,,0,1,2,auto_body_shop,travel_and_transportation,1.0,0,,200.0,0.0,0.0,0.0,0.0,3,0,0,0,1,1,0,0,0.0,0.006396313,Open
c63f1bf8-5fe7-4d56-ac2b-bfa51a964d89,CVS Pharmacy,pharmacy,850 California St,https://www.cvs.com/store-locator/landing,1.0,29,2,1,1,0,1,pharmacy,0,1,1,1,1,0,0,1,1,CVS Pharmacy,1,1,2,pharmacy,shopping,1.0,0,,200.0,0.0,0.0,1.0,0.0,3,234,0,0,0,1,0,1,0.0,0.0063958014,Open
c149be14-ea1a-46b6-b11a-123613458286,Madera Apartments,apartments,455 W Evelyn Ave,https://prometheusapartments.com/san-francisco-bay-area-apartments/san-francisco-south-bay/madera,1.0,29,2,1,1,0,1,apartments,0,1,1,1,1,0,0,0,0,,0,1,2,apartment_building,services_and_business,1.0,0,,403.0,0.0,0.0,0.0,0.0,3,0,0,0,1,1,0,0,0.0,0.006375706,Open
2a319a7e-7839-4bdc-865f-960f36e21dcf,Angel Garage Door Repair Mountain View,builders,1174 Castro St #201,https://www.angelgaragedoors.com/locations/california/garage-door-repair-mountain-view-ca/,1.0,29,2,1,1,0,1,builders,0,1,1,1,1,0,0,0,0,,0,1,2,building_contractor_service,services_and_business,1.0,0,,200.0,0.0,0.0,0.0,0.0,3,0,0,0,1,1,0,0,0.0,0.0063670995,Open
0dcd7cc9-0f8c-4c3e-b487-4b8f5d3eb7df,Precision Tune Auto Care,automotive,810 Miramonte Ave,http://www.precisiontune.com/MountainViewCA_MiramonteAve,0.0,29,2,1,1,0,1,automotive,0,1,1,1,1,0,0,0,0,,0,1,2,transportation_location,travel_and_transportation,0.0,0,,404.0,1.0,0.0,0.0,0.0,3,0,0,0,1,1,0,0,0.0,0.0063552577,Open
b0fc2aeb-93d5-4c97-bfbd-733d91edb55d,Google Music Practice Rooms,arts_and_entertainment,1240 Villa St,,,29,2,0,0,0,1,arts_and_entertainment,2,0,0,0,0,0,0,1,1,,0,1,2,entertainment_location,arts_and_entertainment,,0,,,,,0.0,0.0,1,0,0,0,0,1,0,1,0.0,0.006224235,Open
a3ad6084-f86d-458e-b861-3f3f7b8873b4,Jimenezbarber,professional_services,844 W Dana St,,,29,2,0,1,0,1,professional_services,0,0,0,1,1,0,0,1,1,,0,1,2,service_location,services_and_business,,0,,,,,0.0,0.0,2,0,0,0,0,1,0,1,0.0,0.0061694887,Open
72e26b50-d27e-479e-bd25-ffc112ac7aa1,Whisman Apartments Gym,gym,,,,29,2,0,0,0,0,gym,0,0,0,0,0,0,0,1,1,,0,0,2,gym,sports_and_recreation,,0,,,,,0.0,0.0,0,0,0,0,0,1,0,1,0.0,0.006151001,Open
866350aa-0892-429c-8eed-f4f6a30c8e57,Advanced Automotive Repair Inc,automotive,151 E Evelyn Ave,,,29,2,1,1,0,1,automotive,0,1,1,1,1,0,0,0,0,,0,1,2,transportation_location,travel_and_transportation,,0,,,,,0.0,0.0,3,0,0,0,1,1,0,0,0.0,0.0061168764,Open
fcd4a44a-70f3-40f4-9898-14b298ec86f1,Alcorn Immigration Law,immigration_law,800 W El Camino Real Ste 180,https://www.alcorn.law/,1.0,29,2,1,1,0,1,immigration_law,0,1,1,1,1,0,0,0,0,,0,1,2,attorney_or_law_firm,services_and_business,1.0,0,,200.0,0.0,0.0,0.0,0.0,3,0,0,0,1,1,0,0,0.0,0.0059882156,Open
6c121dcb-646f-4d9c-be41-57e7cfcc8d97,AP+I Design,architect,117 Easy St,https://www.apidesign.com/,1.0,29,2,1,1,0,1,architect,0,1,1,1,1,0,0,0,0,,0,1,2,architectural_design_service,services_and_business,1.0,0,,200.0,0.0,0.0,0.0,0.0,3,0,0,0,1,1,0,0,0.0,0.0059882156,Open
268d4029-0c5e-4c45-80b0-1d9b2d218e8b,GSDSolutions,it_service_and_computer_repair,650 Castro St Ste 120,https://gsdsolutions.io/,1.0,29,2,1,1,0,1,it_service_and_computer_repair,0,1,1,1,1,0,0,0,0,,0,1,2,technical_service,services_and_business,1.0,0,,200.0,0.0,0.0,0.0,0.0,3,0,0,0,1,1,0,0,0.0,0.0059485477,Open
197a2069-58af-40ba-92c6-41dd17ccb13b,Premium Custom Stickers,business_to_business,1049 El Monte Ave Ste C Ste 710,,,29,2,1,1,0,1,business_to_business,0,1,1,1,1,0,0,0,0,,0,1,2,b2b_service,services_and_business,,0,,,,,0.0,0.0,3,0,0,0,1,1,0,0,0.0,0.0058756294,Open
197051a5-74b4-458e-8381-ca1050df9198,Interstate All Battery Center,battery_store,570 El Camino Real,https://www.interstatebatteries.com/locations/all-battery-center-redwood-city-ca,1.0,29,2,1,1,0,1,battery_store,4,1,1,1,1,0,0,0,0,,0,1,2,electronics_store,shopping,1.0,0,,200.0,0.0,0.0,0.0,0.0,3,0,0,0,1,1,0,0,0.0,0.005684069,Open
b836413f-5f1f-4ab7-b789-7a4877c0ced9,Glenwood Garden,apartments,210 Calderon Ave,https://www.glenwoodgardenliving.com/,1.0,29,2,1,1,0,1,apartments,0,1,1,1,1,0,0,0,0,,0,1,2,apartment_building,services_and_business,1.0,0,,200.0,0.0,0.0,0.0,0.0,3,0,0,0,1,1,0,0,0.0,0.005497311,Open
dc4dc9e3-ae36-42e0-b09f-7e4f62593a09,Glenwood Gardens,apartments,210 Calderon Ave,https://www.glenwoodgardenliving.com/,1.0,29,2,1,1,0,1,apartments,0,1,1,1,1,0,0,0,0,,0,1,2,apartment_building,services_and_business,1.0,0,,200.0,0.0,0.0,0.0,0.0,3,0,0,0,1,1,0,0,0.0,0.005497311,Open
a3773b06-5c31-44b0-a6ee-4580ea1746eb,#1 Locksmith,key_and_locksmith,560 Castro St,,,29,2,1,1,0,1,key_and_locksmith,0,1,1,1,1,0,0,0,0,,0,1,2,locksmith_service,services_and_business,,0,,,,,0.0,0.0,3,0,0,0,1,1,0,0,0.0,0.005450262,Open
a1ae16e9-7397-4d19-90b5-3021a306795c,TheaterEars,cinema,,https://theaterears.com/download,1.0,29,2,1,1,0,0,cinema,1,1,1,1,1,0,0,1,1,,0,0,2,movie_theater,arts_and_entertainment,1.0,0,,405.0,0.0,0.0,0.0,0.0,2,0,0,0,0,1,0,1,0.0,0.0053273444,Open
1ede2a3a-0b0a-4066-be9f-42eabb4f434e,Kiwi Crate,arts_and_crafts,140 E Dana St,http://www.kiwicrate.com/,1.0,29,2,1,1,0,1,arts_and_crafts,2,1,1,1,1,0,0,1,1,,0,1,2,art_craft_hobby_store,shopping,1.0,0,,200.0,0.0,0.0,0.0,0.0,3,0,0,0,0,1,0,1,0.0,0.005307219,Open
67d714c3-69df-4415-ace6-bc2b26888e63,AAA Auto Repair Center,automotive,181 W Evelyn Ave,https://mwg.aaa.com/agent-office-locations/ca/mountain-view/aaa-mountain-view-auto-repair-center,1.0,29,2,1,1,0,1,automotive,0,1,1,1,1,0,0,0,0,,0,1,2,transportation_location,travel_and_transportation,1.0,0,,200.0,0.0,0.0,0.0,0.0,3,0,0,0,1,1,0,0,0.0,0.0053032627,Open
beeee9c4-c36d-497f-8046-f322ab66fde7,Advanced Automotive Repair Inc,automotive,151 E Evelyn Ave,http://www.advancedautomv.com/,1.0,29,2,1,1,0,1,automotive,0,1,1,1,1,0,0,0,0,,0,1,2,transportation_location,travel_and_transportation,1.0,0,,200.0,0.0,0.0,0.0,0.0,3,0,0,0,1,1,0,0,0.0,0.0053032627,Open
3d5347a7-8796-4454-bc22-3788735f5ec4,E and W Natural Way,vitamins_and_supplements,762 W Dana St,http://www.ovbsoap.com,0.0,29,2,1,1,0,1,vitamins_and_supplements,1,1,1,1,1,0,0,1,1,,0,1,2,specialty_store,shopping,0.0,0,,-1.0,0.0,1.0,0.0,0.0,3,0,0,0,0,1,0,1,1.0,0.0051455414,Open
355497ed-1cda-48c4-8a44-8fd9ccf46202,Le Boulanger,bakery,650 Castro St,http://www.leboulanger.com/,0.0,29,2,1,1,0,1,bakery,2,1,1,1,1,0,0,1,1,le boulanger,1,1,2,bakery,food_and_drink,0.0,0,,406.0,1.0,0.0,1.0,1.0,3,0,0,0,0,1,0,1,1.0,0.00504903,Open
e5aecd65-0fd4-4505-8fe5-a9dd1dd40f0d,Books Inc.,bookstore,317 Castro St,http://www.booksinc.net,1.0,29,2,1,1,0,1,bookstore,2,1,1,1,1,0,0,1,1,,0,1,2,bookstore,shopping,1.0,0,,200.0,0.0,0.0,0.0,0.0,3,0,0,0,0,1,0,1,0.0,0.005033706,Open
b263a0fd-d352-4a94-ba01-285c47d9557e,Regus,rental_services,800 W El Camino Real Ste 180,https://www.regus.com/en-us/united-states/california/mountain-view/800-west-el-camino-real-1014?utm_source=bing_uberall&utm_medium=places&utm_campaign=uberall&utm_content=uberall,1.0,29,2,1,1,0,1,rental_services,0,1,1,1,1,0,0,0,0,,0,1,2,property_management_service,services_and_business,1.0,0,,200.0,0.0,0.0,0.0,0.0,3,0,0,0,1,1,0,0,0.0,0.0049655754,Open
69ac2a8f-8314-4403-ac61-0da2c3d3efda,Pacific Computer Supply,electronics,229 Polaris Ave,http://www.pacificcs.com/,1.0,29,2,1,1,0,1,electronics,1,1,1,1,1,0,0,1,1,,0,1,2,electronics_store,shopping,1.0,0,,200.0,0.0,0.0,0.0,0.0,3,0,0,0,0,1,0,1,0.0,0.0049575786,Open
c9db73cb-da3c-4aef-abe7-9d9e207524a5,Landels Park,playground,,http://landels.mvwsd.org,1.0,137,2,1,0,0,0,playground,0,1,1,0,0,0,0,1,1,,0,0,2,playground,sports_and_recreation,1.0,0,,200.0,0.0,0.0,0.0,0.0,1,0,0,0,0,1,0,0,0.0,0.0048156995,Open
a5b2c9ec-d957-4ad8-99e2-58a7eeea0dc4,Audio High,electronics,165 Moffett Blvd,http://www.audiohigh.com/,1.0,29,2,1,1,0,1,electronics,2,1,1,1,1,0,0,1,1,,0,1,2,electronics_store,shopping,1.0,0,,200.0,0.0,0.0,0.0,0.0,3,0,0,0,0,1,0,1,0.0,0.004778319,Open
ad5a813d-7799-4576-9852-53d09649984d,Genesis of Mountain View,car_dealer,2575 California St,,,29,2,0,0,0,1,car_dealer,0,0,0,0,0,0,0,1,1,,0,1,2,car_dealer,shopping,,0,,,,,0.0,0.0,1,0,0,0,0,1,0,1,0.0,0.004766974,Open
57f7a1be-705b-49f6-ac04-69f61da693ad,Ramon Luna and Co,grocery_store,1595 California St,http://ramonluna.com,1.0,29,2,1,1,0,1,grocery_store,2,1,1,1,1,0,0,1,1,,0,1,2,grocery_store,shopping,1.0,0,,200.0,0.0,0.0,0.0,0.0,3,0,0,0,0,1,0,1,0.0,0.0047070966,Open
a7133fa1-3883-4477-9439-443e2c3fac19,Cecil Hotel by Pearl-Continental,resort,"Mountain View Road, ",http://www.cecilmurree.com/,1.0,29,2,1,1,0,1,resort,0,1,1,1,1,0,0,1,1,,0,1,2,resort,lodging,1.0,0,,200.0,0.0,0.0,0.0,0.0,3,0,0,0,0,1,0,1,0.0,0.0047016423,Open
5011bb47-7441-488e-8ade-c3ed8a7e426f,Plum HVAC,hvac_services,1074 Wentworth St,http://www.plumhvac.com/,1.0,29,2,1,1,0,1,hvac_services,0,1,1,1,1,0,0,0,0,,0,1,2,hvac_service,services_and_business,1.0,0,,200.0,0.0,0.0,0.0,0.0,3,0,0,0,1,1,0,0,0.0,0.0046007154,Open
9c3f22e7-e69f-4e77-8ba8-126f9b03d3ac,"Fuse HVAC, Refrigeration, Electrical & Plumbing",hvac_services,"302 Easy St, Apt 29",https://www.fuseservice.com/,1.0,29,2,1,1,0,1,hvac_services,0,1,1,1,1,0,0,0,0,,0,1,2,hvac_service,services_and_business,1.0,0,,200.0,0.0,0.0,0.0,0.0,3,0,0,0,1,1,0,0,0.0,0.0046007154,Open
f4556aef-320d-498c-a931-22da7228d8a5,Mountain View Police Department,police_department,1000 Villa St,http://mountainviewpoliceblog.com,1.0,139,2,1,1,1,1,police_department,0,1,1,1,1,1,1,2,1,,0,1,2,police_station,community_and_government,1.0,0,,200.0,0.0,0.0,0.0,0.0,4,0,0,0,0,1,0,0,0.0,0.0045954143,Open
565ea426-59a3-475c-bc8c-78a7923dd47e,Fleur De Lis Florist,flowers_and_gifts_shop,811 Castro St,http://www.fdlflowers.com/,1.0,29,2,1,1,0,1,flowers_and_gifts_shop,1,1,1,1,1,0,0,1,1,,0,1,2,flower_shop,shopping,1.0,0,,403.0,0.0,0.0,1.0,0.0,3,0,0,0,0,1,0,1,0.0,0.0045713573,Open
acbbff6b-5985-4a0c-b642-be4096640437,Roger's Deli & Donuts,delicatessen,295 E Middlefield Rd,http://rogersdeli.net/,0.0,29,2,1,1,0,1,delicatessen,2,1,1,1,1,0,0,1,1,,0,1,2,deli,food_and_drink,0.0,0,,-1.0,0.0,1.0,0.0,0.0,3,0,0,0,0,1,0,1,1.0,0.0045356234,Open
0fe8e42b-d10c-41be-973a-9581ec8adcb8,Mi Tienda “SuperMarket”,supermarket,311 Moffett Blvd,,,29,2,0,1,0,1,supermarket,1,0,0,1,1,0,0,1,1,,0,1,2,grocery_store,shopping,,0,,,,,0.0,0.0,2,0,0,0,0,1,0,1,0.0,0.00446656,Open
a8414aac-337c-4006-b18f-d11f547fa89c,Car Hire Mountain View/Deliveries | SIXT rent a car,car_rental_agency,800 West El Camino Real,https://www.sixt.co.uk/car-hire/usa/mountain-view-ca/mountain-view-deliveries/,1.0,29,2,1,0,0,1,car_rental_agency,0,1,1,0,0,0,0,1,1,Sixt,1,1,2,auto_rental_service,services_and_business,1.0,0,,200.0,0.0,0.0,0.0,0.0,2,22,1,0,0,1,0,0,0.0,0.0043810345,Open
80894e08-e48e-4e0b-bf67-8b353b9369b4,24 Fit Club,gym,1413 W El Camino Real,,,29,2,0,1,0,1,gym,2,0,0,1,1,0,0,1,1,,0,1,2,gym,sports_and_recreation,,0,,,,,0.0,0.0,2,0,0,0,0,1,0,1,0.0,0.004177256,Open
68fc192d-3615-4085-a4dc-403f606f5d3d,AR Gym,gym,631 Castro St,,,29,2,0,1,0,1,gym,2,0,0,1,1,0,0,1,1,,0,1,2,gym,sports_and_recreation,,0,,,,,0.0,0.0,2,0,0,0,0,1,0,1,0.0,0.004177256,Open
085071fd-44cb-4eba-95cd-e6a04edce36f,Nirvana Style Art Gallary,art_gallery,82 Pioneer Way,http://www.nirvanastyle.com/,1.0,29,2,1,1,0,1,art_gallery,0,1,1,1,1,0,0,1,1,,0,1,2,art_gallery,arts_and_entertainment,1.0,0,,200.0,0.0,0.0,0.0,0.0,3,0,0,0,0,1,0,1,0.0,0.004146657,Open
0cd25c0d-4312-4534-ac25-25d2594a9c82,Paolo Mejia Fine Art and Design,art_gallery,257 Castro St,http://www.paolomejia.com/,1.0,29,2,1,1,0,1,art_gallery,0,1,1,1,1,0,0,1,1,,0,1,2,art_gallery,arts_and_entertainment,1.0,0,,200.0,0.0,0.0,0.0,0.0,3,0,0,0,0,1,0,1,0.0,0.004146657,Open
0dd673d4-35ca-4ca0-b087-e05549d8af3c,Essence Salon,hair_stylist,826 W Dana St,http://essencesalon.com/,0.0,29,2,1,1,0,1,hair_stylist,2,1,1,1,1,0,0,0,0,,0,1,2,hair_salon,lifestyle_services,0.0,1,17.905983956365816,-1.0,0.0,1.0,0.0,0.0,3,0,0,0,1,1,0,0,0.0,0.00395798,Open
5e4988ae-7a48-429d-a229-c24872e2bcc0,Chris Crego - Atria Real Estate,real_estate_agent,800 W El Camino Real,https://www.atriare.com/,1.0,29,2,1,1,0,1,real_estate_agent,0,1,1,1,1,0,0,1,1,,0,1,2,real_estate_agency,services_and_business,1.0,0,,200.0,0.0,0.0,0.0,0.0,3,0,0,0,0,1,0,1,0.0,0.0038728279,Open
577206a4-2405-40f7-8270-b9c932fbbf4e,Easy Foods Company,grocery_store,299 Castro St,,,29,2,0,1,0,1,grocery_store,2,0,0,1,1,0,0,1,1,,0,1,2,grocery_store,shopping,,0,,,,,0.0,0.0,2,0,0,0,0,1,0,1,0.0,0.00386784,Open
abd00591-b57d-4e80-b1bb-5e2f741c91e8,Boutique 4,boutique,279 Castro St,http://www.boutique4.net/,0.0,29,2,1,1,0,1,boutique,2,1,1,1,1,0,0,1,1,,0,1,2,fashion_or_apparel_store,shopping,0.0,0,,-1.0,0.0,1.0,0.0,0.0,3,0,0,0,0,1,0,1,1.0,0.0038231958,Open
80a2ce02-d697-45a1-b5e3-43e073bc35f3,MOFFETT VALERO,gas_station,495 MOFFETT BLVD,https://locations.valero.com/en-us/LocationDetails/Index/495-MOFFETT-BLVD/0000005709,1.0,29,2,1,0,0,1,gas_station,0,1,1,0,0,0,0,0,0,Valero,1,1,2,gas_station,travel_and_transportation,1.0,0,,200.0,0.0,0.0,0.0,0.0,2,14,1,0,0,1,0,0,0.0,0.0038132512,Open
07114d01-7eee-4fda-aead-3758053e9e1f,Carson's Chimney Service,chimney_sweep,82 Pioneer Way Ste 198,https://mountainviewchimneys.pro/,1.0,29,2,1,1,0,1,chimney_sweep,1,1,1,1,1,0,0,0,0,,0,1,2,home_service,services_and_business,1.0,0,,200.0,0.0,0.0,0.0,0.0,3,0,0,0,1,1,0,0,0.0,0.0037871804,Open
803a6262-2316-43fb-a277-4469b8757b13,Hotel El Arroyo,hotel,483 Hope St,https://www.elarroyohotel.com/,1.0,29,2,1,1,0,1,hotel,0,1,1,1,1,0,0,1,1,,0,1,2,hotel,lodging,1.0,0,,200.0,0.0,0.0,0.0,0.0,3,0,0,0,0,1,0,1,0.0,0.0037439815,Open
592b1b7a-1346-4221-9057-a1e44d7af6e8,CVS Pharmacy,pharmacy,1041 El Monte Ave,https://www.cvs.com/store-locator/landing,1.0,29,2,1,1,0,1,pharmacy,2,1,1,1,1,0,0,1,1,CVS Pharmacy,1,1,2,pharmacy,shopping,1.0,0,,200.0,0.0,0.0,1.0,0.0,3,234,0,0,0,1,0,1,0.0,0.0037229958,Open
29b7f5e1-77ef-4299-a5cf-8d6fc23861a5,City of Flowers,flowers_and_gifts_shop,215 Moffett Blvd,http://smilewithflowers.com/,1.0,29,2,1,1,0,1,flowers_and_gifts_shop,1,1,1,1,1,0,0,1,1,,0,1,2,flower_shop,shopping,1.0,0,,200.0,0.0,0.0,1.0,0.0,3,0,0,0,0,1,0,1,0.0,0.0036312118,Open
e6a992a6-c775-462e-b3d0-7cb6f88dc026,Amidi Family & Cosmetic Dentistry,cosmetic_dentist,600 El Monte Ave,https://amididental.com/,1.0,29,2,1,1,0,1,cosmetic_dentist,3,1,1,1,1,0,0,0,0,,0,1,2,dental_care,health_care,1.0,0,,200.0,0.0,0.0,0.0,0.0,3,0,0,0,1,1,0,0,0.0,0.0036240623,Open
2f478257-ac0d-4ace-a925-447b42cfe6cc,Clifford's Chicken & Fish,chicken_restaurant,699 Calderon Ave,https://cliffordschickenandfish.com/,1.0,29,2,1,1,0,1,chicken_restaurant,2,1,1,1,1,0,0,1,1,,0,1,2,chicken_restaurant,food_and_drink,1.0,0,,200.0,0.0,0.0,1.0,0.0,3,0,0,0,0,1,0,1,0.0,0.0035826203,Open
fa04dfd3-acda-478c-a42d-eb229d3a96c0,Chicken G's,chicken_restaurant,1414 W El Camino Real,http://www.chickengs.com/,1.0,29,2,1,1,0,1,chicken_restaurant,2,1,1,1,1,0,0,1,1,,0,1,2,chicken_restaurant,food_and_drink,1.0,0,,200.0,0.0,0.0,1.0,0.0,3,0,0,0,0,1,0,1,0.0,0.0035826203,Open
14d75cd6-1f17-4b9a-90b3-0484918add25,Barnes & Noble,bookstore,317 Castro Street,https://stores.barnesandnoble.com/store/3807,0.0,29,2,1,0,0,1,bookstore,2,1,1,0,0,0,0,3,1,Barnes & Noble,1,1,2,bookstore,shopping,0.0,0,,-2.0,0.0,1.0,0.0,0.0,2,17,1,0,0,1,0,0,0.0,0.0035197772,Open
59327f3f-f0c1-4bba-9c2a-1dca9dd2761e,Domino's Pizza,pizza_restaurant,1711 W El Camino Real,https://www.dominos.com/en/?utm_source=google&utm_medium=loclist&utm_campaign=localmaps_menutest,1.0,29,2,1,1,0,1,pizza_restaurant,2,1,1,1,1,0,0,1,1,Domino's Pizza,1,1,2,pizzaria,food_and_drink,1.0,0,,200.0,0.0,0.0,1.0,0.0,3,136,0,0,0,1,0,1,0.0,0.0035016227,Open
12e18bcc-e488-42f5-9f60-f64b2d648921,H&H Fresh Fish Co.,fishmonger,California St. & Bryant St,https://www.hhfreshfish.com/locations/mountain-view,1.0,29,2,1,1,0,1,fishmonger,1,1,1,1,1,0,0,1,1,h h fresh fish co,1,1,2,food_or_beverage_store,shopping,1.0,0,,200.0,0.0,0.0,0.0,0.0,3,2,0,0,0,1,0,1,0.0,0.0034972115,Open
34efa1a3-45c6-45fb-9320-4f9237ecb0fe,Mountain View Funeral and Cremation Service - The Casket Store,cremation_services,805 Castro St,,,29,2,1,1,0,1,cremation_services,1,1,1,1,1,0,0,0,0,,0,1,2,funeral_service,services_and_business,,0,,,,,0.0,0.0,3,0,0,0,1,1,0,0,0.0,0.0034378488,Open
990e7587-7927-4a1f-9e80-3ab92b27c471,AAA Bay Area Builder ,home_improvement_store,1887 Villa St,http://aaabayareabuilder.com/,1.0,29,2,1,1,0,1,home_improvement_store,0,1,1,1,1,0,0,1,1,,0,1,2,home_improvement_center,shopping,1.0,0,,403.0,0.0,0.0,0.0,0.0,3,0,0,0,0,1,0,1,0.0,0.0034231986,Open
0bb905d9-b328-41f0-b2b7-ce22b495c50f,ZapCash,financial_service,1253 W El Camino Real,,,29,2,0,1,0,1,financial_service,0,0,0,1,1,0,0,1,1,,0,1,2,financial_service,services_and_business,,0,,,,,0.0,0.0,2,0,0,0,0,1,0,1,0.0,0.0033362568,Open
36260a08-15af-4ec0-992b-1a25a8e9ff90,Elan Mountain View,rental_services,1030 Castro St,http://www.elanmountainview.com/,1.0,29,2,1,1,0,1,rental_services,2,1,1,1,1,0,0,0,0,,0,1,2,property_management_service,services_and_business,1.0,0,,405.0,0.0,0.0,0.0,0.0,3,0,0,0,1,1,0,0,0.0,0.0032862832,Open
3ce9fd1a-961f-47ee-9d0c-d565a1ebf924,The Spangler Family of Mortuaries,cremation_services,799 Castro St,http://www.spanglermortuary.com/,1.0,29,2,1,1,0,1,cremation_services,2,1,1,1,1,0,0,0,0,,0,1,2,funeral_service,services_and_business,1.0,0,,200.0,0.0,0.0,0.0,0.0,3,0,0,0,1,1,0,0,0.0,0.0032730387,Open
548c96f3-3549-4d63-bf9b-8e23bcbf694b,indian astrology horoscope reader,astrologer,151 Calderon Ave,https://astromastershivaji.com/,1.0,29,2,1,1,0,1,astrologer,1,1,1,1,1,0,0,1,1,,0,1,2,astrological_advising,arts_and_entertainment,1.0,0,,200.0,0.0,0.0,0.0,0.0,3,0,0,0,0,1,0,1,0.0,0.003268883,Open
ca4f3d63-2ba2-4f51-b328-53cfdbc17649,Therapy Stores,flowers_and_gifts_shop,250 Castro St,https://therapystores.com,1.0,29,2,1,1,0,1,flowers_and_gifts_shop,2,1,1,1,1,0,0,1,1,,0,1,2,flower_shop,shopping,1.0,0,,200.0,0.0,0.0,1.0,0.0,3,0,0,0,0,1,0,1,0.0,0.003267887,Open
abc56bec-a37c-4e40-9f6b-d905d34779b8,Bank of America Financial Center,bank_credit_union,444 Castro St Ste 100,https://locators.bankofamerica.com/ca/mountainview/financial-centers-mountain-view-8688.html,1.0,29,2,1,1,0,1,bank_credit_union,0,1,1,1,1,0,0,0,0,,0,1,2,financial_service,services_and_business,1.0,0,,200.0,0.0,0.0,0.0,0.0,3,0,0,0,1,1,0,0,0.0,0.0032193826,Open
2330591f-5dc4-4735-8bcf-5ac8846b2911,California Bank & Trust,bank_credit_union,1040 Grant Rd Ste 200,https://www.calbanktrust.com/,1.0,29,2,1,1,0,1,bank_credit_union,0,1,1,1,1,0,0,0,0,,0,1,2,financial_service,services_and_business,1.0,0,,200.0,0.0,0.0,0.0,0.0,3,0,0,0,1,1,0,0,0.0,0.0032193826,Open
d5af2573-4347-47bd-ada4-45e6c5b46ae3,Chase Bank,bank_credit_union,"749 W El Camino Real, 1st Flr",https://www.chase.com/locator/banking/us/ca/mountain-view/749-w-el-camino-real-1st-flr?jp_cmp=rb%2FLocalListings%2Faff%2Fbranch%2Fna&y_source=1_MjA0MTI5Mi00ODMtbG9jYXRpb24ud2Vic2l0ZQ%3D%3D,1.0,29,2,1,1,0,1,bank_credit_union,0,1,1,1,1,0,0,0,0,,0,1,2,financial_service,services_and_business,1.0,0,,200.0,0.0,0.0,0.0,0.0,3,0,0,0,1,1,0,0,0.0,0.0032193826,Open
99a03023-b26c-4577-b90d-9adca15592c3,Sammy Flores,flowers_and_gifts_shop,520 Mariposa Ave,https://samisflowers.com/occasions/birthday-flowers.html,1.0,29,2,1,0,0,1,flowers_and_gifts_shop,2,1,1,0,0,0,0,1,1,,0,1,2,flower_shop,shopping,1.0,0,,403.0,0.0,0.0,1.0,0.0,2,0,0,0,0,1,0,1,0.0,0.0031688998,Open
6776edfc-5468-4c6e-9d10-e4100bf4b2b8,U-Haul Neighborhood Dealer,truck_rentals,495 Moffett Blvd,https://www.uhaul.com/Locations/Truck-Rentals-near-Mountain-View-CA-94043/039106/,1.0,29,2,1,1,0,1,truck_rentals,1,1,1,1,1,0,0,0,0,,0,1,2,truck_rental_service,services_and_business,1.0,0,,200.0,0.0,0.0,0.0,0.0,3,0,0,0,1,1,0,0,0.0,0.003160132,Open
9d0dfd31-8d85-4ce6-a632-9f771e5adb37,U-Haul Neighborhood Dealer,truck_rentals,130 Pioneer Way,https://www.uhaul.com/Locations/Truck-Rentals-near-Mountain-View-CA-94041/020605/,1.0,29,2,1,1,0,1,truck_rentals,1,1,1,1,1,0,0,0,0,,0,1,2,truck_rental_service,services_and_business,1.0,0,,200.0,0.0,0.0,0.0,0.0,3,0,0,0,1,1,0,0,0.0,0.003160132,Open
8ae1c316-c186-4c7e-80b8-16bff4dfe23e,U-Haul Neighborhood Dealer,truck_rentals,191 W Evelyn Ave,https://www.uhaul.com/Locations/Truck-Rentals-near-Mountain-View-CA-94041/034229/,1.0,29,2,1,1,0,1,truck_rentals,1,1,1,1,1,0,0,0,0,,0,1,2,truck_rental_service,services_and_business,1.0,0,,200.0,0.0,0.0,0.0,0.0,3,0,0,0,1,1,0,0,0.0,0.003160132,Open
5f97e971-c8c2-4f96-86fe-6c0365050edc,Ava's Downtown Market & Deli,specialty_grocery_store,340 Castro St,https://avasmkt.com/,1.0,29,2,1,1,0,1,specialty_grocery_store,2,1,1,1,1,0,0,1,1,,0,1,2,grocery_store,shopping,1.0,0,,200.0,0.0,0.0,0.0,0.0,3,0,0,0,0,1,0,1,0.0,0.003148289,Open
ddad54db-4042-4c1d-8214-7ba13620de7d,Blue Otter Corporation,software_development,148 Castro St B20,https://teamblueotter.com/,1.0,29,2,1,1,0,1,software_development,0,1,1,1,1,0,0,0,0,,0,1,2,software_development,services_and_business,1.0,0,,200.0,0.0,0.0,0.0,0.0,3,0,0,0,1,1,0,0,0.0,0.0031322485,Open
ee1a05a9-4842-4065-aafd-bce71a0988f5,Idea Usher,software_development,555 W Middlefield Rd Apt K309,https://ideausher.com/app-development-company-usa/,1.0,29,2,1,1,0,1,software_development,0,1,1,1,1,0,0,0,0,,0,1,2,software_development,services_and_business,1.0,0,,200.0,0.0,0.0,0.0,0.0,3,0,0,0,1,1,0,0,0.0,0.0031322485,Open
4a23f71e-471a-4130-b463-277864520b83,Moblize.IT LLC,software_development,"Moblize.IT LLC 1049 El Monte Ave Ste C #786, El Monte Avenue",https://moblize.it/,1.0,29,2,1,1,0,1,software_development,0,1,1,1,1,0,0,0,0,,0,1,2,software_development,services_and_business,1.0,0,,200.0,0.0,0.0,0.0,0.0,3,0,0,0,1,1,0,0,0.0,0.0031322485,Open
17621d23-4f38-440a-ab9a-c810f386b10c,Modern Barber Shop,barber,400 Moffett Blvd,,,29,2,0,1,0,1,barber,1,0,0,1,1,0,0,1,1,,0,1,2,barber_shop,lifestyle_services,,1,5.627248240520218,,,,0.0,0.0,2,0,0,0,0,1,0,1,0.0,0.0031221404,Open
ce2693e5-e62e-44dc-90d3-5bcbe05799b7,Starbucks,coffee_shop,750 Castro St,https://www.starbucks.com/store-locator/store/11148/,1.0,29,2,1,1,0,1,coffee_shop,2,1,1,1,1,0,0,1,1,Starbucks,1,1,2,coffee_shop,food_and_drink,1.0,0,,200.0,0.0,0.0,0.0,0.0,3,351,0,0,0,1,0,1,0.0,0.0031201628,Open
ed02e883-6897-4c1a-a256-441667fd4d43,Town & Country Carpet Care,carpet_cleaning,223 Moffett Blvd Ste 458,,,29,2,1,1,0,1,carpet_cleaning,0,1,1,1,1,0,0,0,0,,0,1,2,carpet_cleaning_service,services_and_business,,0,,,,,0.0,0.0,3,0,0,0,1,1,0,0,0.0,0.0030850822,Open
82f0c677-2d90-4aa1-9777-5f408fbb42ae,JV Carpet Cleaner,carpet_cleaning,302 Easy St,,,29,2,1,1,0,1,carpet_cleaning,0,1,1,1,1,0,0,0,0,,0,1,2,carpet_cleaning_service,services_and_business,,0,,,,,0.0,0.0,3,0,0,0,1,1,0,0,0.0,0.0030850822,Open
53c306e6-4b1a-41d4-834e-b29a401ae22a,King's Body Shop,auto_body_shop,130 Pioneer Way,,,29,2,1,1,0,1,auto_body_shop,0,1,1,1,1,0,0,0,0,,0,1,2,auto_body_shop,travel_and_transportation,,0,,,,,0.0,0.0,3,0,0,0,1,1,0,0,0.0,0.002926981,Open
65271ff6-be1e-415c-8d8c-88c2cfc288cf,Enterprise Rent-A-Car,travel,1415 W El Camino Real,,,29,2,1,1,0,1,travel,0,1,1,1,1,0,0,0,0,,0,1,2,travel_service,travel_and_transportation,,0,,,,,0.0,0.0,3,0,0,0,1,1,0,0,0.0,0.002926981,Open
d1697dba-bd74-4a63-a16e-d30339b8e90d,7-ELEVEN #15429,banks,276 N Whisman Rd,https://location.westernunion.com/us/ca/mountain-view/919c8692317140ea13e8e9f2db4cad0c,1.0,29,2,1,0,0,1,banks,0,1,1,0,0,0,0,0,0,Western Union,1,1,2,bank,services_and_business,1.0,0,,200.0,0.0,0.0,0.0,0.0,2,1140,1,0,0,1,0,0,0.0,0.0029251724,Open
3e05b7c9-9185-4c55-8456-bbe44760529a,Boss Barbell Club,gym,241 Polaris Ave,http://bossbarbellclub.com/,1.0,29,2,1,1,0,1,gym,2,1,1,1,1,0,0,1,1,,0,1,2,gym,sports_and_recreation,1.0,0,,405.0,0.0,0.0,0.0,0.0,3,0,0,0,0,1,0,1,0.0,0.0028732286,Open
63c5db1e-4d79-4f97-899e-601e542b75c3,Bay Area Ashtanga Collective,yoga_studio,275 Moffett Blvd,http://bayareaashtangacollective.com/,1.0,29,2,1,1,0,1,yoga_studio,0,1,1,1,1,0,0,1,1,,0,1,2,fitness_studio,sports_and_recreation,1.0,0,,200.0,0.0,0.0,0.0,0.0,3,0,0,0,0,1,0,1,0.0,0.002849285,Open
09636ea1-81b1-4b63-986f-9373b71d30c1,Chipotle Mexican Grill,mexican_restaurant,1039 El Monte Ave,https://locations.chipotle.com/ca/mountain-view/1039-el-monte-ave?utm_source=facebook&utm_medium=yext&utm_campaign=yext_listings,1.0,29,2,1,1,0,1,mexican_restaurant,2,1,1,1,1,0,0,1,1,Chipotle Mexican Grill,1,1,2,restaurant,food_and_drink,1.0,0,,200.0,0.0,0.0,1.0,0.0,3,152,0,0,0,1,0,1,0.0,0.0028181563,Open
a4fbe615-3bb7-4196-bf6b-1720b3d9ab32,100 Moffett Apartments,apartments,100 Moffett Blvd,https://prometheusapartments.com/ca/mountain-view-apartments/100-moffett/,1.0,29,2,1,1,0,1,apartments,1,1,1,1,1,0,0,0,0,,0,1,2,apartment_building,services_and_business,1.0,0,,403.0,0.0,0.0,0.0,0.0,3,0,0,0,1,1,0,0,0.0,0.0027985186,Open
0fb63935-9567-480c-91bc-a72ab09aacdd,Chase,banks,"749 W El Camino Real, 1st Flr","https://www.chase.com/locator/banking/us/ca/mountain-view/749-w-el-camino-real,-1st-flr",1.0,29,2,1,0,0,1,banks,0,1,1,0,0,0,0,0,0,Chase,1,1,2,bank,services_and_business,1.0,0,,200.0,0.0,0.0,0.0,0.0,2,319,1,0,0,1,0,0,0.0,0.0027976737,Open
535a6fa9-7ecd-4c19-90ce-4c4694812d1e,DH Mobile Auto Detailing,auto_detailing,1425 Snow St,https://www.dhmobileautodetailing.com/,1.0,29,2,1,1,0,1,auto_detailing,1,1,1,1,1,0,0,0,0,,0,1,2,auto_detailing_service,travel_and_transportation,1.0,0,,200.0,0.0,0.0,0.0,0.0,3,0,0,0,1,1,0,0,0.0,0.0027530864,Open
c01d78e8-9056-4365-a133-6825c84242cd,Crash Champions Collision Repair,auto_body_shop,243 Moffett Blvd,https://crashchampions.com/locations/mtn-view-moffett-ca,1.0,29,2,1,1,0,1,auto_body_shop,1,1,1,1,1,0,0,0,0,,0,1,2,auto_body_shop,travel_and_transportation,1.0,0,,200.0,0.0,0.0,0.0,0.0,3,0,0,0,1,1,0,0,0.0,0.0027530864,Open
1deb9aaa-8edc-47ef-8772-1f129118876f,Airport Taxi Cab Services SFO SJC OAK,airport_shuttles,211 Hope St Unit 491,http://www.airporttaxicabservices.com/,1.0,29,2,1,1,0,1,airport_shuttles,1,1,1,1,1,0,0,0,0,,0,1,2,air_transport_facility_service,travel_and_transportation,1.0,0,,200.0,0.0,0.0,0.0,0.0,3,0,0,0,1,1,0,0,0.0,0.0027530864,Open
7004bd15-ad8f-4d8d-a755-143ff64987be,Pokeworks,poke_restaurant,211 Castro St,https://www.pokeworks.com/,1.0,29,2,1,1,0,1,poke_restaurant,2,1,1,1,1,0,0,1,1,Pokéworks,1,1,2,restaurant,food_and_drink,1.0,0,,200.0,0.0,0.0,0.0,0.0,3,9,0,0,0,1,0,1,0.0,0.0027362185,Open
db978b46-526c-4f9d-83d5-01a0e97d510b,Jamba Mountain View,smoothie_juice_bar,1037 El Monte Ave,https://locations.jamba.com/ca/mountain-view/1037-a-el-monte-ave?utm_source=extnet&utm_medium=organic&utm_campaign=locations_partner,1.0,29,2,1,1,0,1,smoothie_juice_bar,2,1,1,1,1,0,0,1,1,Jamba,1,1,2,juice_bar,food_and_drink,1.0,0,,200.0,0.0,0.0,1.0,0.0,3,16,0,0,0,1,0,1,0.0,0.002715311,Open
f45b9f78-2cd0-42cd-bcb4-031d857ec592,IDA Ireland,business_consulting,800 W El Camino Real #450,https://www.idaireland.com/?utm_source=GMB&utm_medium=organic&utm_campaign=GMB_Mountain_View,1.0,29,2,1,1,0,1,business_consulting,1,1,1,1,1,0,0,0,0,,0,1,2,b2b_service,services_and_business,1.0,0,,403.0,0.0,0.0,0.0,0.0,3,0,0,0,1,1,0,0,0.0,0.0027052937,Open
e70a0233-444a-4ff3-b260-f3feabb6a850,John Maxwell,real_estate_agent,800 W El Camino Real,,,29,2,0,1,0,1,real_estate_agent,2,0,0,1,1,0,0,1,1,,0,1,2,real_estate_agency,services_and_business,,0,,,,,0.0,0.0,2,0,0,0,0,1,0,1,0.0,0.0026556018,Open
e8ca2185-559b-42c3-be52-6a925a4131ed,Albert Chandar,real_estate_agent,1730 W El Camino Real # 240,,,29,2,0,1,0,1,real_estate_agent,2,0,0,1,1,0,0,1,1,,0,1,2,real_estate_agency,services_and_business,,0,,,,,0.0,0.0,2,0,0,0,0,1,0,1,0.0,0.0026556018,Open
f42d5438-f8c6-496a-83f1-3266d82e9e72,Chiropractic Performance Center,chiropractor,694 W Dana St,http://www.drlucyosgood.com/,0.0,29,2,1,1,0,1,chiropractor,1,1,1,1,1,0,0,0,0,,0,1,2,alternative_medicine,health_care,0.0,0,,-1.0,0.0,1.0,0.0,0.0,3,0,0,0,1,1,0,0,0.0,0.0026524186,Open
721ab3ac-44c1-411e-8b21-cb963255ba5e,Aesthetic Skin Care Center,day_spa,854 Villa St,,,29,2,1,1,0,1,day_spa,3,1,1,1,1,0,0,0,0,,0,1,2,spa,lifestyle_services,,0,,,,,0.0,0.0,3,0,0,0,1,1,0,0,0.0,0.0025629166,Open
d9977f06-f295-4360-9002-abebf7f1daa7,Luxuray Skincare,day_spa,692 W Dana St Ste A,,,29,2,1,1,0,1,day_spa,3,1,1,1,1,0,0,0,0,,0,1,2,spa,lifestyle_services,,0,,,,,0.0,0.0,3,0,0,0,1,1,0,0,0.0,0.0025629166,Open
fc24db2f-8f35-4a1b-bc06-1f33431d952e,Forever Protected,insurance_agency,650 Castro St,https://calendly.com/lifeinsuranceservices,1.0,29,2,1,1,0,1,insurance_agency,0,1,1,1,1,0,0,1,1,,0,1,2,insurance_agency,services_and_business,1.0,0,,200.0,0.0,0.0,0.0,0.0,3,0,0,0,0,1,0,1,0.0,0.0025471784,Open
249b3321-58ef-4ff4-b364-709e40c7f0a9,Ian Schmidt Insurance Agency,insurance_agency,"229 Polaris Ave Ste 14, ",https://agents.farmers.com/ca/mountain-view/ian-schmidt/,1.0,29,2,1,1,0,1,insurance_agency,0,1,1,1,1,0,0,1,1,,0,1,2,insurance_agency,services_and_business,1.0,0,,200.0,0.0,0.0,0.0,0.0,3,0,0,0,0,1,0,1,0.0,0.0025471784,Open
2d500dea-52a9-4ef1-8cd6-74d14f19ea0f,Hathorn Insurance Agency,insurance_agency,800 W El Camino Real,http://www.hathorninsurance.com/,1.0,29,2,1,1,0,1,insurance_agency,0,1,1,1,1,0,0,1,1,,0,1,2,insurance_agency,services_and_business,1.0,0,,200.0,0.0,0.0,0.0,0.0,3,0,0,0,0,1,0,1,0.0,0.0025471784,Open
a12cf09d-7942-44ac-83c6-5e4ec35288f9,EAGLE Priority Insurance Agency,insurance_agency,800 W El Camino Real,http://www.eagleinsa.com/,1.0,29,2,1,1,0,1,insurance_agency,0,1,1,1,1,0,0,1,1,,0,1,2,insurance_agency,services_and_business,1.0,0,,200.0,0.0,0.0,0.0,0.0,3,0,0,0,0,1,0,1,0.0,0.0025471784,Open
a8ec5889-3b1f-4739-9f51-ad29c08284ce,UPS Access Point location,courier_and_delivery_services,850 California St,https://locations.ups.com/us/en/ca/mountainview/access-point-location-171329.html?utm_source=bing&utm_medium=organic&utm_campaign=rio,1.0,29,2,1,1,0,1,courier_and_delivery_services,2,1,1,1,1,0,0,0,0,,0,1,2,courier_service,services_and_business,1.0,0,,200.0,0.0,0.0,0.0,0.0,3,0,0,0,1,1,0,0,0.0,0.0024926625,Open
3f4d98ff-17cf-419f-b772-a1a717790666,UPS Access Point location,courier_and_delivery_services,205 E Middlefield Rd,https://locations.ups.com/us/en/ca/mountainview/access-point-location-238526.html?utm_source=bing&utm_medium=organic&utm_campaign=rio,1.0,29,2,1,1,0,1,courier_and_delivery_services,2,1,1,1,1,0,0,0,0,,0,1,2,courier_service,services_and_business,1.0,0,,200.0,0.0,0.0,0.0,0.0,3,0,0,0,1,1,0,0,0.0,0.0024926625,Open
e9aab930-a699-47bd-b66d-a52f56e4fd79,Peet's Coffee,coffee_shop,420 Castro St,https://www.peets.com/pages/store-locator?stockist-query=Mountain+View%2C+CA%2C+USA&selected=Mountain+View+-+Castro,1.0,29,2,1,1,0,1,coffee_shop,2,1,1,1,1,0,0,1,1,Peet's Coffee,1,1,2,coffee_shop,food_and_drink,1.0,0,,200.0,0.0,0.0,0.0,0.0,3,25,0,0,0,1,0,1,0.0,0.0024724398,Open
83ce3346-c2a2-4d44-94f1-f81c1020a03f,"Lenz Precision Technology, Inc.",machine_shop,355 Pioneer Way,https://www.lenztech.com/,1.0,29,2,1,1,0,1,machine_shop,0,1,1,1,1,0,0,0,0,,0,1,2,machine_shop,services_and_business,1.0,0,,200.0,0.0,0.0,0.0,0.0,3,0,0,0,1,1,0,0,0.0,0.0024704284,Open
f5afe4e7-d62f-453f-89a6-251aa8b1350e,Trinity United Methodist Church,church_cathedral,748 Mercy St,http://www.cnumc.org,1.0,29,2,1,1,0,1,church_cathedral,0,1,1,1,1,0,0,1,1,,0,1,2,christian_place_of_worshop,cultural_and_historic,1.0,0,,200.0,0.0,0.0,0.0,0.0,3,0,0,0,0,1,0,1,0.0,0.0024663894,Open
ad825ece-0b6f-46b2-8816-29c3f0fd6793,Infer,corporate_office,444 Castro St,https://www.infer.com/,1.0,29,2,1,1,0,1,corporate_office,1,1,1,1,1,0,0,0,0,,0,1,2,corporate_or_business_office,services_and_business,1.0,0,,200.0,0.0,0.0,0.0,0.0,3,0,0,0,1,1,0,0,0.0,0.0024607962,Open
883991ca-62b4-4391-8229-c4862c367aca,Dollar Tree,discount_store,199 E Middlefield Rd,https://locations.dollartree.com/ca/mountain-view/199-e-middlefield-rd-ste-200,1.0,29,2,1,1,0,1,discount_store,2,1,1,1,1,0,0,1,1,Dollar Tree,1,1,2,discount_store,shopping,1.0,0,,200.0,0.0,0.0,1.0,0.0,3,120,0,0,0,1,0,1,0.0,0.0024447402,Open
91f3988b-da3c-409a-a420-934bf3b8591f,California Court Garden Homes,landmark_and_historical_building,1721 California St,http://www.californiacourt.org,1.0,29,2,1,1,0,1,landmark_and_historical_building,1,1,1,1,1,0,0,1,1,,0,1,2,historic_site,cultural_and_historic,1.0,0,,405.0,0.0,0.0,0.0,0.0,3,0,0,0,0,1,0,1,0.0,0.00244209,Open
d26266ab-0968-499b-b3c7-04bf8404a3fb,Montclair Dauphine Apartments,landmark_and_historical_building,426 Escuela Ave,https://www.montclairdauphine.com/,1.0,29,2,1,1,0,1,landmark_and_historical_building,1,1,1,1,1,0,0,1,1,,0,1,2,historic_site,cultural_and_historic,1.0,0,,405.0,0.0,0.0,0.0,0.0,3,0,0,0,0,1,0,1,0.0,0.00244209,Open
c6375fcb-4801-4318-84bd-6f7e7cfa2600,Vitality Bowls,health_food_restaurant,650 Castro St,https://vitalitybowls.com/locations/mountain-view/,1.0,29,2,1,1,0,1,health_food_restaurant,2,1,1,1,1,0,0,1,1,Vitality Bowls,1,1,2,restaurant,food_and_drink,1.0,0,,200.0,0.0,0.0,0.0,0.0,3,2,0,0,0,1,0,1,0.0,0.0024271128,Open
71c3ef5b-4384-4a3f-ae3f-272d4c6131be,Subway,sandwich_shop,235 E Middlefield Rd,http://www.subway.com/en-us,0.0,29,2,1,1,0,1,sandwich_shop,2,1,1,1,1,0,0,1,1,Subway,1,1,2,sandwich_shop,food_and_drink,0.0,0,,-2.0,0.0,1.0,1.0,1.0,3,277,0,0,0,1,0,1,1.0,0.0024180664,Open
172ac0a6-2ef7-4cc7-88ee-cd79901f5d48,Baskin-Robbins,ice_cream_shop,1249 W El Camino Real,http://www.mvbr31.com/,1.0,29,2,1,1,0,1,ice_cream_shop,2,1,1,1,1,0,0,1,1,Baskin-Robbins,1,1,2,casual_eatery,food_and_drink,1.0,0,,200.0,0.0,0.0,0.0,0.0,3,219,0,0,0,1,0,1,0.0,0.0024135031,Open
29b83c87-548e-44f4-a257-f53e2bc5733e,ARLO Mountain View,apartments,1030 Castro St,https://www.essexapartmenthomes.com/apartments/mountain-view/arlo-mountain-view,1.0,29,2,1,1,0,1,apartments,1,1,1,1,1,0,0,0,0,,0,1,2,apartment_building,services_and_business,1.0,0,,200.0,0.0,0.0,0.0,0.0,3,0,0,0,1,1,0,0,0.0,0.0023985044,Open
d8632c9a-5ac6-4c2b-b44b-c90715509085,Bt Properties-Management & Investment Services,apartments,800 W El Camino Real Ste 180,https://btproperties.com/,1.0,29,2,1,1,0,1,apartments,1,1,1,1,1,0,0,0,0,,0,1,2,apartment_building,services_and_business,1.0,0,,200.0,0.0,0.0,0.0,0.0,3,0,0,0,1,1,0,0,0.0,0.0023985044,Open
bcb39078-7657-4960-b2d5-4c42964c1881,Central Park at Whisman Station,rental_services,100 N Whisman Rd,https://www.liveatcentralpark.com/,1.0,29,2,1,1,0,1,rental_services,3,1,1,1,1,0,0,0,0,,0,1,2,property_management_service,services_and_business,1.0,0,,403.0,0.0,0.0,0.0,0.0,3,0,0,0,1,1,0,0,0.0,0.0023669144,Open
eaf9eb19-ca17-4e90-b3db-7496d97ba27a,Central Park At Whisman Station,rental_services,100 N Whisman Rd,http://www.liveatcentralpark.com/,1.0,29,2,1,1,0,1,rental_services,3,1,1,1,1,0,0,0,0,,0,1,2,property_management_service,services_and_business,1.0,0,,403.0,0.0,0.0,0.0,0.0,3,0,0,0,1,1,0,0,0.0,0.0023669144,Open
944b92ca-5bc9-4f3a-b7b3-ea6c51c33667,Poke Bar,poke_restaurant,340 Castro St,http://www.ilovepokebar.com/,1.0,29,2,1,1,0,1,poke_restaurant,2,1,1,1,1,0,0,1,1,Poké Bar,1,1,2,restaurant,food_and_drink,1.0,0,,200.0,0.0,0.0,0.0,0.0,3,3,0,0,0,1,0,1,0.0,0.0023458817,Open
bae5c46c-e5a0-4762-8fc8-062395f5c549,Holiday Inn Express Mountain View - S Palo Alto,hotel,1561 W El Camino Real,https://www.ihg.com/holidayinnexpress/hotels/us/en/mountain-view/mtvsw/hoteldetail?cm_mmc=FacebookMaps-_-EX-_-US-_-MTVSW,1.0,29,2,1,1,0,1,hotel,2,1,1,1,1,0,0,1,1,Holiday Inn Express,1,1,2,hotel,lodging,1.0,0,,403.0,0.0,0.0,0.0,0.0,3,24,0,0,0,1,0,1,0.0,0.0022948692,Open
4013b1e2-0a90-4458-b754-93119f44ad6e,Giovanna's Fine Jewelry,jewelry_store,655 Castro St,http://www.giovannasdiamonds.com/,0.0,29,2,1,1,0,1,jewelry_store,2,1,1,1,1,0,0,1,1,,0,1,2,jewelry_store,shopping,0.0,0,,-1.0,0.0,1.0,0.0,0.0,3,0,0,0,0,1,0,1,1.0,0.002278282,Open
cefeb32e-af6f-475b-b5fd-e5b28caf17e0,Mountain View Farmers' Market,farmers_market,"Lot 12, Bryant St",http://www.cafarmersmkts.com/mountain-view-farmers-market,1.0,29,2,1,1,0,1,farmers_market,2,1,1,1,1,0,0,1,1,,0,1,2,farmers_market,shopping,1.0,0,,200.0,0.0,0.0,0.0,0.0,3,0,0,0,0,1,0,1,0.0,0.0022739852,Open
b5fc9572-53ef-4f22-8a47-d74a331727c6,Ati's Skincare,hair_removal,681 Calderon Ave,,,29,2,1,1,0,1,hair_removal,2,1,1,1,1,0,0,0,0,,0,1,2,personal_service,lifestyle_services,,0,,,,,0.0,0.0,3,0,0,0,1,1,0,0,0.0,0.0022587315,Open
3332e1fc-1399-4a42-afff-eb10fd3fd9f3,Sweetgreen,salad_bar,440 Castro St,https://www.sweetgreen.com/,1.0,29,2,1,1,0,1,salad_bar,2,1,1,1,1,0,0,1,1,sweetgreen,1,1,2,restaurant,food_and_drink,1.0,0,,200.0,0.0,0.0,0.0,0.0,3,41,0,0,0,1,0,1,0.0,0.0022299404,Open
43a39106-302b-4a93-bdf6-7fa23c652529,VTA Track Crossing,transportation,,,,29,2,0,0,0,0,transportation,0,0,0,0,0,0,0,1,1,,0,0,2,transportation_location,travel_and_transportation,,0,,,,,0.0,0.0,0,0,0,0,0,1,0,1,0.0,0.0022281597,Open
d2d2e5a2-df29-4b5b-8e6f-7b5a84fbd5f9,Fire Works Ceramics,arts_and_crafts,483 Hope St,http://www.fireworksceramics.com/,0.0,29,2,1,1,0,1,arts_and_crafts,2,1,1,1,1,0,0,1,1,,0,1,2,art_craft_hobby_store,shopping,0.0,0,,406.0,1.0,0.0,0.0,0.0,3,0,0,0,0,1,0,1,1.0,0.002196745,Open
7d11cf3d-c770-4b82-bbfb-849ce3957e5d,United States Postal Service,shipping_center,211 Hope St,https://tools.usps.com/locations/details/1440608?utm_source=website-url&utm_medium=search&utm_campaign=yext,1.0,29,2,1,1,0,1,shipping_center,1,1,1,1,1,0,0,0,0,,0,1,2,shipping_center,services_and_business,1.0,0,,200.0,0.0,0.0,0.0,0.0,3,0,0,0,1,1,0,0,0.0,0.002094226,Open
132b7ca3-d043-455a-b883-1d43b988e4e4,Peninsula Muslim Association,mosque,361 Villa St,http://peninsulamuslimassociation.com,1.0,29,2,1,1,0,1,mosque,2,1,1,1,1,0,0,1,1,,0,1,2,muslim_place_of_worship,cultural_and_historic,1.0,0,,405.0,0.0,0.0,0.0,0.0,3,0,0,0,0,1,0,1,0.0,0.0020781553,Open
c2f82d8a-d619-4378-84d4-8d000766ca4a,Granada Apartments,landmark_and_historical_building,120 Granada Dr,http://www.granadayubacity.com,1.0,29,2,1,1,0,1,landmark_and_historical_building,2,1,1,1,1,0,0,1,1,,0,1,2,historic_site,cultural_and_historic,1.0,0,,405.0,0.0,0.0,0.0,0.0,3,0,0,0,0,1,0,1,0.0,0.0020781553,Open
a6d6e41c-7781-48e1-91c5-cbe8c952392c,Highland Gardens,landmark_and_historical_building,234 Escuela Ave,http://www.liveathighlandgardensapts.com/,1.0,29,2,1,1,0,1,landmark_and_historical_building,2,1,1,1,1,0,0,1,1,,0,1,2,historic_site,cultural_and_historic,1.0,0,,405.0,0.0,0.0,0.0,0.0,3,0,0,0,0,1,0,1,0.0,0.0020781553,Open
b7d03200-eb8f-4d65-a101-99c630ab015a,Rex Garcia: Allstate Insurance,insurance_agency,1442 W El Camino Real,https://agents.allstate.com/rex-garcia-mountain-view-ca.html,1.0,29,2,1,1,0,1,insurance_agency,1,1,1,1,1,0,0,1,1,Allstate,1,1,2,insurance_agency,services_and_business,1.0,0,,403.0,0.0,0.0,0.0,0.0,3,187,0,0,0,1,0,1,0.0,0.0020363552,Open
c33c5c10-ca44-42a0-93bd-2ad0052b1d6a,A1 Auto Tech Inc.,brake_service_and_repair,89 Pioneer Way Ste C,http://www.a1autotech.com/,1.0,29,2,1,1,0,1,brake_service_and_repair,3,1,1,1,1,0,0,0,0,,0,1,2,auto_repair_service,travel_and_transportation,1.0,0,,200.0,0.0,0.0,0.0,0.0,3,0,0,0,1,1,0,0,0.0,0.002008856,Open
3c84efcd-0110-46aa-8d91-d2a03f67741c,Mountain View - 501 Castro St.,banks,501 Castro St.,https://usbranches.bmo.com/ca/mountain-view/bmo122/,1.0,29,2,1,0,0,1,banks,0,1,1,0,0,0,0,0,0,BMO,1,1,2,bank,services_and_business,1.0,0,,200.0,0.0,0.0,0.0,0.0,2,116,1,0,0,1,0,0,0.0,0.0020067987,Open
12c31950-e57c-479c-b939-b62772e80480,Maplewood,apartments,1885 California St,http://www.lyonliving.com/maplewood,1.0,29,2,1,1,0,1,apartments,2,1,1,1,1,0,0,0,0,,0,1,2,apartment_building,services_and_business,1.0,0,,200.0,0.0,0.0,0.0,0.0,3,0,0,0,1,1,0,0,0.0,0.0019852426,Open
62cfcf19-198f-4630-855d-956e140f0ee3,Stevens Creek DIY skate spot,sports_and_recreation_venue,151 Calderon Ave,www.mountainview.gov/depts/cs/shoreline/trails/stevens.asp,1.0,29,2,1,0,0,1,sports_and_recreation_venue,2,1,1,0,0,0,0,1,1,,0,1,2,sport_fitness_facility,sports_and_recreation,1.0,0,,403.0,0.0,0.0,0.0,0.0,2,0,0,0,0,1,0,1,0.0,0.001967076,Open
cb155d16-4377-43df-8b04-2c5ecf589c5b,Cloudmeter,it_service_and_computer_repair,812 W Dana St,http://cloudmeter.com/,1.0,29,2,1,1,0,1,it_service_and_computer_repair,1,1,1,1,1,0,0,1,1,,0,1,2,technical_service,services_and_business,1.0,1,7.262473033659057,200.0,0.0,0.0,0.0,0.0,3,0,0,0,0,1,0,1,0.0,0.001956976,Open
ceb3b396-e1c9-47ce-9e08-4d88b39f9089,CVS,atms,850 California St,https://usbranches.bmo.com/ca/mountain-view/vz002473/,1.0,29,2,1,0,0,1,atms,0,1,1,0,0,0,0,0,0,BMO,1,1,2,atm,services_and_business,1.0,0,,200.0,0.0,0.0,0.0,0.0,2,116,1,0,0,1,0,0,0.0,0.001953733,Open
715db578-fc04-47be-aced-a1ab64d5e3d8,ATM,atms,501 Castro St,https://usbranches.bmo.com/ca/mountain-view/atm-501csmvc/,1.0,29,2,1,0,0,1,atms,0,1,1,0,0,0,0,0,0,BMO,1,1,2,atm,services_and_business,1.0,0,,200.0,0.0,0.0,0.0,0.0,2,116,1,0,0,1,0,0,0.0,0.001953733,Open
569f663f-712b-42b5-bcd1-94bfc6deb111,Mountain View - 501 Castro Street,atms,501 Castro St,https://usbranches.bmo.com/ca/mountain-view/tk607146/,1.0,29,2,1,0,0,1,atms,0,1,1,0,0,0,0,0,0,BMO,1,1,2,atm,services_and_business,1.0,0,,200.0,0.0,0.0,0.0,0.0,2,116,1,0,0,1,0,0,0.0,0.001953733,Open
24ec67fe-f0cb-4511-a947-6f95147cda49,Tanya's Hair Design,hair_stylist,"1030 Castro St., Unit C",https://tanyashairdesign.business.site/,0.0,29,2,1,1,0,1,hair_stylist,2,1,1,1,1,0,0,0,0,,0,1,2,hair_salon,lifestyle_services,0.0,0,,404.0,1.0,0.0,0.0,0.0,3,0,0,0,1,1,0,0,0.0,0.0018398908,Open
1955f4f4-3ca3-4542-b4b2-7dc613007c22,The Emerald Apartments,landmark_and_historical_building,1825 California St,https://www.vrent.com,1.0,29,2,1,1,0,1,landmark_and_historical_building,1,1,1,1,1,0,0,1,1,,0,1,2,historic_site,cultural_and_historic,1.0,0,,200.0,0.0,0.0,0.0,0.0,3,0,0,0,0,1,0,1,0.0,0.0017988544,Open
261c98fd-4d7d-426d-92f5-22fa080663bc,Chiquita Gardens Apartments,landmark_and_historical_building,280 Chiquita Ave,http://chiquita.com,1.0,29,2,1,1,0,1,landmark_and_historical_building,1,1,1,1,1,0,0,1,1,,0,1,2,historic_site,cultural_and_historic,1.0,0,,200.0,0.0,0.0,0.0,0.0,3,0,0,0,0,1,0,1,0.0,0.0017988544,Open
7a0132de-0e25-4f54-baf2-a437bead247b,Mariposa Club Apartments,landmark_and_historical_building,660 Mariposa Ave,https://legacypartners.com,1.0,29,2,1,1,0,1,landmark_and_historical_building,1,1,1,1,1,0,0,1,1,,0,1,2,historic_site,cultural_and_historic,1.0,0,,200.0,0.0,0.0,0.0,0.0,3,0,0,0,0,1,0,1,0.0,0.0017988544,Open
4a34f99a-91f5-4262-9726-fc2ee7946ad8,My Hair Lady,beauty_salon,282 Castro St,http://www.yelp.com/biz/mindy-c-hair-artist-mountain-view,1.0,29,2,1,1,0,1,beauty_salon,0,1,1,1,1,0,0,1,1,,0,1,2,beauty_salon,lifestyle_services,1.0,0,,403.0,0.0,0.0,0.0,0.0,3,0,0,0,0,1,0,1,0.0,0.0017340834,Open
a609f6b5-fa13-4eae-a9ad-2514e7cc3508,Amenity Day Spa,spas,1605 W El Camino Real,,,29,2,0,1,0,1,spas,1,0,0,1,1,0,0,1,1,,0,1,2,spa,lifestyle_services,,0,,,,,0.0,0.0,2,0,0,0,0,1,0,1,0.0,0.0017327187,Open
fe3592ad-3ca7-4d3d-b99f-b3b3e6d9f5b2,SF City Limo,wine_tours,211 Hope St # 390579,https://sfcitylimo.com/Rates/,1.0,29,2,1,1,0,1,wine_tours,3,1,1,1,1,0,0,0,0,,0,1,2,tour_operator,travel_and_transportation,1.0,0,,200.0,0.0,0.0,0.0,0.0,3,0,0,0,1,1,0,0,0.0,0.001715631,Open
ac4d9fda-88d5-4416-84a3-7faee56b3ed2,Cypress Point Lakes,lake,505 Cypress Point Dr,https://www.cypresspointlakes.org,1.0,29,2,1,1,0,1,lake,1,1,1,1,1,0,0,1,1,,0,1,2,nature_outdoors,geographic_entities,1.0,0,,200.0,0.0,0.0,0.0,0.0,3,0,0,0,0,1,0,1,0.0,0.0017137448,Open
f723ee77-3388-4f1a-95a7-9013bea8fd14,Downtown Mountain View,mountain,565 Castro St,mountainviewdowntown.com,1.0,29,2,1,1,0,1,mountain,1,1,1,1,1,0,0,1,1,,0,1,2,mountain,geographic_entities,1.0,0,,200.0,0.0,0.0,0.0,0.0,3,0,0,0,0,1,0,1,0.0,0.0017137448,Open
3208cf21-df1e-4df7-91d3-4ba411fd74bc,Fabulous Hair and Nails,beauty_salon,400 Moffett Blvd,http://SALONVIVO.COM,1.0,29,2,1,1,0,1,beauty_salon,2,1,1,1,1,0,0,1,1,,0,1,2,beauty_salon,lifestyle_services,1.0,1,5.7088420409972045,200.0,0.0,0.0,0.0,0.0,3,0,0,0,0,1,0,1,0.0,0.0016433938,Open
5a968a08-85bc-4892-82f6-828ae08dcf48,Neeradave Realtor,real_estate_agent,268 Castro St,https://neeradave.actionpropertiessales.com/agents/1379172/Neera+Dave,1.0,29,2,1,1,0,1,real_estate_agent,1,1,1,1,1,0,0,1,1,,0,1,2,real_estate_agency,services_and_business,1.0,0,,403.0,0.0,0.0,0.0,0.0,3,0,0,0,0,1,0,1,0.0,0.0016093419,Open
8c36e52c-90df-4611-a919-174f13e5fd3c,El Camino Health Urgent Care (El Camino Real),urgent_care_clinic,1150 W El Camino Real,https://www.elcaminohealth.org/locations/el-camino-health-urgent-care-el-camino-real,1.0,29,2,1,1,0,1,urgent_care_clinic,1,1,1,1,1,0,0,0,0,,0,1,2,clinic_or_treatment_center,health_care,1.0,0,,200.0,0.0,0.0,0.0,0.0,3,0,0,0,1,1,0,0,0.0,0.0015624781,Open
a402c64e-10b5-4767-8be4-1c2dbe4aad2c,"YgEia3, Inc",wellness_program,800 W El Camino Real,http://www.ygeia3.com/,1.0,29,2,1,1,0,1,wellness_program,1,1,1,1,1,0,0,0,0,,0,1,2,clinic_or_treatment_center,health_care,1.0,0,,200.0,0.0,0.0,0.0,0.0,3,0,0,0,1,1,0,0,0.0,0.0015624781,Open
b89c5bad-a944-43a5-9a94-6954f89631df,El Camino Health Urgent Care Mountain View,urgent_care_clinic,1150 W El Camino Real,https://www.elcaminohealth.org/locations/urgent-care-mountain-view,1.0,29,2,1,1,0,1,urgent_care_clinic,1,1,1,1,1,0,0,0,0,,0,1,2,clinic_or_treatment_center,health_care,1.0,0,,200.0,0.0,0.0,0.0,0.0,3,0,0,0,1,1,0,0,0.0,0.0015624781,Open
1200f208-15dd-41a0-9d54-84ae89dffd84,Urgent Care Mountain View - El Camino Health,urgent_care_clinic,1150 W El Camino Real,https://www.elcaminohealth.org/locations/urgent-care-mountain-view,1.0,29,2,1,1,0,1,urgent_care_clinic,1,1,1,1,1,0,0,0,0,,0,1,2,clinic_or_treatment_center,health_care,1.0,0,,200.0,0.0,0.0,0.0,0.0,3,0,0,0,1,1,0,0,0.0,0.0015624781,Open
5a369818-db98-4930-be04-9f91af233fff,MOUNTAIN VIEW SHELL,gas_station,1288 W El Camino Real,https://www.loopneighborhood.com/,1.0,29,2,1,1,0,1,gas_station,3,1,1,1,1,0,0,0,0,,0,1,2,gas_station,travel_and_transportation,1.0,0,,200.0,0.0,0.0,0.0,0.0,3,0,0,0,1,1,0,0,0.0,0.0015464048,Open
70905e72-8e5c-48a9-a537-c39fe4d2fe9f,Silicon Valley Irish Fleadh,arts_and_entertainment,210 Hope St,http://www.siliconvalleyirishfleadh.com/,0.0,29,2,1,1,0,1,arts_and_entertainment,1,1,1,1,1,0,0,1,1,,0,1,2,entertainment_location,arts_and_entertainment,0.0,0,,409.0,1.0,0.0,0.0,0.0,3,0,0,0,0,1,0,1,1.0,0.0015364249,Open
ca571e12-eda6-4f13-88e3-7b4f991d87e3,Maplewood,landmark_and_historical_building,1885 California St,http://www.lyonliving.com/maplewood,1.0,29,2,1,1,0,1,landmark_and_historical_building,2,1,1,1,1,0,0,1,1,,0,1,2,historic_site,cultural_and_historic,1.0,0,,200.0,0.0,0.0,0.0,0.0,3,0,0,0,0,1,0,1,0.0,0.0015306328,Open
f1455ba0-569b-4fc1-bd06-803a3dd30e43,Saint Joseph Catholic Church,catholic_church,582 Hope St,http://www.sjpmv.org/,1.0,29,2,1,1,0,1,catholic_church,2,1,1,1,1,0,0,1,1,,0,1,2,christian_place_of_worshop,cultural_and_historic,1.0,0,,200.0,0.0,0.0,0.0,0.0,3,0,0,0,0,1,0,1,0.0,0.0015306328,Open
8091f832-a2bf-4355-afe5-9df7baa7385d,Regency at Mountain View Apartments,landmark_and_historical_building,333 Escuela Ave,https://www.essexapartmenthomes.com/apartments/regency-at-mountain-view,1.0,29,2,1,1,0,1,landmark_and_historical_building,2,1,1,1,1,0,0,1,1,,0,1,2,historic_site,cultural_and_historic,1.0,0,,200.0,0.0,0.0,0.0,0.0,3,0,0,0,0,1,0,1,0.0,0.0015306328,Open
c225cc11-fc30-45e5-a261-6725dc7ba434,Cypress Point Woods,landmark_and_historical_building,400 Central Ave,https://www.cypresspointwoods.com/,1.0,29,2,1,1,0,1,landmark_and_historical_building,2,1,1,1,1,0,0,1,1,,0,1,2,historic_site,cultural_and_historic,1.0,0,,200.0,0.0,0.0,0.0,0.0,3,0,0,0,0,1,0,1,0.0,0.0015306328,Open
3d74c8d3-119b-4248-92a5-300f21b27eda,Franklin Street Family Apartments,landmark_and_historical_building,135 Franklin St,https://www.roemcorp.com/project/franklin-street-family-apartments,1.0,29,2,1,1,0,1,landmark_and_historical_building,2,1,1,1,1,0,0,1,1,,0,1,2,historic_site,cultural_and_historic,1.0,0,,200.0,0.0,0.0,0.0,0.0,3,0,0,0,0,1,0,1,0.0,0.0015306328,Open
2a7f5f5e-b3e1-4641-bbde-6fb38e6fe4f1,Greystar,construction_services,821 W El Camino Real,,,29,2,0,1,0,1,construction_services,2,0,0,1,1,0,0,1,1,,0,1,2,building_construction_service,services_and_business,,0,,,,,0.0,0.0,2,0,0,0,0,1,0,1,0.0,0.0015215693,Open
0f67a663-a0a3-4f89-a5ef-4ee06f52a749,Centennial Plaza ATM,financial_service,,http://centennialplazams.com/,1.0,29,2,1,1,0,0,financial_service,0,1,1,1,1,0,0,1,1,,0,0,2,financial_service,services_and_business,1.0,0,,200.0,0.0,0.0,0.0,0.0,2,0,0,0,0,1,0,1,0.0,0.0015083913,Open
b6e28614-cf02-425d-956c-340041dc4007,DZ Eyelash Extensions Salon Mountain View,barber,357 Castro St,http://www.dzlashes.com/,1.0,29,2,1,1,0,1,barber,2,1,1,1,1,0,0,1,1,,0,1,2,barber_shop,lifestyle_services,1.0,0,,405.0,0.0,0.0,0.0,0.0,3,0,0,0,0,1,0,1,0.0,0.0015054847,Open
25cde190-e669-4cea-a010-2e942d60a59b,BESV USA,active_life,103 Pioneer Way,http://besv.us/,1.0,29,2,1,1,0,1,active_life,2,1,1,1,1,0,0,1,1,,0,1,2,recreational_location,sports_and_recreation,1.0,0,,405.0,0.0,0.0,0.0,0.0,3,0,0,0,0,1,0,1,0.0,0.001485191,Open
0c2b1e38-d9e8-45f5-aaa2-bfe1da34121a,ATM CVS,atms,1041 El Monte Ave,,,29,2,0,0,0,1,atms,0,0,0,0,0,0,0,0,0,Citibank,1,1,2,atm,services_and_business,,0,,,,,0.0,0.0,1,767,1,0,0,1,0,0,0.0,0.0014716063,Open
a9eec431-23f0-4423-8857-6c593a70a6f0,ATM CVS,atms,850 California St,,,29,2,0,0,0,1,atms,0,0,0,0,0,0,0,0,0,Citibank,1,1,2,atm,services_and_business,,0,,,,,0.0,0.0,1,767,1,0,0,1,0,0,0.0,0.0014716063,Open
186ee2db-7bfa-4295-9c05-856f79d7c35d,Customer Rush Marketing,advertising_agency,800 W El Camino Real,http://www.customerrush.com/content-marketing/eliminate-content-marketing-overwhelm/,1.0,29,2,1,1,0,1,advertising_agency,2,1,1,1,1,0,0,1,1,,0,1,2,business_advertising_marketing,services_and_business,1.0,0,,405.0,0.0,0.0,0.0,0.0,3,0,0,0,0,1,0,1,0.0,0.0014710138,Open
df98f24c-1355-444c-ad8f-f616f0d6126c,Mountain View Los Altos,mountain,211 Hope St,http://www.counselingtoyou.com,1.0,29,2,1,1,0,1,mountain,2,1,1,1,1,0,0,1,1,,0,1,2,mountain,geographic_entities,1.0,0,,200.0,0.0,0.0,0.0,0.0,3,0,0,0,0,1,0,1,0.0,0.001458195,Open
b63a4a59-662f-46dd-9ab9-1bbba58fb0ab,The Dave Keefe Real Estate Team,real_estate_agent,268 Castro St,http://www.davekeefe.com/,1.0,29,2,1,1,0,1,real_estate_agent,1,1,1,1,1,0,0,1,1,,0,1,2,real_estate_agency,services_and_business,1.0,0,,200.0,0.0,0.0,0.0,0.0,3,0,0,0,0,1,0,1,0.0,0.0014465641,Open
4e32e36d-f4c1-4f45-9a48-562af2d41ea6,Pan American Collision Center,auto_body_shop,243 Moffett Blvd,http://pabody.com/body-repair-mountain-view.php,1.0,29,2,1,1,0,1,auto_body_shop,2,1,1,1,1,0,0,1,1,,0,1,2,auto_body_shop,travel_and_transportation,1.0,0,,405.0,0.0,0.0,0.0,0.0,3,0,0,0,0,1,0,1,0.0,0.001443606,Open
566d39ef-afc0-46a7-ad29-78c303e3b49c,Wong Irene S,professional_services,555 Castro St,,,29,2,0,1,0,1,professional_services,2,0,0,1,1,0,0,1,1,,0,1,2,service_location,services_and_business,,0,,,,,0.0,0.0,2,0,0,0,0,1,0,1,0.0,0.0014425342,Open
eca8419c-d11d-46a2-a172-61f8af1753b5,Newsela Fax,professional_services,148 Castro St,,,29,2,0,1,0,1,professional_services,2,0,0,1,1,0,0,1,1,,0,1,2,service_location,services_and_business,,0,,,,,0.0,0.0,2,0,0,0,0,1,0,1,0.0,0.0014425342,Open
0f353ae4-c901-40e0-9d14-eb501a4b43c3,Concentric Medical,laboratory_testing,301 E Evelyn Ave,http://www.concentric-medical.com,1.0,29,2,1,1,0,1,laboratory_testing,2,1,1,1,1,0,0,1,1,,0,1,2,diagnostic_service,health_care,1.0,0,,200.0,0.0,0.0,0.0,0.0,3,0,0,0,0,1,0,1,0.0,0.0014233245,Open
e5aa1a89-7b66-469b-989d-bdc2c2f0a9cf,Bacti-Lab,laboratory_testing,300 Pioneer Way,http://www.hardydiagnostics.com,1.0,29,2,1,1,0,1,laboratory_testing,2,1,1,1,1,0,0,1,1,,0,1,2,diagnostic_service,health_care,1.0,0,,200.0,0.0,0.0,0.0,0.0,3,0,0,0,0,1,0,1,0.0,0.0014233245,Open
9b3bffc0-8e77-4604-a1f4-560ebeb57f1c,TechnicSys,b2b_electronic_equipment,1049 El Monte Ave,http://www.technicsys.com/,1.0,29,2,1,1,0,1,b2b_electronic_equipment,0,1,1,1,1,0,0,1,1,,0,1,2,b2b_supplier_distributor,services_and_business,1.0,0,,200.0,0.0,0.0,0.0,0.0,3,0,0,0,0,1,0,1,0.0,0.0014171192,Open
d49e9b1d-c544-44f0-82d3-9400b3399e87,Sousa's Wine & Liquors,liquor_store,400 Moffett Blvd,http://sousaswine.com/,1.0,29,2,1,1,0,1,liquor_store,2,1,1,1,1,0,0,1,1,,0,1,2,liquor_store,shopping,1.0,1,14.503002618792737,405.0,0.0,0.0,0.0,0.0,3,0,0,0,0,1,0,1,0.0,0.0014089872,Open
b742bbeb-ac81-4f84-8209-162a46b39123,ABC Vacuum and Sewing Sales and Repair,sewing_and_alterations,1446 W El Camino Real,http://avacuumandsewinghospital.com/,1.0,29,2,1,1,0,1,sewing_and_alterations,2,1,1,1,1,0,0,1,1,,0,1,2,clothing_alteration_service,services_and_business,1.0,0,,405.0,0.0,0.0,0.0,0.0,3,0,0,0,0,1,0,1,0.0,0.0014086759,Open
ebe87831-2c84-4049-9556-bc0a890e7f28,Willowgate Community Gardens,attractions_and_activities,Andsbury Ave,https://www.mountainview.gov/depts/cs/rec/facilities/garden.asp,1.0,29,2,1,1,0,1,attractions_and_activities,1,1,1,1,1,0,0,1,1,,0,1,2,entertainment_location,arts_and_entertainment,1.0,0,,403.0,0.0,0.0,0.0,0.0,3,0,0,0,0,1,0,1,0.0,0.0013792233,Open
28161762-d5e4-470d-b2b8-8667009f2269,KiwiCo,commercial_real_estate,140 E Dana St,https://www.kiwico.com/,1.0,29,2,1,1,0,1,commercial_real_estate,2,1,1,1,1,0,0,0,0,,0,1,2,b2b_service,services_and_business,1.0,0,,200.0,0.0,0.0,0.0,0.0,3,0,0,0,1,1,0,0,0.0,0.0013703456,Open
734aab65-b2ba-47ae-97ef-b3bdbfdff99f,599 Castro,real_estate_agent,560 Hope St,https://www.liveatcentralpark.com/,1.0,29,2,1,1,0,1,real_estate_agent,2,1,1,1,1,0,0,1,1,,0,1,2,real_estate_agency,services_and_business,1.0,0,,403.0,0.0,0.0,0.0,0.0,3,0,0,0,0,1,0,1,0.0,0.0013575171,Open
91cb37cf-c014-4e56-bf02-b076b322846f,Katy Blus,real_estate_agent,268 Castro St,http://katyblus.actionpropertiessales.com/,1.0,29,2,1,1,0,1,real_estate_agent,2,1,1,1,1,0,0,1,1,,0,1,2,real_estate_agency,services_and_business,1.0,0,,403.0,0.0,0.0,0.0,0.0,3,0,0,0,0,1,0,1,0.0,0.0013575171,Open
1239fcd9-e068-4aba-a235-cde0891af996,Parkrich Apartments,real_estate_agent,959 Rich Ave,https://www.parkrichapts.com,1.0,29,2,1,1,0,1,real_estate_agent,2,1,1,1,1,0,0,1,1,,0,1,2,real_estate_agency,services_and_business,1.0,0,,403.0,0.0,0.0,0.0,0.0,3,0,0,0,0,1,0,1,0.0,0.0013575171,Open
294a60ba-6e7e-4ac4-a3b9-d117e3ebd117,Picturelab,graphic_designer,800 W El Camino Real Ste 180,https://www.picturelab.com/,1.0,29,2,1,1,0,1,graphic_designer,1,1,1,1,1,0,0,0,0,,0,1,2,graphic_design_service,services_and_business,1.0,0,,200.0,0.0,0.0,0.0,0.0,3,0,0,0,1,1,0,0,0.0,0.0013515558,Open
4370c15a-0c7f-4d18-86ae-0f828ce9bd35,Melody Spa,spas,607 W Dana St,https://melodyspaca.com/,0.0,29,2,1,1,0,1,spas,0,1,1,1,1,0,0,1,1,,0,1,2,spa,lifestyle_services,0.0,0,,-1.0,0.0,1.0,0.0,0.0,3,0,0,0,0,1,0,1,1.0,0.0013489634,Open
73b3e25f-3128-446d-9f4c-5e5d07e53426,Foster City Athletic Club,gym,199 E Middlefield Rd,http://www.fcathleticclub.com,0.0,29,2,1,1,0,1,gym,2,1,1,1,1,0,0,1,1,,0,1,2,gym,sports_and_recreation,0.0,0,,-1.0,0.0,1.0,0.0,0.0,3,0,0,0,0,1,0,1,1.0,0.0013031897,Open
cbc723e8-fc08-475f-bc7c-b81d0d359a3b,Smash Gyms Mountain View,gym,223 Moffett Blvd,http://www.smasheastbay.com/,0.0,29,2,1,1,0,1,gym,2,1,1,1,1,0,0,1,1,,0,1,2,gym,sports_and_recreation,0.0,0,,-1.0,0.0,1.0,0.0,0.0,3,0,0,0,0,1,0,1,1.0,0.0013031897,Open
8d691def-a557-4daa-8372-1f2beed4ebf2,California Street Market,supermarket,1595 California St,,,29,2,0,1,0,1,supermarket,2,0,0,1,1,0,0,1,1,Market Street,1,1,2,grocery_store,shopping,,0,,,,,0.0,0.0,2,6,0,0,0,1,0,1,0.0,0.001298285,Open
7677032d-5f57-4179-870a-e061f722c98e,Mountain View Little League,sports_club_and_league,939 Miramonte Ave,http://www.mvll.org/,1.0,29,2,1,1,0,1,sports_club_and_league,2,1,1,1,1,0,0,1,1,,0,1,2,sport_recreation_club,sports_and_recreation,1.0,0,,200.0,0.0,0.0,0.0,0.0,3,0,0,0,0,1,0,1,0.0,0.0012946966,Open
c8ee730f-80d6-48e1-acbb-57ac63990da0,Auto Headquarter,automotive_parts_and_accessories,230 Villa St,http://www.autoheadquarter.com/,1.0,29,2,1,1,0,1,automotive_parts_and_accessories,2,1,1,1,1,0,0,1,1,,0,1,2,specialty_store,travel_and_transportation,1.0,0,,200.0,0.0,0.0,0.0,0.0,3,0,0,0,0,1,0,1,0.0,0.0012813024,Open
eb95c2a0-cbba-452f-bf36-2bede7f73b79,Madera Apartments,landmark_and_historical_building,455 W Evelyn Ave,https://prometheusapartments.com/ca/mountain-view-apartments/madera,1.0,29,2,1,1,0,1,landmark_and_historical_building,1,1,1,1,1,0,0,1,1,,0,1,2,historic_site,cultural_and_historic,1.0,0,,403.0,0.0,0.0,0.0,0.0,3,0,0,0,0,1,0,1,0.0,0.0012577795,Open
183cda1f-ab0b-4b70-9650-b2b2905fbed5,Montrose Apartments,landmark_and_historical_building,1720 W El Camino Real,https://prometheusapartments.com/ca/mountain-view-apartments/montrose,1.0,29,2,1,1,0,1,landmark_and_historical_building,1,1,1,1,1,0,0,1,1,,0,1,2,historic_site,cultural_and_historic,1.0,0,,403.0,0.0,0.0,0.0,0.0,3,0,0,0,0,1,0,1,0.0,0.0012577795,Open
5a3d28b1-2b5a-445e-a89c-60608e75c6d7,Central Park Apartments,landmark_and_historical_building,100 N Whisman Rd,https://www.liveatcentralpark.com/,1.0,29,2,1,1,0,1,landmark_and_historical_building,1,1,1,1,1,0,0,1,1,,0,1,2,historic_site,cultural_and_historic,1.0,0,,403.0,0.0,0.0,0.0,0.0,3,0,0,0,0,1,0,1,0.0,0.0012577795,Open
00d87fc9-e120-41ff-8359-1a011efabbac,Middlefield Auto Glass Shop,windshield_installation_and_repair,236 E Middlefield Rd,,,29,2,1,1,0,1,windshield_installation_and_repair,1,1,1,1,1,0,0,0,0,,0,1,2,auto_glass_service,travel_and_transportation,,0,,,,,0.0,0.0,3,0,0,0,1,1,0,0,0.0,0.0012270071,Open
abe68175-ed12-4b76-9d0e-ceafc9ae050c,Bill's Auto Glass,windshield_installation_and_repair,144 S Whisman Rd,,,29,2,1,1,0,1,windshield_installation_and_repair,1,1,1,1,1,0,0,0,0,,0,1,2,auto_glass_service,travel_and_transportation,,0,,,,,0.0,0.0,3,0,0,0,1,1,0,0,0.0,0.0012270071,Open
6f1bdb2d-6955-473e-bc04-09bdd0b61fa6,JL Produce,fruits_and_vegetables,311 Moffett Blvd,http://www.oakmontproduce.com,0.0,29,2,1,1,0,1,fruits_and_vegetables,1,1,1,1,1,0,0,1,1,,0,1,2,produce_store,shopping,0.0,0,,-1.0,0.0,1.0,0.0,0.0,3,0,0,0,0,1,0,1,1.0,0.0012259791,Open
60e43516-73f8-4492-8b97-a858c1c70692,Elevate Group,real_estate_agent,800 W El Camino Real,https://www.goelevategroup.com/members/jen-beehler/,1.0,29,2,1,1,0,1,real_estate_agent,2,1,1,1,1,0,0,1,1,,0,1,2,real_estate_agency,services_and_business,1.0,0,,200.0,0.0,0.0,0.0,0.0,3,0,0,0,0,1,0,1,0.0,0.0012201791,Open
cfc45e65-12c7-43c9-b82c-21b648a08d2e,Americas Best Value Inn Mountain View,resort,1012 W El Camino Real,,,29,2,1,1,0,1,resort,3,1,1,1,1,0,0,0,0,,0,1,2,resort,lodging,,0,,,,,0.0,0.0,3,0,0,0,1,1,0,0,0.0,0.0012177995,Open
854500c8-7c4e-4002-b7f5-acfec9549938,Resume Target Palo Alto,career_counseling,800 W El Camino Real #180,,,29,2,1,1,0,1,career_counseling,2,1,1,1,1,0,0,0,0,,0,1,2,educational_service,services_and_business,,0,,,,,0.0,0.0,3,0,0,0,1,1,0,0,0.0,0.0012052698,Open
65c37f55-d9f2-4ff8-a52c-c2d3bf40304c,Optical Center | Kaiser Permanente Mountain View Medical Offices,eye_care_clinic,555 Castro St 1st Floor,,,29,2,1,1,0,1,eye_care_clinic,1,1,1,1,1,0,0,0,0,,0,1,2,eye_care,health_care,,0,,,,,0.0,0.0,3,0,0,0,1,1,0,0,0.0,0.0011803934,Open
22320ba2-35af-47d5-a2e4-342fb56ff1c6,Goosehead Insurance - Ivan Calvillo,insurance_agency,235 E Middlefield Rd,https://www.goosehead.com/agents/ca/mountain-view/ivan-calvillo?utm_source=facebook&utm_medium=organic_search&utm_campaign=yext,1.0,29,2,1,1,0,1,insurance_agency,0,1,1,1,1,0,0,1,1,Goosehead Insurance,1,1,2,insurance_agency,services_and_business,1.0,0,,200.0,0.0,0.0,0.0,0.0,3,12,0,0,0,1,0,1,0.0,0.0011787108,Open
00726591-6baf-4fe7-af27-b53e6e7df601,Frequence,advertising_agency,155 E Dana St,https://www.frequence.com/,1.0,29,2,1,1,0,1,advertising_agency,1,1,1,1,1,0,0,1,1,,0,1,2,business_advertising_marketing,services_and_business,1.0,0,,200.0,0.0,0.0,0.0,0.0,3,0,0,0,0,1,0,1,0.0,0.0011667424,Open
813fe177-9695-489e-9fac-39033f0d5bc5,GMCstream,advertising_agency,650 Castro St,http://www.gmcstream.com/,1.0,29,2,1,1,0,1,advertising_agency,1,1,1,1,1,0,0,1,1,,0,1,2,business_advertising_marketing,services_and_business,1.0,0,,200.0,0.0,0.0,0.0,0.0,3,0,0,0,0,1,0,1,0.0,0.0011667424,Open
b1ebf506-5a2f-4583-860c-4dce4437a514,MichRoFit,gym,Shoreline West,http://www.michrofit.com/,0.0,29,2,1,1,0,1,gym,2,1,1,1,1,0,0,1,1,,0,1,2,gym,sports_and_recreation,0.0,0,,404.0,1.0,0.0,0.0,0.0,3,0,0,0,0,1,0,1,1.0,0.0011640394,Open
c594ef32-142d-4067-b0af-9929bd523390,Dynatrace LLC,software_development,401 Castro St SE,https://careers.dynatrace.com/locations/san-mateo/,0.0,29,2,1,1,0,1,software_development,2,1,1,1,1,0,0,0,0,,0,1,2,software_development,services_and_business,0.0,0,,404.0,1.0,0.0,0.0,0.0,3,0,0,0,1,1,0,0,0.0,0.0011499625,Open
b5014514-64b2-4763-b335-a2018040e90d,Brandy Vanderheiden MFT SEP,counseling_and_mental_health,1580 W El Camino Real,http://www.brandyvanderheiden.com/,0.0,29,2,1,1,0,1,counseling_and_mental_health,0,1,1,1,1,0,0,1,1,,0,1,2,mental_health,health_care,0.0,0,,406.0,1.0,0.0,0.0,0.0,3,0,0,0,0,1,0,1,1.0,0.001136098,Open
517c2308-01ca-47f9-9cc1-5d78d13ad696,Vantage Local,marketing_consultant,320 Mountain View Ave,http://www.vantagelocal.com/,0.0,29,2,1,1,0,1,marketing_consultant,7,1,1,1,1,0,0,0,0,,0,1,2,business_advertising_marketing,services_and_business,0.0,0,,-2.0,0.0,1.0,0.0,0.0,3,0,0,0,1,1,0,0,0.0,0.0011184025,Open
2d9c76e8-36f7-4e10-9449-3950ee1d1d22,HBYM Tramites Legales,passport_and_visa_services,"699601 View St, Mountain view, CA 94041, EUA  ",,,29,2,0,1,0,1,passport_and_visa_services,0,0,0,1,1,0,0,1,1,,0,1,2,passport_visa_service,travel_and_transportation,,0,,,,,0.0,0.0,2,0,0,0,0,1,0,1,0.0,0.0011069656,Open
41eb0fe0-00a8-428a-9aa0-c3b5cc06f49c,Mountain View Chinese Christian Church,church_cathedral,175 E Dana St,http://www.mvccc.org,1.0,29,2,1,1,0,1,church_cathedral,1,1,1,1,1,0,0,1,1,,0,1,2,christian_place_of_worshop,cultural_and_historic,1.0,0,,200.0,0.0,0.0,0.0,0.0,3,0,0,0,0,1,0,1,0.0,0.0011006555,Open
899eabad-e144-4f77-ad13-33985ade636a,St. Stephen Lutheran Church,church_cathedral,320 Moorpark Way,http://www.sslcwest.org/,1.0,29,2,1,1,0,1,church_cathedral,1,1,1,1,1,0,0,1,1,,0,1,2,christian_place_of_worshop,cultural_and_historic,1.0,0,,200.0,0.0,0.0,0.0,0.0,3,0,0,0,0,1,0,1,0.0,0.0011006555,Open
0c3323cf-fc7f-450e-84b1-66496029d161,Shoreline Community Church,church_cathedral,211 Church St,http://www.shorelinecc.org,1.0,29,2,1,1,0,1,church_cathedral,1,1,1,1,1,0,0,1,1,,0,1,2,christian_place_of_worshop,cultural_and_historic,1.0,0,,200.0,0.0,0.0,0.0,0.0,3,0,0,0,0,1,0,1,0.0,0.0011006555,Open
53b88eab-14f1-4e3c-ae63-476a406dff82,Church in Mountain View,church_cathedral,912 W El Camino Real,https://thechurchinmountainview.org,1.0,29,2,1,1,0,1,church_cathedral,1,1,1,1,1,0,0,1,1,,0,1,2,christian_place_of_worshop,cultural_and_historic,1.0,0,,200.0,0.0,0.0,0.0,0.0,3,0,0,0,0,1,0,1,0.0,0.0011006555,Open
de7dd757-a9d6-469e-a17f-86016459651d,Hampton Inn & Suites Mountain View,hotel,390 Moffett Blvd,https://www.hilton.com/en/hotels/nuqcahx-hampton-suites-mountain-view/,1.0,29,2,1,1,0,1,hotel,2,1,1,1,1,0,0,1,1,,0,1,2,hotel,lodging,1.0,0,,403.0,0.0,0.0,0.0,0.0,3,0,0,0,0,1,0,1,0.0,0.0010940009,Open
006ae317-6392-4055-ab53-3fd82df417a2,Therapeutic Massage by Marjie,massage,285A Pettis Ave,http://www.massagebymarjie.com/,1.0,29,2,1,1,0,1,massage,3,1,1,1,1,0,0,0,0,,0,1,2,massage_therapy,health_care,1.0,0,,200.0,0.0,0.0,0.0,0.0,3,0,0,0,1,1,0,0,0.0,0.0010939498,Open
6c57a78b-0316-42ad-b31e-5b24c24c4746,Perfect salon,beauty_salon,744 Villa St,https://www.groupon.com/biz/mountain-view-ca/perfect-salon,0.0,29,2,1,1,0,1,beauty_salon,2,1,1,1,1,0,0,1,1,,0,1,2,beauty_salon,lifestyle_services,0.0,0,,410.0,1.0,0.0,0.0,0.0,3,0,0,0,0,1,0,1,1.0,0.0010876729,Open
e4a3e51f-ec05-429a-8fad-e65b5d270643,Top Hair Nails,beauty_salon,205 E Middlefield Rd,https://www.groupon.com/biz/mountain-view-ca/top-hair-nail,0.0,29,2,1,1,0,1,beauty_salon,2,1,1,1,1,0,0,1,1,,0,1,2,beauty_salon,lifestyle_services,0.0,0,,410.0,1.0,0.0,0.0,0.0,3,0,0,0,0,1,0,1,1.0,0.0010876729,Open
cddb9049-0481-40f7-b44f-db3fa3a084c6,Sole Di Paradiso,tanning_salon,1039 El Monte Ave,http://www.soletan.com/,1.0,29,2,1,1,0,1,tanning_salon,2,1,1,1,1,0,0,1,1,,0,1,2,tanning_salon,lifestyle_services,1.0,0,,405.0,0.0,0.0,0.0,0.0,3,0,0,0,0,1,0,1,0.0,0.0010831981,Open
c98e1870-92cd-400b-8661-a63a2298ed76,Opus 1 Music Studio,music_school,284 Moffett Blvd,http://musicopus1.com/,1.0,29,2,1,1,0,1,music_school,0,1,1,1,1,0,0,1,1,Opus 1 Music Studio,1,1,2,specialty_school,education,1.0,0,,200.0,0.0,0.0,0.0,0.0,3,0,0,0,0,1,0,1,0.0,0.001076675,Open
61ae7175-5505-4be1-990e-cb6aa6ccddd5,100 Moffett Apartments,landmark_and_historical_building,100 Moffett Blvd,https://prometheusapartments.com/san-francisco-bay-area-apartments/san-francisco-south-bay/100-moffett,1.0,29,2,1,1,0,1,landmark_and_historical_building,2,1,1,1,1,0,0,1,1,,0,1,2,historic_site,cultural_and_historic,1.0,0,,403.0,0.0,0.0,0.0,0.0,3,0,0,0,0,1,0,1,0.0,0.0010701495,Open
c90e9c94-24d7-492e-94ca-d4e2355c10cc,Park Place Apartments,landmark_and_historical_building,851 Church St,http://www.parkplace-apts.com,1.0,29,2,1,1,0,1,landmark_and_historical_building,2,1,1,1,1,0,0,1,1,,0,1,2,historic_site,cultural_and_historic,1.0,0,,403.0,0.0,0.0,0.0,0.0,3,0,0,0,0,1,0,1,0.0,0.0010701495,Open
621a5e32-85ad-41ef-94e6-ffc60f507768,Historic Adobe Building,landmark_and_historical_building,157 Moffett Blvd,http://www.mountainview.gov/reservations,1.0,29,2,1,1,0,1,landmark_and_historical_building,2,1,1,1,1,0,0,1,1,,0,1,2,historic_site,cultural_and_historic,1.0,0,,403.0,0.0,0.0,0.0,0.0,3,0,0,0,0,1,0,1,0.0,0.0010701495,Open
cb3bd3da-5855-470f-a259-db35f14554f6,Station 361,landmark_and_historical_building,110 Calderon Ave,https://twitter.com/Station_361,1.0,29,2,1,1,0,1,landmark_and_historical_building,2,1,1,1,1,0,0,1,1,,0,1,2,historic_site,cultural_and_historic,1.0,0,,403.0,0.0,0.0,0.0,0.0,3,0,0,0,0,1,0,1,0.0,0.0010701495,Open
93905b2d-5114-4d72-9500-ec68d3b4b46b,Central Park at Whisman Station,landmark_and_historical_building,100 N Whisman Rd,https://www.liveatcentralpark.com,1.0,29,2,1,1,0,1,landmark_and_historical_building,2,1,1,1,1,0,0,1,1,,0,1,2,historic_site,cultural_and_historic,1.0,0,,403.0,0.0,0.0,0.0,0.0,3,0,0,0,0,1,0,1,0.0,0.0010701495,Open
329c4666-b78d-4bf0-99a6-5601d3ccf484,Montrose Apartments East Building,landmark_and_historical_building,1616 W El Camino Real,https://prometheusapartments.com/san-francisco-bay-area-apartments/san-francisco-south-bay/montrose,1.0,29,2,1,1,0,1,landmark_and_historical_building,2,1,1,1,1,0,0,1,1,,0,1,2,historic_site,cultural_and_historic,1.0,0,,403.0,0.0,0.0,0.0,0.0,3,0,0,0,0,1,0,1,0.0,0.0010701495,Open
eea20642-7ea5-45ec-affc-4db47fa3af0d,Greenwood Apartments,landmark_and_historical_building,1797 California St,https://www.thegreenwoodapts.com,1.0,29,2,1,1,0,1,landmark_and_historical_building,2,1,1,1,1,0,0,1,1,,0,1,2,historic_site,cultural_and_historic,1.0,0,,403.0,0.0,0.0,0.0,0.0,3,0,0,0,0,1,0,1,0.0,0.0010701495,Open
83387839-8275-458b-9c05-935b1d14f592,MKF,printing_services,800 W El Camino Real,http://www.mkfimpact.org/,0.0,29,2,1,1,0,1,printing_services,2,1,1,1,1,0,0,1,1,,0,1,2,printing_service,services_and_business,0.0,0,,-2.0,0.0,1.0,0.0,0.0,3,0,0,0,0,1,0,1,1.0,0.0010630382,Open
6c94723e-3494-4ed3-b079-42f4f710f435,Mountain View Farmers' Market,farmers_market,600 W Evelyn Ave,https://markets.farmland.org/markets/308774,1.0,29,2,1,1,0,1,farmers_market,2,1,1,1,1,0,0,1,1,,0,1,2,farmers_market,shopping,1.0,0,,429.0,0.0,0.0,0.0,0.0,3,0,0,0,0,1,0,1,0.0,0.0010434774,Open
c8ff339c-add7-474d-bdbe-acc73d1c0853,Credit Sesame,credit_and_debt_counseling,444 Castro St,https://smart.link/tiiwu5ih4lwd1,1.0,29,2,1,1,0,1,credit_and_debt_counseling,2,1,1,1,1,0,0,1,1,,0,1,2,financial_service,services_and_business,1.0,0,,405.0,0.0,0.0,0.0,0.0,3,0,0,0,0,1,0,1,0.0,0.0010411831,Open
27bb6dd7-c903-465e-98e0-ef1f3280a6f4,Yoga Belly,yoga_studio,275 Moffett Blvd,https://linktr.ee/yogabelly,1.0,29,2,1,1,0,1,yoga_studio,2,1,1,1,1,0,0,1,1,,0,1,2,fitness_studio,sports_and_recreation,1.0,0,,200.0,0.0,0.0,0.0,0.0,3,0,0,0,0,1,0,1,0.0,0.0010398696,Open
1e78f538-b2f0-4700-bf18-bc79e7b25cd4,Crave Yoga,yoga_studio,257 Moffett Blvd,http://www.craveyoga-mv.com/,1.0,29,2,1,1,0,1,yoga_studio,2,1,1,1,1,0,0,1,1,,0,1,2,fitness_studio,sports_and_recreation,1.0,0,,200.0,0.0,0.0,0.0,0.0,3,0,0,0,0,1,0,1,0.0,0.0010398696,Open
5ce9a5bb-2892-4081-856f-7282c713327c,Air National Guard Recruiting - 129th Rescue Wing,employment_agencies,654 Johnny Luv Lave ,http://www.goang.com/,1.0,29,2,1,1,0,1,employment_agencies,2,1,1,1,1,0,0,1,1,,0,1,2,human_resource_service,services_and_business,1.0,0,,200.0,0.0,0.0,0.0,0.0,3,0,0,0,0,1,0,1,0.0,0.0010176862,Open
3a9aabee-04e2-4cf3-9d4a-27ea817ef63d,Blue Field Law,legal_services,280 Leslie Ct,https://bluefieldlaw.com/,1.0,29,2,1,1,0,1,legal_services,1,1,1,1,1,0,0,1,1,,0,1,2,legal_service,services_and_business,1.0,0,,200.0,0.0,0.0,1.0,0.0,3,0,0,0,0,1,0,1,0.0,0.0010100713,Open
8a3f03eb-a3b3-4437-a80b-b9eed52502fd,Trucking Companies Hiring,freight_and_cargo_service,800 W El Camino Real,https://www.truckingcompanieshiring.com/,1.0,29,2,1,1,0,1,freight_and_cargo_service,1,1,1,1,1,0,0,1,1,,0,1,2,shipping_delivery_service,services_and_business,1.0,0,,200.0,0.0,0.0,0.0,0.0,3,0,0,0,0,1,0,1,0.0,0.0009840534,Open
42be0564-d205-49c9-9764-7f461456cdb8,Julian's Skin Studio,skin_care,229 Polaris Ave,,,29,2,0,1,0,1,skin_care,2,0,0,1,1,0,0,1,1,,0,1,2,personal_service,lifestyle_services,,0,,,,,0.0,0.0,2,0,0,0,0,1,0,1,0.0,0.00097241567,Open
523d8e95-5d9c-4ec4-a20e-71f63cd49b86,Protonshub Technologies,software_development,800 W El Camino Real,http://www.protonshub.com/?utm_source=facebook&utm_medium=page,1.0,29,2,1,1,0,1,software_development,0,1,1,1,1,0,0,1,1,,0,1,2,software_development,services_and_business,1.0,0,,200.0,0.0,0.0,0.0,0.0,3,0,0,0,0,1,0,1,0.0,0.0009540157,Open
9482f6d5-cb72-4504-b469-432b94751734,Stampli,software_development,800 California St,https://www.stampli.com/,1.0,29,2,1,1,0,1,software_development,0,1,1,1,1,0,0,1,1,,0,1,2,software_development,services_and_business,1.0,0,,200.0,0.0,0.0,0.0,0.0,3,0,0,0,0,1,0,1,0.0,0.0009540157,Open
59036ff1-77b3-4c36-a72a-a97dc0a37a35,EVelopers,software_development,800 W El Camino Real,http://evelopers.com/,1.0,29,2,1,1,0,1,software_development,0,1,1,1,1,0,0,1,1,,0,1,2,software_development,services_and_business,1.0,0,,200.0,0.0,0.0,0.0,0.0,3,0,0,0,0,1,0,1,0.0,0.0009540157,Open
c4487e29-a76d-4303-aab0-280708299223,Omnify,software_development,800 W El Camino Real,https://www.getomnify.com/,1.0,29,2,1,1,0,1,software_development,0,1,1,1,1,0,0,1,1,,0,1,2,software_development,services_and_business,1.0,0,,200.0,0.0,0.0,0.0,0.0,3,0,0,0,0,1,0,1,0.0,0.0009540157,Open
3adb8a92-73e9-447e-9118-71ce44f6ac25,Utobo Inc,software_development,800 W El Camino Real,http://online.utobo.com/,1.0,29,2,1,1,0,1,software_development,0,1,1,1,1,0,0,1,1,,0,1,2,software_development,services_and_business,1.0,0,,200.0,0.0,0.0,0.0,0.0,3,0,0,0,0,1,0,1,0.0,0.0009540157,Open
66ca1459-c892-4c36-b658-4f013c0f90eb,"Ricksoft, Inc.",software_development,800 W El Camino Real,https://www.ricksoft-inc.com/,1.0,29,2,1,1,0,1,software_development,0,1,1,1,1,0,0,1,1,,0,1,2,software_development,services_and_business,1.0,0,,200.0,0.0,0.0,0.0,0.0,3,0,0,0,0,1,0,1,0.0,0.0009540157,Open
5e3cbf11-2f04-4730-9e3d-5b542d0636a5,Viakoo,software_development,650 Castro St,https://www.viakoo.com/,1.0,29,2,1,1,0,1,software_development,0,1,1,1,1,0,0,1,1,,0,1,2,software_development,services_and_business,1.0,0,,200.0,0.0,0.0,0.0,0.0,3,0,0,0,0,1,0,1,0.0,0.0009540157,Open
b1b1e1cf-646f-4fe2-84f5-929b3bbcd537,Mountain View Car Rentals,car_rental_agency,555 W Middlefield Rd,http://www.mountainviewcarrental.weebly.com,1.0,29,2,1,1,0,1,car_rental_agency,2,1,1,1,1,0,0,1,1,,0,1,2,auto_rental_service,services_and_business,1.0,0,,200.0,0.0,0.0,0.0,0.0,3,0,0,0,0,1,0,1,0.0,0.0009537521,Open
5e07403c-465d-4442-b429-289762f49406,New Vine Community Church,church_cathedral,360 S Shoreline Blvd,https://newvine.cc/,1.0,29,2,1,1,0,1,church_cathedral,2,1,1,1,1,0,0,1,1,,0,1,2,christian_place_of_worshop,cultural_and_historic,1.0,0,,200.0,0.0,0.0,0.0,0.0,3,0,0,0,0,1,0,1,0.0,0.0009364425,Open
43bc3781-02c8-4d78-b494-709268a78025,Bay Area Tamil Catholic Community - BATCC,church_cathedral,582 Hope St,http://tamilcatholic.com/,1.0,29,2,1,1,0,1,church_cathedral,2,1,1,1,1,0,0,1,1,,0,1,2,christian_place_of_worshop,cultural_and_historic,1.0,0,,200.0,0.0,0.0,0.0,0.0,3,0,0,0,0,1,0,1,0.0,0.0009364425,Open
80446b11-f232-4617-a8fc-317f12d71873,Travelzoo Com Sales,travel_services,800 W El Camino Real,http://ir.travelzoo.com,1.0,29,2,1,1,0,1,travel_services,2,1,1,1,1,0,0,1,1,,0,1,2,travel_service,travel_and_transportation,1.0,0,,403.0,0.0,0.0,0.0,0.0,3,0,0,0,0,1,0,1,0.0,0.00093377323,Open
ffb07c76-9208-4bc1-96ba-af8306d6b60d,QuickFix Computer Services & Repair Center,data_recovery,1398 W El Camino Real #E,http://www.quickfixba.com/,1.0,29,2,1,1,0,1,data_recovery,5,1,1,1,1,0,0,0,0,,0,1,2,technical_service,services_and_business,1.0,0,,200.0,0.0,0.0,0.0,0.0,3,0,0,0,1,1,0,0,0.0,0.0009156901,Open
ebc870ba-b8b4-40e3-9948-a8a1470f0cde,Dandies Barbershop and Beard Stylist,barber,357 Castro St,https://www.dandiesbarber.com/,1.0,29,2,1,1,0,1,barber,1,1,1,1,1,0,0,1,1,,0,1,2,barber_shop,lifestyle_services,1.0,0,,200.0,0.0,0.0,0.0,0.0,3,0,0,0,0,1,0,1,0.0,0.0009055281,Open
51e15270-2f8d-4f22-8b96-023a62f163e8,Advanced Auto Repair Center,auto_body_shop,83 Pioneer Way,http://www.aaccmv.com/,1.0,29,2,1,1,0,1,auto_body_shop,1,1,1,1,1,0,0,1,1,,0,1,2,auto_body_shop,travel_and_transportation,1.0,0,,200.0,0.0,0.0,0.0,0.0,3,0,0,0,0,1,0,1,0.0,0.000899794,Open
ef897fc6-d2d2-4cc0-b8a1-8fc6ba8f2d01,Premier Airport Shuttle,airport_shuttles,800 W El Camino Real,http://www.bookmyairportshuttle.com/,1.0,29,2,1,1,0,1,airport_shuttles,1,1,1,1,1,0,0,1,1,,0,1,2,air_transport_facility_service,travel_and_transportation,1.0,0,,200.0,0.0,0.0,0.0,0.0,3,0,0,0,0,1,0,1,0.0,0.000899794,Open
583dfb84-0358-4ef9-8d7a-4e5d2d66401c,Skycorp Incorporated,travel_services,285 Mountain View Ave,http://www.skycorpinc.com/,1.0,29,2,1,1,0,1,travel_services,1,1,1,1,1,0,0,1,1,,0,1,2,travel_service,travel_and_transportation,1.0,0,,200.0,0.0,0.0,0.0,0.0,3,0,0,0,0,1,0,1,0.0,0.000899794,Open
27e7fd2f-1c91-4602-aa29-fe4e494a4fe2,Interior Door Replacement Company,interior_design,300 Pioneer Way Ste B,,,29,2,1,1,0,1,interior_design,2,1,1,1,1,0,0,0,0,,0,1,2,interior_design_service,services_and_business,,0,,,,,0.0,0.0,3,0,0,0,1,1,0,0,0.0,0.00088698557,Open
bfb5d169-d96d-4175-861f-1de80e26ca4e,mountain-view-radiator-towing,automotive_repair,624 W El Camino Real,http://www.mtviewradiator.com,1.0,29,2,1,1,0,1,automotive_repair,2,1,1,1,1,0,0,1,1,,0,1,2,auto_repair_service,travel_and_transportation,1.0,0,,405.0,0.0,0.0,0.0,0.0,3,0,0,0,0,1,0,1,0.0,0.00087627885,Open
f05b7afb-2a20-444a-82d0-b4b900c801a5,Building Kidz of Mountain View,preschool,250 E Dana St,https://www.buildingkidzschool.com/mountain-view,1.0,29,2,1,1,0,1,preschool,3,1,1,1,1,0,0,0,0,,0,1,2,preschool,education,1.0,0,,200.0,0.0,0.0,0.0,0.0,3,0,0,0,1,1,0,0,0.0,0.00087456306,Open
4e7b7528-35cc-4bea-aba2-0405ea11c68f,Super 8,hotel,1665 W El Camino Real,https://www.wyndhamhotels.com/super-8/mountain-view-california/super-8-mountain-view/overview,1.0,29,2,1,1,0,1,hotel,2,1,1,1,1,0,0,1,1,,0,1,2,hotel,lodging,1.0,0,,200.0,0.0,0.0,0.0,0.0,3,0,0,0,0,1,0,1,0.0,0.0008740845,Open
7eb8c6c4-d076-4c65-bdd5-e38fd6466dc3,TR Music & Voice Lessons,music_school,185 Escuela Ave,https://www.taylorrobinsonmusic.com/,1.0,29,2,1,1,0,1,music_school,2,1,1,1,1,0,0,0,0,,0,1,2,specialty_school,education,1.0,0,,200.0,0.0,0.0,0.0,0.0,3,0,0,0,1,1,0,0,0.0,0.0008734796,Open
ba3dcef4-482a-404b-a207-d4ab7c099852,Good on Digital,advertising_agency,1720 Villa St,http://www.goodondigital.com/,1.0,29,2,1,0,0,1,advertising_agency,2,1,1,0,0,0,0,1,1,,0,1,2,business_advertising_marketing,services_and_business,1.0,0,,200.0,0.0,0.0,0.0,0.0,2,0,0,0,0,1,0,1,0.0,0.00085957197,Open
0d7ff3a0-bbcf-4810-9fc1-761c791dc51f,Giants Liquor and Services,liquor_store,235 E Middlefield Rd,,,29,2,0,1,0,1,liquor_store,2,0,0,1,1,0,0,1,1,,0,1,2,liquor_store,shopping,,0,,,,,0.0,0.0,2,0,0,0,0,1,0,1,0.0,0.00085596874,Open
3e2f8cf7-3557-451f-8af4-8f7942144cfc,Mountain View Transit Center,transportation,600 W Evelyn Ave,,,29,2,0,0,0,1,transportation,1,0,0,0,0,0,0,1,1,,0,1,2,transportation_location,travel_and_transportation,,0,,,,,0.0,0.0,1,0,0,0,0,1,0,1,0.0,0.00084038073,Open
7ed0c8e5-83e3-43fa-a588-a6ae03d2f594,Sunday Assembly Silicon Valley,community_services_non_profits,890 Church St,http://sundayassemblysiliconvalley.org/,1.0,29,2,1,0,0,1,community_services_non_profits,0,1,1,0,0,0,0,1,1,,0,1,2,social_or_community_service,community_and_government,1.0,0,,200.0,0.0,0.0,0.0,0.0,2,0,0,0,0,1,0,1,0.0,0.0008401493,Open
4ed04766-97bb-41ea-baf9-aef2dce0585f,CD Web Marketing,marketing_agency,800 W El Camino Real,,,29,2,0,1,0,1,marketing_agency,2,0,0,1,1,0,0,1,1,,0,1,2,business_advertising_marketing,services_and_business,,0,,,,,0.0,0.0,2,0,0,0,0,1,0,1,0.0,0.0008356697,Open
c1d242fe-84a4-4da5-b1b4-19c88fb579c6,Francis Roofing,roofing,257 Castro St,https://www.francisroofing.com/,0.0,29,2,1,1,0,1,roofing,0,1,1,1,1,0,0,1,1,,0,1,2,roofing_service,services_and_business,0.0,0,,-1.0,0.0,1.0,0.0,0.0,3,0,0,0,0,1,0,1,1.0,0.00082281744,Open
c4e8bae9-0fa1-4e5c-b0f0-8cfccb67f2af,Dealpoint USA,professional_services,800 W El Camino Real,http://Dealpointusa.com/,1.0,29,2,1,1,0,1,professional_services,0,1,1,1,1,0,0,1,1,,0,1,2,service_location,services_and_business,1.0,0,,200.0,0.0,0.0,0.0,0.0,3,0,0,0,0,1,0,1,0.0,0.0008134697,Open
e45a8bb9-a10b-4c00-9828-98e229390213,Auto Service & Performance,automotive_repair,230 Villa St,,,29,2,0,1,0,1,automotive_repair,2,0,0,1,1,0,0,1,1,,0,1,2,auto_repair_service,travel_and_transportation,,0,,,,,0.0,0.0,2,0,0,0,0,1,0,1,0.0,0.00080912036,Open
502d22b1-9c26-40ef-8e96-e132983753dd,Lee's Auto Center,automotive_repair,705 W Dana St,,,29,2,0,1,0,1,automotive_repair,2,0,0,1,1,0,0,1,1,,0,1,2,auto_repair_service,travel_and_transportation,,0,,,,,0.0,0.0,2,0,0,0,0,1,0,1,0.0,0.00080912036,Open
ee90b85f-68e6-4936-83ae-88132b37c039,Spangler Mortuary,funeral_services_and_cemeteries,799 Castro St,http://www.spanglermortuary.com/,1.0,29,2,1,1,0,1,funeral_services_and_cemeteries,0,1,1,1,1,0,0,1,1,,0,1,2,funeral_service,services_and_business,1.0,0,,200.0,0.0,0.0,0.0,0.0,3,0,0,0,0,1,0,1,0.0,0.0008081418,Open
c2d089ee-4eeb-450d-9f11-29c18f7bac92,Study.com,educational_services,100 View St,http://study.com/,1.0,29,2,1,1,0,1,educational_services,2,1,1,1,1,0,0,1,1,,0,1,2,educational_service,education,1.0,0,,403.0,0.0,0.0,0.0,0.0,3,0,0,0,0,1,0,1,0.0,0.00080797926,Open
d79e00c6-dd4e-414d-96c7-993e04b4ca4f,Google's Children's Center At The Woods,home_service,325 Gladys Ave,,,29,2,0,1,0,1,home_service,1,0,0,1,1,0,0,1,1,,0,1,2,home_service,services_and_business,,0,,,,,0.0,0.0,2,0,0,0,0,1,0,1,0.0,0.00080024067,Open
7eba6519-49b7-4087-8687-d823764eac98,Accenture,business_management_services,650 Castro St,https://www.accenture.com/us-en/about/company-index?c=acn_glb_locationmarketiyext_14215395&n=otc_1224,1.0,29,2,1,1,0,1,business_management_services,4,1,1,1,1,0,0,0,0,,0,1,2,business_management_service,services_and_business,1.0,0,,200.0,0.0,0.0,0.0,0.0,3,0,0,0,1,1,0,0,0.0,0.0007984229,Open
dfcf2023-7cf4-471a-b989-1e160ad0eb5a,Edvidya,tutoring_center,,http://edvidya.org/,1.0,29,2,1,1,0,0,tutoring_center,0,1,1,1,1,0,0,1,1,,0,0,2,tutoring_service,education,1.0,0,,200.0,0.0,0.0,0.0,0.0,2,0,0,0,0,1,0,1,0.0,0.00079435826,Open
4ca2328e-1a39-4d9e-a04d-490fa4f5d108,Middlefield Meadows,accommodation,121 Flynn Ave,http://sanjosecondomania.com/condos/MIDDLEFIELD-MEADOWS.php,1.0,29,2,1,0,0,1,accommodation,2,1,1,0,0,0,0,1,1,,0,1,2,accommodation,lodging,1.0,0,,200.0,0.0,0.0,0.0,0.0,2,0,0,0,0,1,0,1,0.0,0.0007891622,Open
d71993dd-9fe5-4f27-adda-a0985f77c101,Wang Benjamin DDS,dentist,682 Villa St,,,29,2,0,1,0,1,dentist,2,0,0,1,1,0,0,1,1,,0,1,2,general_dentistry,health_care,,0,,,,,0.0,0.0,2,0,0,0,0,1,0,1,0.0,0.00078668783,Open
45eeb06c-a479-4d9e-a018-9c9c7153d5f8,Blossom True Value Hardware,hardware_store,1297 W El Camino Real,https://stores.truevalue.com/ca/mountain-view/8055/,1.0,29,2,1,1,0,1,hardware_store,2,1,1,1,1,0,0,1,1,True Value,1,1,2,hardware_store,shopping,1.0,0,,200.0,0.0,0.0,0.0,0.0,3,90,0,0,0,1,0,1,0.0,0.0007769239,Open
3aa584df-1e22-463c-b827-c70d8b304a81,True Value,hardware_store,1297 W El Camino Real,http://www.roundshardware.com,1.0,29,2,1,1,0,1,hardware_store,2,1,1,1,1,0,0,1,1,True Value,1,1,2,hardware_store,shopping,1.0,0,,200.0,0.0,0.0,0.0,0.0,3,90,0,0,0,1,0,1,0.0,0.0007769239,Open
b0c43484-a071-4b76-881a-4980ebb5a53b,WellnessNr5 Day Spa,spas,321 Oak St,,,29,2,0,0,0,1,spas,2,0,0,0,0,0,0,1,1,,0,1,2,spa,lifestyle_services,,0,,,,,0.0,0.0,1,0,0,0,0,1,0,1,0.0,0.00077465986,Open
f7344936-ac7b-45c3-be70-675a038192ca,Dolatch Construction Inc,construction_services,800 W El Camino Real,http://www.dolatch.com/,1.0,29,2,1,1,0,1,construction_services,1,1,1,1,1,0,0,1,1,,0,1,2,building_construction_service,services_and_business,1.0,0,,200.0,0.0,0.0,0.0,0.0,3,0,0,0,0,1,0,1,0.0,0.0007734866,Open
cba53c0f-1d99-46ca-91ce-5fc9e2f9f616,SF2 Construction,construction_services,217 Ada Ave,https://SF2construction.com/,1.0,29,2,1,1,0,1,construction_services,1,1,1,1,1,0,0,1,1,,0,1,2,building_construction_service,services_and_business,1.0,0,,200.0,0.0,0.0,0.0,0.0,3,0,0,0,0,1,0,1,0.0,0.0007734866,Open
63e2cc88-23af-4fb3-8493-5c9051fda8c0,Pet Sitting To The MAX,pet_sitting,1510 W El Camino Real,http://www.petsittingtothemax.com/,1.0,29,2,1,1,0,1,pet_sitting,2,1,1,1,1,0,0,1,1,,0,1,2,pet_sitting,lifestyle_services,1.0,0,,200.0,0.0,0.0,0.0,0.0,3,0,0,0,0,1,0,1,0.0,0.0007704048,Open
286c2a62-13b8-4dff-8b12-38f23c346d53,Suzy Barber,barber,1051 W El Camino Real,http://www.boosky.com/,1.0,29,2,1,1,0,1,barber,2,1,1,1,1,0,0,1,1,,0,1,2,barber_shop,lifestyle_services,1.0,0,,200.0,0.0,0.0,0.0,0.0,3,0,0,0,0,1,0,1,0.0,0.0007704048,Open
beabcf39-defa-4445-99d6-e393922d9ecd,Ayurgamaya,travel_services,1475 California St,http://www.ayurgamaya.com/,1.0,29,2,1,1,0,1,travel_services,2,1,1,1,1,0,0,1,1,,0,1,2,travel_service,travel_and_transportation,1.0,0,,200.0,0.0,0.0,0.0,0.0,3,0,0,0,0,1,0,1,0.0,0.0007655257,Open
66d87def-f0f9-41eb-9c18-5f858f574622,Storidge,software_development,650 Castro St,http://www.storidge.com/,1.0,29,2,1,1,0,1,software_development,1,1,1,1,1,0,0,1,1,,0,1,2,software_development,services_and_business,1.0,0,,405.0,0.0,0.0,0.0,0.0,3,0,0,0,0,1,0,1,0.0,0.00076206075,Open
9434be77-d2fa-4309-888b-50fa5aac6fd4,Megagon Labs,computer_hardware_company,444 Castro St,http://www.megagon.ai/,1.0,29,2,1,1,0,1,computer_hardware_company,1,1,1,1,1,0,0,1,1,,0,1,2,technical_service,services_and_business,1.0,0,,200.0,0.0,0.0,0.0,0.0,3,0,0,0,0,1,0,1,0.0,0.0007519241,Open
dc0a9433-ea30-467e-a44a-7928899972f8,TalaSecure,computer_hardware_company,280 Easy St,http://www.talasecure.com/,1.0,29,2,1,1,0,1,computer_hardware_company,1,1,1,1,1,0,0,1,1,,0,1,2,technical_service,services_and_business,1.0,0,,200.0,0.0,0.0,0.0,0.0,3,0,0,0,0,1,0,1,0.0,0.0007519241,Open
1315abbb-d547-4124-9080-f21713171009,Fred White Personal Training,fitness_trainer,1398 W El Camino Real,http://www.fraustofitness.com/,1.0,29,2,1,1,0,1,fitness_trainer,2,1,1,1,1,0,0,1,1,,0,1,2,sport_fitness_facility,sports_and_recreation,1.0,0,,403.0,0.0,0.0,0.0,0.0,3,0,0,0,0,1,0,1,0.0,0.00075184566,Open
aca30480-d78b-4a14-acef-a8636ff7fd33,Final Expense Insurance,financial_service,650 Castro St,https://bga-insurance.com/final-expense-life-insurance,0.0,29,2,1,1,0,1,financial_service,0,1,1,1,1,0,0,1,1,,0,1,2,financial_service,services_and_business,0.0,0,,404.0,1.0,0.0,0.0,0.0,3,0,0,0,0,1,0,1,1.0,0.00075044663,Open
4abdc98e-6095-436e-965c-4ea50e298973,Technique Barbershop,barber,1051 W El Camino Real,http://www.nelgerbarbershop.com/,0.0,29,2,1,1,0,1,barber,0,1,1,1,1,0,0,1,1,,0,1,2,barber_shop,lifestyle_services,0.0,0,,-1.0,0.0,1.0,0.0,0.0,3,0,0,0,0,1,0,1,1.0,0.0007502993,Open
5ca5887c-38d6-447b-96ad-fc09418b73ef,ByeDusty,home_cleaning,Moutain View,https://www.yelp.com/biz/byedust-cleaning-services-mountain-view-2,1.0,29,2,1,1,0,1,home_cleaning,1,1,1,1,1,0,0,1,1,,0,1,2,house_cleaning_service,services_and_business,1.0,0,,200.0,0.0,0.0,0.0,0.0,3,0,0,0,0,1,0,1,0.0,0.00073996064,Open
35e115e5-6cf6-420c-b8ae-a46917ebeca0,KMSJ Eco Services,home_cleaning,100 N Whisman Rd,http://www.kmsjecoservices.com/,1.0,29,2,1,1,0,1,home_cleaning,1,1,1,1,1,0,0,1,1,,0,1,2,house_cleaning_service,services_and_business,1.0,0,,200.0,0.0,0.0,0.0,0.0,3,0,0,0,0,1,0,1,0.0,0.00073996064,Open
62cdfba6-1a97-40a2-a957-9d43f3134684,CK Tool Company,commercial_industrial,1033 Wright Ave,http://www.cktool.com/,1.0,29,2,1,1,0,1,commercial_industrial,1,1,1,1,1,0,0,1,1,,0,1,2,industrial_commercial_infrastructure,services_and_business,1.0,0,,200.0,0.0,0.0,0.0,0.0,3,0,0,0,0,1,0,1,0.0,0.00073996064,Open
a6fcac27-ac4f-4fcd-86bf-e486b45e1562,Donum Vitae,printing_services,104 Granada Dr,http://www.donumvitae.life/,1.0,29,2,1,1,0,1,printing_services,1,1,1,1,1,0,0,1,1,,0,1,2,printing_service,services_and_business,1.0,0,,200.0,0.0,0.0,0.0,0.0,3,0,0,0,0,1,0,1,0.0,0.00073996064,Open
7523aae8-deb6-4cf3-8012-6c7df313648c,SMB Services,accountant,384 Castro St,https://smbservices.co/,1.0,29,2,1,1,0,1,accountant,1,1,1,1,1,0,0,1,1,,0,1,2,accountant_or_bookkeeper,services_and_business,1.0,0,,200.0,0.0,0.0,0.0,0.0,3,0,0,0,0,1,0,1,0.0,0.00073996064,Open
e80646be-5e73-4f63-b442-e50fb24a4b5b,Thread Theory Professional Tailoring,appliance_repair_service,607 W Dana St,http://threadtheorytailoring.com/,1.0,29,2,1,1,0,1,appliance_repair_service,1,1,1,1,1,0,0,1,1,,0,1,2,applicance_repair_service,services_and_business,1.0,0,,200.0,0.0,0.0,0.0,0.0,3,0,0,0,0,1,0,1,0.0,0.00073996064,Open
c7327338-9375-43f6-a67f-8514d1579686,William Maston Architect and Associates,architectural_designer,372 Castro St,http://www.mastonarchitect.com,1.0,29,2,1,1,0,1,architectural_designer,1,1,1,1,1,0,0,1,1,,0,1,2,architectural_design_service,services_and_business,1.0,0,,200.0,0.0,0.0,0.0,0.0,3,0,0,0,0,1,0,1,0.0,0.00073996064,Open
32f2d8d6-5d1a-4e88-9a3f-ec3aebfa772e,Kingdom Hall of Jehovah's Witnesses,jehovahs_witness_kingdom_hall,120 Pioneer Way,http://jw.org/,0.0,29,2,1,1,0,1,jehovahs_witness_kingdom_hall,2,1,1,1,1,0,0,1,1,,0,1,2,christian_place_of_worshop,cultural_and_historic,0.0,0,,-2.0,0.0,1.0,0.0,0.0,3,0,0,0,0,1,0,1,1.0,0.0007369814,Open
aa8758dd-1f19-48ba-af09-fea5ad84cde9,Hippo Insurance,insurance_agency,,https://www.hippo.com/?lpab=al&utm_source=facebook&utm_medium=organic_social_homepage,1.0,29,2,1,1,0,0,insurance_agency,1,1,1,1,1,0,0,1,1,,0,0,2,insurance_agency,services_and_business,1.0,0,,200.0,0.0,0.0,0.0,0.0,2,0,0,0,0,1,0,1,0.0,0.0007340725,Open
7fd8ffba-3331-49b1-8768-95443ebde467,Evelyn Avenue Trailhead,hiking_trail,Stevens Creek,,,29,2,0,0,0,1,hiking_trail,0,0,0,0,0,0,0,1,1,,0,1,2,hiking_trail,sports_and_recreation,,0,,,,,0.0,0.0,1,0,0,0,0,1,0,1,0.0,0.00071955286,Open
3c4f21bf-2ff7-427c-baa7-9de95d9f14d5,AAA,insurance_agency,900 Miramonte Ave,https://www.aaa.com/,1.0,29,2,1,1,0,1,insurance_agency,1,1,1,1,1,0,0,1,1,,0,1,2,insurance_agency,services_and_business,1.0,0,,200.0,0.0,0.0,0.0,0.0,3,0,0,0,0,1,0,1,0.0,0.00071383035,Open
b4217df8-1f72-41f0-8c06-f8c3311598f7,Jackson Park,park,"Jackson Park, Jackson St &, Stierlin Rd","https://www.trulia.com/CA/Mountain_View,866,Jackson_Park",1.0,29,2,1,1,0,1,park,0,1,1,1,1,0,0,1,1,,0,1,2,park,sports_and_recreation,1.0,0,,403.0,0.0,0.0,0.0,0.0,3,0,0,0,0,1,0,1,0.0,0.0007110348,Open
0f670e5a-b0af-4891-8d2d-dfeff58e67b6,Bonchon,korean_restaurant,260 Castro St,https://restaurants.bonchon.com/locations/ca/mountain-view/260-castro-street,1.0,29,2,1,1,0,1,korean_restaurant,2,1,1,1,1,0,0,1,1,Bonchon,1,1,2,restaurant,food_and_drink,1.0,0,,200.0,0.0,0.0,0.0,0.0,3,19,0,0,0,1,0,1,0.0,0.00070403115,Open
7f53cd70-6001-4b6c-9fc8-dfbb88b3f9e2,Flat Rate Airport Taxi Services,taxi_service,229 Polaris Ave,http://www.flatrateairporttaxiservices.com/,0.0,29,2,1,1,0,1,taxi_service,0,1,1,1,1,0,0,1,1,,0,1,2,taxi_service,travel_and_transportation,0.0,0,,-1.0,0.0,1.0,0.0,0.0,3,0,0,0,0,1,0,1,1.0,0.00070215034,Open
69b75a72-5cc0-4d82-aa42-fd6bcf11812f,山景城站,transportation,,,,29,2,0,0,0,0,transportation,2,0,0,0,0,0,0,1,1,,0,0,2,transportation_location,travel_and_transportation,,0,,,,,0.0,0.0,0,0,0,0,0,1,0,1,0.0,0.00070052117,Open
3ac766f0-94fd-4e1d-a4e2-f98ae5384281,Mark's Body Piercing,tattoo_and_piercing,1398 W El Camino Real,,,29,2,0,1,0,1,tattoo_and_piercing,2,0,0,1,1,0,0,1,1,,0,1,2,tattoo_or_piercing_salon,lifestyle_services,,0,,,,,0.0,0.0,2,0,0,0,0,1,0,1,0.0,0.00069347624,Open
39ffc6be-3e59-4472-b7e2-994fb54704f6,Stevens Creek Trail,active_life,,,,29,2,0,0,0,0,active_life,0,0,0,0,0,0,0,1,1,,0,0,2,recreational_location,sports_and_recreation,,0,,,,,0.0,0.0,0,0,0,0,0,1,0,1,0.0,0.0006896957,Open
3cd9debf-ea0f-4519-b886-a52db5bbc4b8,Plug-In Services,appliance_repair_service,302 Easy St,http://www.plug-inservice.com/,1.0,29,2,1,1,0,1,appliance_repair_service,2,1,1,1,1,0,0,1,1,,0,1,2,applicance_repair_service,services_and_business,1.0,0,,403.0,0.0,0.0,0.0,0.0,3,0,0,0,0,1,0,1,0.0,0.0006838907,Open
c399b4ba-b3e3-4fd0-826d-2fced0bdc841,Nienhuis Montessori USA,educational_services,150 S Whisman Rd,http://www.nienhuis.com,1.0,29,2,1,1,0,1,educational_services,2,1,1,1,1,0,0,1,1,,0,1,2,educational_service,education,1.0,0,,200.0,0.0,0.0,0.0,0.0,3,0,0,0,0,1,0,1,0.0,0.0006741638,Open
0d4949bf-2328-42f3-aaee-b81d4f720e94,ACES ABA,counseling_and_mental_health,1134 W El Camino Real,https://www.acesaba.com/location-mountain-view/?utm_source=FB&utm_medium=Yext,0.0,29,2,1,1,0,1,counseling_and_mental_health,1,1,1,1,1,0,0,1,1,ACES ABA,1,1,2,mental_health,health_care,0.0,0,,-2.0,0.0,1.0,0.0,0.0,3,0,0,0,0,1,0,1,1.0,0.00067171204,Open
5dffd2f6-c243-4169-95fa-7b461a8935e0,Rich Avenue Apartments,landmark_and_historical_building,912 Rich Ave,https://www.nowforrent.com,0.0,29,2,1,1,0,1,landmark_and_historical_building,1,1,1,1,1,0,0,1,1,,0,1,2,historic_site,cultural_and_historic,0.0,0,,404.0,1.0,0.0,0.0,0.0,3,0,0,0,0,1,0,1,1.0,0.00066967873,Open
17ba82ec-8f72-4272-b9b1-33bb8f7c3789,Sunshine Gardens Apartments,landmark_and_historical_building,132 W Dana St,http://btproperties.com/property/132-west-dana-st,0.0,29,2,1,1,0,1,landmark_and_historical_building,1,1,1,1,1,0,0,1,1,,0,1,2,historic_site,cultural_and_historic,0.0,0,,404.0,1.0,0.0,0.0,0.0,3,0,0,0,0,1,0,1,1.0,0.00066967873,Open
0f99d5a7-dfb9-4ba3-9816-e8af3c247f99,Resume Target San Francisco,writing_service,800 W El Camino Real,https://www.resumetarget.com/location/california-ca/san-francisco/?utm_medium=organic&utm_source=facebook&utm_term=sanfrancisco-profile,1.0,29,2,1,1,0,1,writing_service,2,1,1,1,1,0,0,1,1,Resume Target,1,1,2,media_service,services_and_business,1.0,0,,200.0,0.0,0.0,0.0,0.0,3,1,0,0,0,1,0,1,0.0,0.0006645578,Open
12406b6a-c6f1-4c9a-9635-10b22b931257,The UPS Store 1847,shipping_center,650 Castro St,https://locations.theupsstore.com/ca/mountain-view/650-castro-st?utm_source=Yext&utm_medium=organic&utm_campaign=Listings,1.0,29,2,1,1,0,1,shipping_center,2,1,1,1,1,0,0,1,1,The UPS Store,1,1,2,shipping_center,services_and_business,1.0,0,,200.0,0.0,0.0,0.0,0.0,3,174,0,0,0,1,0,1,0.0,0.00065770943,Open
041c064e-7c96-4c01-bf1a-757cc70e94c0,McCain Lina M DVM,veterinarian,350 Franklin St,http://www.vetpathways.com/,1.0,29,2,1,1,0,1,veterinarian,1,1,1,1,1,0,0,1,1,,0,1,2,veterinarian,lifestyle_services,1.0,0,,200.0,0.0,0.0,0.0,0.0,3,0,0,0,0,1,0,1,0.0,0.0006517541,Open
4a615093-bc8c-4428-8fe8-74f941e49cab,Shoreline Village Apartments,landmark_and_historical_building,505 Central Ave,http://cbw-properties.com/california-properties,0.0,29,2,1,1,0,1,landmark_and_historical_building,2,1,1,1,1,0,0,1,1,,0,1,2,historic_site,cultural_and_historic,0.0,0,,404.0,1.0,0.0,0.0,0.0,3,0,0,0,0,1,0,1,1.0,0.0006469955,Open
94642b1a-b64f-445e-9809-fa8e0a411dda,M2 Performance and Therapy,sports_and_fitness_instruction,1398 W El Camino Real,,,29,2,0,1,0,1,sports_and_fitness_instruction,2,0,0,1,1,0,0,1,1,,0,1,2,sport_fitness_facility,sports_and_recreation,,0,,,,,0.0,0.0,2,0,0,0,0,1,0,1,0.0,0.000646543,Open
1ae90180-0542-4d40-b04a-7317ab36ae03,Calvey Heating and Air,hvac_services,261 Moffett Blvd,https://www.calveyheatingandair.com/,1.0,29,2,1,1,0,1,hvac_services,2,1,1,1,1,0,0,1,1,,0,1,2,hvac_service,services_and_business,1.0,0,,200.0,0.0,0.0,0.0,0.0,3,0,0,0,0,1,0,1,0.0,0.0006411811,Open
25e02bd1-931b-4632-b34c-d24c4cbc00db,Samco Builders Inc,construction_services,1049 El Monte Ave,http://Www.sam-co.com/,1.0,29,2,1,1,0,1,construction_services,2,1,1,1,1,0,0,1,1,,0,1,2,building_construction_service,services_and_business,1.0,0,,200.0,0.0,0.0,0.0,0.0,3,0,0,0,0,1,0,1,0.0,0.0006411811,Open
cb1ae49b-db35-426d-85f3-45cd21a8b5d6,Reliance Construction,construction_services,1080 Wentworth St,http://www.reliance-const.com/,1.0,29,2,1,1,0,1,construction_services,2,1,1,1,1,0,0,1,1,,0,1,2,building_construction_service,services_and_business,1.0,0,,200.0,0.0,0.0,0.0,0.0,3,0,0,0,0,1,0,1,0.0,0.0006411811,Open
b22f8049-3131-4460-b771-0d4b0803a1b5,Everest Clay Realtors,real_estate_agent,1580 W El Camino Real,http://www.everestclay.com/,0.0,29,2,1,1,0,1,real_estate_agent,1,1,1,1,1,0,0,1,1,,0,1,2,real_estate_agency,services_and_business,0.0,0,,436.0,1.0,0.0,0.0,0.0,3,0,0,0,0,1,0,1,1.0,0.0006379985,Open
b01e58db-06a3-45f6-b775-e667f64bf1fe,LogicHub,software_development,800 W El Camino Real,http://www.logichub.com/,1.0,29,2,1,1,0,1,software_development,2,1,1,1,1,0,0,1,1,,0,1,2,software_development,services_and_business,1.0,0,,405.0,0.0,0.0,0.0,0.0,3,0,0,0,0,1,0,1,0.0,0.0006317078,Open
d08fd44b-467b-4cd6-a75b-9058d4135544,ABC Bartending School,bartending_school,1398 W El Camino Real Ste C,https://www.abcbartending.com/bartending-school-san-jose.php,0.0,29,2,1,1,0,1,bartending_school,2,1,1,1,1,0,0,0,0,,0,1,2,specialty_school,education,0.0,0,,406.0,1.0,0.0,0.0,0.0,3,0,0,0,1,1,0,0,0.0,0.00063101517,Open
7000b479-b7b2-4479-81f6-49dc0325fb75,Baywash Corporation,laundromat,327 Moffett Blvd,http://baywash.placeweb.site,1.0,29,2,1,1,0,1,laundromat,1,1,1,1,1,0,0,1,1,,0,1,2,laundromat,services_and_business,1.0,0,,200.0,0.0,0.0,0.0,0.0,3,0,0,0,0,1,0,1,0.0,0.00062849646,Open
ea5c4f93-0219-4264-b2f2-8c096080ae2a,Washmix,laundromat,650 Castro St,https://www.washmix.com/,1.0,29,2,1,1,0,1,laundromat,1,1,1,1,1,0,0,1,1,,0,1,2,laundromat,services_and_business,1.0,0,,200.0,0.0,0.0,0.0,0.0,3,0,0,0,0,1,0,1,0.0,0.00062849646,Open
f3143e3f-5d6b-4a05-bdba-a4d9a3638a76,North Star Automotive Technology,automotive_repair,190 Calderon Ave,https://www.northstarauto.com,1.0,29,2,1,1,0,1,automotive_repair,1,1,1,1,1,0,0,1,1,,0,1,2,auto_repair_service,travel_and_transportation,1.0,0,,200.0,0.0,0.0,0.0,0.0,3,0,0,0,0,1,0,1,0.0,0.0006282955,Open
20f1be39-7d2f-43fe-81cf-fc639af3e293,Global Automotive,automotive_repair,230 Villa St,http://www.globalautomotivellc.com/,1.0,29,2,1,1,0,1,automotive_repair,1,1,1,1,1,0,0,1,1,,0,1,2,auto_repair_service,travel_and_transportation,1.0,0,,200.0,0.0,0.0,0.0,0.0,3,0,0,0,0,1,0,1,0.0,0.0006282955,Open
a2cbc7df-dba1-403e-b188-06ba08840dda,Corvettes By North Star Automotive,automotive_repair,190 Calderon Ave,http://northstarauto.com/,1.0,29,2,1,1,0,1,automotive_repair,1,1,1,1,1,0,0,1,1,,0,1,2,auto_repair_service,travel_and_transportation,1.0,0,,200.0,0.0,0.0,0.0,0.0,3,0,0,0,0,1,0,1,0.0,0.0006282955,Open
0d0e6e21-c0d6-4ff1-81c6-06fa6a8f1d69,Shoreline Auto Care,automotive_repair,810 Miramonte Ave,http://Shorelineautocare.com/,1.0,29,2,1,1,0,1,automotive_repair,1,1,1,1,1,0,0,1,1,,0,1,2,auto_repair_service,travel_and_transportation,1.0,0,,200.0,0.0,0.0,0.0,0.0,3,0,0,0,0,1,0,1,0.0,0.0006282955,Open
352c47a0-9319-430c-86ee-241b703088c2,"Edwin Resuello, Real Estate Broker",real_estate_service,,http://www.SiliconValley-Homes.com/,1.0,29,2,1,1,0,0,real_estate_service,2,1,1,1,1,0,0,1,1,,0,0,2,real_estate_service,services_and_business,1.0,0,,405.0,0.0,0.0,0.0,0.0,2,0,0,0,0,1,0,1,0.0,0.00061937305,Open
995a2a5e-9a22-493e-aed7-ef26290cf681,Addepar,computer_hardware_company,303 Bryant St,https://addepar.com/,1.0,29,2,1,1,0,1,computer_hardware_company,2,1,1,1,1,0,0,1,1,,0,1,2,technical_service,services_and_business,1.0,0,,200.0,0.0,0.0,0.0,0.0,3,0,0,0,0,1,0,1,0.0,0.0006156904,Open
015c8dc0-780d-4bbd-a129-eec9a7dceb15,Eploy 247,professional_services,800 W El Camino Real,http://www.eploy247.com/,0.0,29,2,1,1,0,1,professional_services,0,1,1,1,1,0,0,1,1,,0,1,2,service_location,services_and_business,0.0,0,,-1.0,0.0,1.0,0.0,0.0,3,0,0,0,0,1,0,1,1.0,0.00061380846,Open
7e8e3f4d-8227-4da0-9c70-9e408d2c4a6b,All Green Electronics Recycling,recycling_center,800 W El Camino Real,https://www.allgreenrecycling.com/mountain-view-electronic-waste-recycling/,1.0,29,2,1,1,0,1,recycling_center,2,1,1,1,1,0,0,1,1,,0,1,2,recycling_center,services_and_business,1.0,0,,200.0,0.0,0.0,0.0,0.0,3,0,0,0,0,1,0,1,0.0,0.0006133857,Open
8bdc6eac-958c-43c7-8809-60461e046088,Chop Chop Landscaping,landscaping,800 W El Camino Real,https://www.landscapingmountainviewca.com/,1.0,29,2,1,1,0,1,landscaping,2,1,1,1,1,0,0,1,1,,0,1,2,landscaping_gardening_service,services_and_business,1.0,0,,200.0,0.0,0.0,0.0,0.0,3,0,0,0,0,1,0,1,0.0,0.0006133857,Open
78bf7a2b-a7f5-4007-b4f7-f9200b1dc1e9,Global Rug Specialist,home_cleaning,825 W El Camino Real,http://www.globalrug.com/,1.0,29,2,1,1,0,1,home_cleaning,2,1,1,1,1,0,0,1,1,,0,1,2,house_cleaning_service,services_and_business,1.0,0,,200.0,0.0,0.0,0.0,0.0,3,0,0,0,0,1,0,1,0.0,0.0006133857,Open
fde60de3-ce5a-4d27-8e6d-dce1e75fc41a,TheatreWorks Silicon Valley,theatrical_productions,500 Castro St,https://linktr.ee/theatreworkssv,1.0,29,2,1,1,0,1,theatrical_productions,2,1,1,1,1,0,0,1,1,,0,1,2,threatre_venue,services_and_business,1.0,0,,200.0,0.0,0.0,0.0,0.0,3,0,0,0,0,1,0,1,0.0,0.0006133857,Open
4e5d4e32-28db-43f8-acc0-22d552de71db,JP Digital Imaging,printing_services,230 Polaris Ave,http://www.jpdigital.com/,1.0,29,2,1,1,0,1,printing_services,2,1,1,1,1,0,0,1,1,,0,1,2,printing_service,services_and_business,1.0,0,,200.0,0.0,0.0,0.0,0.0,3,0,0,0,0,1,0,1,0.0,0.0006133857,Open
44e3a750-d4a6-4361-a2f3-80d2aea165cd,Root Down Farm,farm,2601 Cloverdale Rd,http://www.rootdownfarm.org/,1.0,29,2,1,1,0,1,farm,2,1,1,1,1,0,0,1,1,,0,1,2,farm,services_and_business,1.0,0,,200.0,0.0,0.0,0.0,0.0,3,0,0,0,0,1,0,1,0.0,0.0006133857,Open
7adee172-ed7d-4206-8cd0-43250314006f,M•Designs Architects,architectural_designer,384 Castro St,http://www.mdesignsarchitects.com/,1.0,29,2,1,1,0,1,architectural_designer,2,1,1,1,1,0,0,1,1,,0,1,2,architectural_design_service,services_and_business,1.0,0,,200.0,0.0,0.0,0.0,0.0,3,0,0,0,0,1,0,1,0.0,0.0006133857,Open
3029f7fb-8f65-43f0-a6b1-efa9cb3ba3d2,The Sobrato Organization,home_developer,599 Castro St,http://www.sobrato.org/,1.0,29,2,1,1,0,1,home_developer,2,1,1,1,1,0,0,1,1,,0,1,2,real_estate_developer,services_and_business,1.0,0,,200.0,0.0,0.0,0.0,0.0,3,0,0,0,0,1,0,1,0.0,0.0006133857,Open
1b8ad455-e586-4cb0-bc46-59835db757c3,Zicasso,travel_company,1580 W El Camino Real,https://www.zicasso.com/,1.0,29,2,1,1,0,1,travel_company,2,1,1,1,1,0,0,1,1,,0,1,2,travel_service,services_and_business,1.0,0,,200.0,0.0,0.0,0.0,0.0,3,0,0,0,0,1,0,1,0.0,0.0006133857,Open
c85f47e1-9c17-4c3f-935a-8922173df587,Online Jewelry جواهرات آنلاین,b2b_jewelers, Mountain View,https://www.facebook.com/FamousJewellry,1.0,29,2,1,1,0,1,b2b_jewelers,1,1,1,1,1,0,0,1,1,,0,1,2,b2b_supplier_distributor,services_and_business,1.0,0,,200.0,0.0,0.0,0.0,0.0,3,0,0,0,0,1,0,1,0.0,0.0006132463,Open
fa539acd-0627-41ed-80c3-a5abc62e6848,Clover,financial_service,785 Castro St,http://www.clover.com/,1.0,29,2,1,1,0,1,financial_service,1,1,1,1,1,0,0,1,1,,0,1,2,financial_service,services_and_business,1.0,0,,200.0,0.0,0.0,0.0,0.0,3,0,0,0,0,1,0,1,0.0,0.00061196205,Open
c9bdf500-6872-4d40-b23f-8a1c52c9cc82,Silicon Valley Home Builders,construction_services,800 California St,http://siliconvalleypropertyshop.com/,1.0,29,2,1,1,0,1,construction_services,2,1,1,1,1,0,0,1,1,,0,1,2,building_construction_service,services_and_business,1.0,0,,403.0,0.0,0.0,0.0,0.0,3,0,0,0,0,1,0,1,0.0,0.0006119168,Open
466ce6c8-9156-445a-a1da-6137f1f93324,Tanis Communications,public_relations,800 W El Camino Real,http://www.taniscomm.com/,1.0,29,2,1,1,0,1,public_relations,2,1,1,1,1,0,0,1,1,,0,1,2,business_management_service,services_and_business,1.0,0,,200.0,0.0,0.0,0.0,0.0,3,0,0,0,0,1,0,1,0.0,0.0005917915,Open
87febce7-1a51-4c2f-97d4-d6778bcf3ed9,Relax Day Spa,day_spa,1313 W El Camino Real,https://relaxdayspa.voolt.com/,0.0,29,2,1,1,0,1,day_spa,4,1,1,1,1,0,0,0,0,,0,1,2,spa,lifestyle_services,0.0,0,,-1.0,0.0,1.0,0.0,0.0,3,0,0,0,1,1,0,0,0.0,0.0005886691,Open
ab6b0b50-6787-4f41-a3f4-d25fcf22a25d,EVgo,ev_charging_station,199 E Middlefield Rd,https://www.evgo.com/find-a-charger/ca/mountain-view/199-e-middlefield-rd-345699,1.0,29,2,1,1,0,1,ev_charging_station,1,1,1,1,1,0,0,0,0,,0,1,2,ev_charging_station,travel_and_transportation,1.0,0,,429.0,0.0,0.0,0.0,0.0,3,0,0,0,1,1,0,0,0.0,0.0005885656,Open
4db90cb3-3ba6-42a5-93d5-52896cdb84c2,Chhabra Law Firm PC - A Patent Law Firm,lawyer,277 Castro St,http://www.thelawfirm.io/,1.0,29,2,1,1,0,1,lawyer,1,1,1,1,1,0,0,1,1,,0,1,2,attorney_or_law_firm,services_and_business,1.0,0,,200.0,0.0,0.0,0.0,0.0,3,0,0,0,0,1,0,1,0.0,0.0005863352,Open
7d032b10-64a5-4d46-87fa-651bc6711db3,Intelligent Mortgage Inc,mortgage_broker,800 W El Camino Real,https://www.intelligentmortgage.com/quote/,0.0,29,2,1,1,0,1,mortgage_broker,0,1,1,1,1,0,0,1,1,,0,1,2,loan_provider,services_and_business,0.0,0,,-1.0,0.0,1.0,0.0,0.0,3,0,0,0,0,1,0,1,1.0,0.00058569515,Open
15115598-b1ad-4dc3-86df-1546511a02cd,Outingz,event_photography,800 W El Camino Real,,,29,2,0,1,0,1,event_photography,2,0,0,1,1,0,0,1,1,,0,1,2,photography_service,services_and_business,,0,,,,,0.0,0.0,2,0,0,0,0,1,0,1,0.0,0.0005826831,Open
4b788527-cb1d-4a1b-b4db-b7894ad624b3,Sugar Spa,sugaring,746 Villa St,http://www.sugarspa.net/,1.0,29,2,1,1,0,1,sugaring,2,1,1,1,1,0,0,1,1,,0,1,2,personal_service,lifestyle_services,1.0,0,,200.0,0.0,0.0,0.0,0.0,3,0,0,0,0,1,0,1,0.0,0.0005808685,Open
5f8b90ce-4361-46b0-ac6f-534d8ef740ce,LibertyX Bitcoin ATM,atms,400 Moffett Blvd,https://libertyx.com/a/buy-bitcoin/locations/CA/mountain-view/400-moffett-blvd?y_source=1_MTkxMTk4NTYtNTU5LWxvY2F0aW9uLndlYnNpdGU%3D,1.0,29,2,1,1,0,1,atms,2,1,1,1,1,0,0,1,1,LibertyX Bitcoin ATM,1,1,2,atm,services_and_business,1.0,1,1.5196944042530156,200.0,0.0,0.0,0.0,0.0,3,1028,0,0,0,1,0,1,0.0,0.00057233596,Open
093e56a5-8c0f-4362-99c0-e46fea2407bb,AAA Mountain View Auto Repair Center,automotive_repair,181 W Evelyn Ave,https://mwg.aaa.com/agent-office-locations/ca/mountain-view/aaa-mountain-view-auto-repair-center?y_source=1_NDYxMjY3MjEtNTU5LWxvY2F0aW9uLndlYnNpdGU%3D,1.0,29,2,1,1,0,1,automotive_repair,2,1,1,1,1,0,0,1,1,AAA Mountain West Group,1,1,2,auto_repair_service,travel_and_transportation,1.0,0,,200.0,0.0,0.0,0.0,0.0,3,0,0,0,0,1,0,1,0.0,0.0005659118,Open
0c77e494-a347-4862-969b-640d621bf242,Happy Feet Foot Spa,spas,858 Villa St,http://www.happyfeetfootspa.com,1.0,29,2,1,1,0,1,spas,2,1,1,1,1,0,0,1,1,,0,1,2,spa,lifestyle_services,1.0,0,,200.0,0.0,0.0,0.0,0.0,3,0,0,0,0,1,0,1,0.0,0.00056503864,Open
88ecf6a3-ac71-40fd-afa7-2c2509fbff6b,Mountain View,fast_food_restaurant,440 Castro St,https://order.sweetgreen.com/mountain-view/,1.0,29,2,1,0,0,1,fast_food_restaurant,0,1,1,0,0,0,0,0,0,Sweetgreen,1,1,2,fast_food_restaurant,food_and_drink,1.0,0,,200.0,0.0,0.0,1.0,0.0,2,30,1,0,0,1,0,0,0.0,0.00056457974,Open
dfe2512f-444b-436a-98bb-a6f2bc0aa777,The Fireplace Element,fireplace_service,345 Castro St,http://www.thefireplaceelement.com/,1.0,29,2,1,1,0,1,fireplace_service,2,1,1,1,1,0,0,1,1,,0,1,2,home_service,services_and_business,1.0,1,9.65154753280013,200.0,0.0,0.0,0.0,0.0,3,0,0,0,0,1,0,1,0.0,0.00055975385,Open
1b67ba1b-6bd9-4929-8c8f-2051ee0f9c09,Fraternal Order of Eagles,social_service_organizations,181 Castro St,https://www.foe.com/,1.0,29,2,1,1,0,1,social_service_organizations,2,1,1,1,1,0,0,1,1,,0,1,2,social_or_community_service,community_and_government,1.0,1,10.68511343245856,200.0,0.0,0.0,0.0,0.0,3,0,0,0,0,1,0,1,0.0,0.0005594616,Open
7cbe5520-693c-40c6-8625-179c41fcd30d,SFV Lodge,hotel,361 Villa St,http://www.sfvlodge.org,0.0,29,2,1,1,0,1,hotel,2,1,1,1,1,0,0,1,1,,0,1,2,hotel,lodging,0.0,0,,-1.0,0.0,1.0,0.0,0.0,3,0,0,0,0,1,0,1,1.0,0.0005589949,Open
7cd2427a-13f8-49a3-8b06-e7e1c78ae162,Pacific Euro Hotel of Mt View,hotel,891 W Evelyn Ave,http://pacificeurohotelofmountainview.carrothotels.com/,0.0,29,2,1,1,0,1,hotel,2,1,1,1,1,0,0,1,1,,0,1,2,hotel,lodging,0.0,0,,-1.0,0.0,1.0,0.0,0.0,3,0,0,0,0,1,0,1,1.0,0.0005589949,Open
0e2ee79e-94ec-47b6-86cb-236ff8bede6a,Charter Bus Mountain View,rental_service,651 Castro St,https://www.linkedin.com/company/charter-bus-mountain-view,1.0,29,2,1,1,0,1,rental_service,1,1,1,1,1,0,0,1,1,,0,1,2,vehicle_service,services_and_business,1.0,0,,200.0,0.0,0.0,0.0,0.0,3,0,0,0,0,1,0,1,0.0,0.0005566417,Open
0a961bf0-507e-45de-af0a-c224b315fe81,Osipova Ballet Academy,dance_school,1495 W El Camino Real,http://osipovaballetacademy.com/,1.0,29,2,1,1,0,1,dance_school,1,1,1,1,1,0,0,1,1,,0,1,2,specialty_school,sports_and_recreation,1.0,0,,200.0,0.0,0.0,0.0,0.0,3,0,0,0,0,1,0,1,0.0,0.00055009546,Open
4873f145-35fc-425c-a6dc-833a5d86f6e0,Evodyne Robotics Academy,educational_camp,881 Castro St,https://evodyneacademy.com/,1.0,29,2,1,1,0,1,educational_camp,2,1,1,1,1,0,0,1,1,,0,1,2,place_of_learning,education,1.0,1,10.358545578573992,200.0,0.0,0.0,0.0,0.0,3,0,0,0,0,1,0,1,0.0,0.00054368755,Open
c4940953-0cdd-4080-b447-ac60f1a3c8ed,Mountain View VTA Light Rail Station,transportation,Evelyn St,http://www.vta.org,1.0,29,2,1,0,0,1,transportation,1,1,1,0,0,0,0,1,1,,0,1,2,transportation_location,travel_and_transportation,1.0,0,,200.0,0.0,0.0,0.0,0.0,2,0,0,0,0,1,0,1,0.0,0.0005431631,Open
9f2c2796-2f13-4927-8653-567549960771,Trademarkia,lawyer,1580 W El Camino Real,https://www.trademarkia.com/,1.0,29,2,1,1,0,1,lawyer,2,1,1,1,1,0,0,1,1,,0,1,2,attorney_or_law_firm,services_and_business,1.0,0,,403.0,0.0,0.0,0.0,0.0,3,0,0,0,0,1,0,1,0.0,0.0005419003,Open
c68377ae-e5c2-4517-abe7-92ced04ed53f,Nail Care By Susan,nail_salon,888 Villa St,,,29,2,0,1,0,1,nail_salon,2,0,0,1,1,0,0,1,1,,0,1,2,nail_salon,lifestyle_services,,0,,,,,0.0,0.0,2,0,0,0,0,1,0,1,0.0,0.00054040656,Open
637e69e1-b5f9-4fd5-836e-6993c50dbf90,Friendly Yellow Cab,taxi_service,100 View St,,,29,2,0,1,0,1,taxi_service,1,0,0,1,1,0,0,1,1,,0,1,2,taxi_service,travel_and_transportation,,0,,,,,0.0,0.0,2,0,0,0,0,1,0,1,0.0,0.0005357379,Open
64dd279a-3e6f-44b4-86c8-7e1831c16d35,Target Integration,business_management_services,1049 El Monte Ave Ste C Ste 594,http://www.targetintegration.com/,0.0,29,2,1,1,0,1,business_management_services,4,1,1,1,1,0,0,0,0,,0,1,2,business_management_service,services_and_business,0.0,0,,-1.0,0.0,1.0,0.0,0.0,3,0,0,0,1,1,0,0,0.0,0.0005311415,Open
c934e097-a48f-4f45-8716-535fa8492514,The RennShop,automotive_repair,85 Pioneer Way,http://www.therennshop.com/,1.0,29,2,1,1,0,1,automotive_repair,2,1,1,1,1,0,0,1,1,,0,1,2,auto_repair_service,travel_and_transportation,1.0,0,,200.0,0.0,0.0,0.0,0.0,3,0,0,0,0,1,0,1,0.0,0.0005234271,Open
c15ab4fa-b3f8-46d3-ac90-a420640a3dc0,A-1 Auto Tech,automotive_repair,89 Pioneer Way,http://www.a1autotech.com/,1.0,29,2,1,1,0,1,automotive_repair,2,1,1,1,1,0,0,1,1,,0,1,2,auto_repair_service,travel_and_transportation,1.0,0,,200.0,0.0,0.0,0.0,0.0,3,0,0,0,0,1,0,1,0.0,0.0005234271,Open
95ebde20-77f7-44fa-9996-69b958aa7650,Sunnyvale Foreign Car Service,automotive_repair,15 Pioneer Way,http://www.sunnyvaleforeigncar.com/,1.0,29,2,1,1,0,1,automotive_repair,2,1,1,1,1,0,0,1,1,,0,1,2,auto_repair_service,travel_and_transportation,1.0,0,,200.0,0.0,0.0,0.0,0.0,3,0,0,0,0,1,0,1,0.0,0.0005234271,Open
bf4ba6aa-a92a-4758-8a53-ead4b791a586,Felix's Auto Service,automotive_repair,191 W Evelyn Ave,http://www.felixautoservice.com/,1.0,29,2,1,1,0,1,automotive_repair,2,1,1,1,1,0,0,1,1,,0,1,2,auto_repair_service,travel_and_transportation,1.0,0,,200.0,0.0,0.0,0.0,0.0,3,0,0,0,0,1,0,1,0.0,0.0005234271,Open
c9bb82c4-1929-4bcb-b828-3083b3ee49ec,Smog It Mercedes Service,automotive_repair,117 E Evelyn Ave,http://www.mercedesserviceofmtview.com/,1.0,29,2,1,1,0,1,automotive_repair,2,1,1,1,1,0,0,1,1,,0,1,2,auto_repair_service,travel_and_transportation,1.0,0,,200.0,0.0,0.0,0.0,0.0,3,0,0,0,0,1,0,1,0.0,0.0005234271,Open
6bd4836c-cdab-4add-b156-718979b6a3f6,Picturelab,event_photography,800 W El Camino Real,http://www.picturelab.com/,1.0,29,2,1,1,0,1,event_photography,1,1,1,1,1,0,0,1,1,,0,1,2,photography_service,services_and_business,1.0,0,,200.0,0.0,0.0,0.0,0.0,3,0,0,0,0,1,0,1,0.0,0.000515429,Open
7f03e28d-d3ca-4ab1-89b5-92e834c76072,Forgeahead Solutions,it_service_and_computer_repair,800 W El Camino Real,http://www.forgeahead.io/,1.0,29,2,1,1,0,1,it_service_and_computer_repair,1,1,1,1,1,0,0,1,1,,0,1,2,technical_service,services_and_business,1.0,0,,200.0,0.0,0.0,0.0,0.0,3,0,0,0,0,1,0,1,0.0,0.0005146629,Open
36a206f4-0af0-4331-8b4d-bc9cab340d2b,Athelas,biotechnology_company,67 E Evelyn Ave,https://athelas.com/,1.0,29,2,1,1,0,1,biotechnology_company,0,1,1,1,1,0,0,1,1,,0,1,2,b2b_service,services_and_business,1.0,0,,200.0,0.0,0.0,0.0,0.0,3,0,0,0,0,1,0,1,0.0,0.0005139043,Open
f4c672f7-a3bb-45cb-9b9c-108d025bac2f,Factored,b2b_science_and_technology,400 Castro St,https://www.factored.ai/,1.0,29,2,1,1,0,1,b2b_science_and_technology,0,1,1,1,1,0,0,1,1,,0,1,2,b2b_service,services_and_business,1.0,0,,200.0,0.0,0.0,0.0,0.0,3,0,0,0,0,1,0,1,0.0,0.0005139043,Open
773f5519-6dc5-47a0-9bc4-1ae2cddafcfb,Rocky Valley Aikido,martial_arts_club,190 S Whisman Rd,http://www.rvdojo.org/,0.0,29,2,1,1,0,1,martial_arts_club,2,1,1,1,1,0,0,1,1,,0,1,2,martial_arts_club,sports_and_recreation,0.0,0,,-1.0,0.0,1.0,0.0,0.0,3,0,0,0,0,1,0,1,1.0,0.00051023724,Open
e8905f9e-369b-4698-8f31-a35a040dfb6e,Trans Cosmos USA,financial_service,444 Castro St,http://www.transcosmos.com,1.0,29,2,1,1,0,1,financial_service,2,1,1,1,1,0,0,1,1,,0,1,2,financial_service,services_and_business,1.0,0,,200.0,0.0,0.0,0.0,0.0,3,0,0,0,0,1,0,1,0.0,0.00050981843,Open
95581360-b3dc-49e6-bf94-806dadb47c64,Friendster,social_service_organizations,800 W El Camino Real,http://www.friendster.com,1.0,29,2,1,1,0,1,social_service_organizations,0,1,1,1,1,0,0,1,1,,0,1,2,social_or_community_service,community_and_government,1.0,0,,200.0,0.0,0.0,0.0,0.0,3,0,0,0,0,1,0,1,0.0,0.0005093956,Open
48cf594d-001d-4504-a0b1-83c506f991a5,Vpaul Salon,beauty_salon,787 Castro St,http://www.vpaulasalon.com,1.0,29,2,1,1,0,1,beauty_salon,2,1,1,1,1,0,0,1,1,,0,1,2,beauty_salon,lifestyle_services,1.0,0,,403.0,0.0,0.0,0.0,0.0,3,0,0,0,0,1,0,1,0.0,0.0005075521,Open
a4153d0c-6cb8-4499-acf7-3b89193f8530,Real X Inc,software_development,800 W El Camino Real,https://ripe.ai/i/0mj0u18w/july2020,1.0,29,2,1,1,0,1,software_development,1,1,1,1,1,0,0,1,1,,0,1,2,software_development,services_and_business,1.0,0,,200.0,0.0,0.0,0.0,0.0,3,0,0,0,0,1,0,1,0.0,0.00050625287,Open
74b701c4-638e-4a38-9216-114e3b7b9844,Jiff Inc,software_development,215 Castro St,http://www.jiff.com/,1.0,29,2,1,1,0,1,software_development,1,1,1,1,1,0,0,1,1,,0,1,2,software_development,services_and_business,1.0,0,,200.0,0.0,0.0,0.0,0.0,3,0,0,0,0,1,0,1,0.0,0.00050625287,Open
4b64e151-b540-41cf-9bda-ff2764b51b3d,Health Gorilla,software_development,800 W El Camino Real,https://healthgorilla.com/,1.0,29,2,1,1,0,1,software_development,1,1,1,1,1,0,0,1,1,,0,1,2,software_development,services_and_business,1.0,0,,200.0,0.0,0.0,0.0,0.0,3,0,0,0,0,1,0,1,0.0,0.00050625287,Open
9fd33f50-bd26-4f22-91ec-637a6a5befe1,SentinelOne,software_development,444 Castro St,https://www.sentinelone.com/,1.0,29,2,1,1,0,1,software_development,1,1,1,1,1,0,0,1,1,,0,1,2,software_development,services_and_business,1.0,0,,200.0,0.0,0.0,0.0,0.0,3,0,0,0,0,1,0,1,0.0,0.00050625287,Open
f4d6db0f-9516-4de5-9d03-6b95d4ac57cd,DrumWave Inc,software_development,2465 Latham St,https://www.drumwave.com/,1.0,29,2,1,1,0,1,software_development,1,1,1,1,1,0,0,1,1,,0,1,2,software_development,services_and_business,1.0,0,,200.0,0.0,0.0,0.0,0.0,3,0,0,0,0,1,0,1,0.0,0.00050625287,Open
b5260cdf-e9e1-4ff0-920f-f00f68aacb5c,WhoAPI,software_development,800 W El Camino Real,https://whoapi.com/,1.0,29,2,1,1,0,1,software_development,1,1,1,1,1,0,0,1,1,,0,1,2,software_development,services_and_business,1.0,0,,200.0,0.0,0.0,0.0,0.0,3,0,0,0,0,1,0,1,0.0,0.00050625287,Open
7260a3fa-818e-4c45-88b4-39020aeca994,Sellegr8,software_development,1049 El Monte Ave,https://www.secqrd.com/,1.0,29,2,1,1,0,1,software_development,1,1,1,1,1,0,0,1,1,,0,1,2,software_development,services_and_business,1.0,0,,200.0,0.0,0.0,0.0,0.0,3,0,0,0,0,1,0,1,0.0,0.00050625287,Open
cc66d6eb-8303-4fb1-95d5-e5092cdc1f20,Confluent,software_development,899 W Evelyn Ave,http://www.confluent.io/,1.0,29,2,1,1,0,1,software_development,1,1,1,1,1,0,0,1,1,,0,1,2,software_development,services_and_business,1.0,0,,200.0,0.0,0.0,0.0,0.0,3,0,0,0,0,1,0,1,0.0,0.00050625287,Open
defd7c82-ad95-49a9-afdc-e632e7224a5c,StarTree Inc,software_development,100 View St,http://www.startree.ai/,1.0,29,2,1,1,0,1,software_development,1,1,1,1,1,0,0,1,1,,0,1,2,software_development,services_and_business,1.0,0,,200.0,0.0,0.0,0.0,0.0,3,0,0,0,0,1,0,1,0.0,0.00050625287,Open
37739dca-86c6-417d-b0b4-ba41fea7e999,Smartcar,software_development,650 Castro St,https://smartcar.com/,1.0,29,2,1,1,0,1,software_development,1,1,1,1,1,0,0,1,1,,0,1,2,software_development,services_and_business,1.0,0,,200.0,0.0,0.0,0.0,0.0,3,0,0,0,0,1,0,1,0.0,0.00050625287,Open
4a6c1890-1a96-4d2c-ac57-5b5b71baab7e,Shopdev,software_development,1049 El Monte Ave,https://www.shopdev.co/,1.0,29,2,1,1,0,1,software_development,1,1,1,1,1,0,0,1,1,,0,1,2,software_development,services_and_business,1.0,0,,200.0,0.0,0.0,0.0,0.0,3,0,0,0,0,1,0,1,0.0,0.00050625287,Open
a4886fd5-d0e0-47b2-a3ab-c69a0f8480ee,HealthLevel,software_development,1580 W El Camino Real,https://www.healthlevel.com/,1.0,29,2,1,1,0,1,software_development,1,1,1,1,1,0,0,1,1,,0,1,2,software_development,services_and_business,1.0,0,,200.0,0.0,0.0,0.0,0.0,3,0,0,0,0,1,0,1,0.0,0.00050625287,Open
2ab92ea6-1816-498b-8b76-29f3b83a54f8,Caliber Collision,auto_body_shop,177 E Evelyn Ave,https://www.caliber.com/find-a-location/mountain-view,1.0,29,2,1,1,0,1,auto_body_shop,2,1,1,1,1,0,0,1,1,Caliber Collision,1,1,2,auto_body_shop,travel_and_transportation,1.0,0,,200.0,0.0,0.0,0.0,0.0,3,7,0,0,0,1,0,1,0.0,0.0004965658,Open
ac966c8e-655e-47a2-ba49-ffa34ec70d12,Rabbit Groomers Inc,pet_groomer,800 W El Camino Real,https://rabbitgroomers.com/,1.0,29,2,1,1,0,1,pet_groomer,1,1,1,1,1,0,0,1,1,,0,1,2,pet_grooming,lifestyle_services,1.0,0,,200.0,0.0,0.0,0.0,0.0,3,0,0,0,0,1,0,1,0.0,0.0004930578,Open
c7b4431f-1da4-45f2-8ee9-a449009c926e,Precision Eyecare Centers,optometrist,1039 El Monte Ave,http://www.precisioneyes.com/,1.0,29,2,1,1,0,1,optometrist,1,1,1,1,1,0,0,1,1,,0,1,2,eye_care,health_care,1.0,0,,405.0,0.0,0.0,0.0,0.0,3,0,0,0,0,1,0,1,0.0,0.00049197854,Open
820ef29c-3d5d-408d-bdb5-6f7b302c1f27,Direct Mail for Mac,business_advertising,,https://directmailmac.com/,1.0,29,2,1,0,0,0,business_advertising,0,1,1,0,0,0,0,1,1,,0,0,2,business_advertising_marketing,services_and_business,1.0,0,,200.0,0.0,0.0,0.0,0.0,1,0,0,0,0,1,0,1,0.0,0.00049170404,Open
0962c995-9d22-4087-916d-bba48aab1e6d,Monte Vista Apartments,landmark_and_historical_building,245 Bush St,,,29,2,0,1,0,1,landmark_and_historical_building,2,0,0,1,1,0,0,1,1,,0,1,2,historic_site,cultural_and_historic,,0,,,,,0.0,0.0,2,0,0,0,0,1,0,1,0.0,0.0004901838,Open
80d1be6f-29e0-4b69-8c8a-7b28e46d5f99,Luzern Apartments,landmark_and_historical_building,500 Chiquita Ave,,,29,2,0,1,0,1,landmark_and_historical_building,2,0,0,1,1,0,0,1,1,,0,1,2,historic_site,cultural_and_historic,,0,,,,,0.0,0.0,2,0,0,0,0,1,0,1,0.0,0.0004901838,Open
f025149c-1e01-44b7-8af4-1b68d3dc4e2a,Mountain View Condo,landmark_and_historical_building,116 Flynn Ave,,,29,2,0,1,0,1,landmark_and_historical_building,2,0,0,1,1,0,0,1,1,,0,1,2,historic_site,cultural_and_historic,,0,,,,,0.0,0.0,2,0,0,0,0,1,0,1,0.0,0.0004901838,Open
215fc1d3-aca9-49f1-a484-9e4eb0477093,MIchael Miller,counseling_and_mental_health,313 Sacramento,http://michael-miller.blog/,0.0,29,2,1,0,0,1,counseling_and_mental_health,1,1,1,0,0,0,0,1,1,,0,1,2,mental_health,health_care,0.0,0,,-1.0,0.0,1.0,0.0,0.0,2,0,0,0,0,1,0,1,1.0,0.00048614186,Open
598744ab-5ac7-4a61-8d57-96b1bf29812d,Law Offices of Brian J. O'Grady,lawyer,1150 W El Camino Real,https://www.brianogradylaw.com/,1.0,29,2,1,1,0,1,lawyer,2,1,1,1,1,0,0,1,1,,0,1,2,attorney_or_law_firm,services_and_business,1.0,0,,200.0,0.0,0.0,0.0,0.0,3,0,0,0,0,1,0,1,0.0,0.0004860265,Open
2a7810d1-561f-428a-8dc8-a25228421785,Kalia Law P.C.,lawyer,800 W El Camino Real,http://www.kalialawpc.com/,1.0,29,2,1,1,0,1,lawyer,2,1,1,1,1,0,0,1,1,,0,1,2,attorney_or_law_firm,services_and_business,1.0,0,,200.0,0.0,0.0,0.0,0.0,3,0,0,0,0,1,0,1,0.0,0.0004860265,Open
04a0994f-5f5b-4d4d-a812-9fa2c27576e4,Fenwick and West,lawyer,801 California St,http://www.fenwick.com/,1.0,29,2,1,1,0,1,lawyer,2,1,1,1,1,0,0,1,1,,0,1,2,attorney_or_law_firm,services_and_business,1.0,0,,200.0,0.0,0.0,0.0,0.0,3,0,0,0,0,1,0,1,0.0,0.0004860265,Open
8fc93991-18b0-4f0a-8fe6-8e6f54fc3503,Christian Counseling Center,counseling_and_mental_health,748 Mercy St,http://www.kellykoken.com/,1.0,29,2,1,1,0,1,counseling_and_mental_health,1,1,1,1,1,0,0,1,1,,0,1,2,mental_health,health_care,1.0,0,,200.0,0.0,0.0,0.0,0.0,3,0,0,0,0,1,0,1,0.0,0.0004855056,Open
ee89da41-4125-400e-993c-a9c42348ed22,Kids Haircuts Mountain View - Kids-friendly hair salon for children,hair_salon,357 Castro St,http://www.kidshaircutsmountainview.com/,1.0,29,2,1,1,0,1,hair_salon,1,1,1,1,1,0,0,1,1,,0,1,2,hair_salon,lifestyle_services,1.0,0,,200.0,0.0,0.0,0.0,0.0,3,0,0,0,0,1,0,1,0.0,0.00048194802,Open
b625b11f-d27b-412b-8a06-ce888f899c35,Cubby Cuts,hair_salon,1734 W El Camino Real,http://www.cubbycuts.com/,1.0,29,2,1,1,0,1,hair_salon,1,1,1,1,1,0,0,1,1,,0,1,2,hair_salon,lifestyle_services,1.0,0,,200.0,0.0,0.0,0.0,0.0,3,0,0,0,0,1,0,1,0.0,0.00048194802,Open
4244b71e-647a-4b55-ac8c-16245a632d64,Solstice Salon,hair_salon,681 Calderon Ave,http://www.solsticesalon.com/,1.0,29,2,1,1,0,1,hair_salon,1,1,1,1,1,0,0,1,1,,0,1,2,hair_salon,lifestyle_services,1.0,0,,200.0,0.0,0.0,0.0,0.0,3,0,0,0,0,1,0,1,0.0,0.00048194802,Open
468b5763-1d7b-4672-8d34-520b14c439fc,Ada Lash,beauty_salon,726 Villa St,https://www.adalashstudio.com/,1.0,29,2,1,1,0,1,beauty_salon,1,1,1,1,1,0,0,1,1,,0,1,2,beauty_salon,lifestyle_services,1.0,0,,200.0,0.0,0.0,0.0,0.0,3,0,0,0,0,1,0,1,0.0,0.00047887574,Open
4f818059-fa2e-4cdb-99b1-189d981a8c9f,Sabohc,software_development,800 W El Camino Real,https://www.sabohc.com/,1.0,29,2,1,1,0,1,software_development,2,1,1,1,1,0,0,1,1,,0,1,2,software_development,services_and_business,1.0,0,,403.0,0.0,0.0,0.0,0.0,3,0,0,0,0,1,0,1,0.0,0.00046788366,Open
ce56e351-9739-40ac-ae7e-5bbd2fad3510,Mountain View Home,mountain,1618 Hollingsworth Dr,,,29,2,0,1,0,1,mountain,2,0,0,1,1,0,0,1,1,,0,1,2,mountain,geographic_entities,,0,,,,,0.0,0.0,2,0,0,0,0,1,0,1,0.0,0.00046696267,Open
afc117a5-19c4-424b-bab8-01a497f2fc65,ToothFairy,dentist,327 Moffett Blvd,http://www.dentalzonemountainview.com/,1.0,29,2,1,1,0,1,dentist,0,1,1,1,1,0,0,1,1,,0,1,2,general_dentistry,health_care,1.0,0,,200.0,0.0,0.0,0.0,0.0,3,0,0,0,0,1,0,1,0.0,0.00046254342,Open
3589c0f0-7230-44b0-8a2c-67d3d83662f3,Belontex,financial_service,800 W El Camino Real,https://miningusd.online/take-offer,0.0,29,2,1,0,0,1,financial_service,0,1,1,0,0,0,0,1,1,,0,1,2,financial_service,services_and_business,0.0,0,,-1.0,0.0,1.0,0.0,0.0,2,0,0,0,0,1,0,1,1.0,0.0004624045,Open
a92f461b-f985-48ad-8ce6-f9861b793181,One More Media,marketing_agency,1049 El Monte Ave,https://coastland.media/book_now,1.0,29,2,1,1,0,1,marketing_agency,2,1,1,1,1,0,0,1,1,,0,1,2,business_advertising_marketing,services_and_business,1.0,0,,200.0,0.0,0.0,0.0,0.0,3,0,0,0,0,1,0,1,0.0,0.00046168067,Open
6fb60e3a-3ad2-4be1-bf4b-cd611866f7e0,Schaefer Park,park,914 Mountain View Ave,,,29,2,0,1,0,1,park,1,0,0,1,1,0,0,1,1,,0,1,2,park,sports_and_recreation,,0,,,,,0.0,0.0,2,0,0,0,0,1,0,1,0.0,0.00045048646,Open
19356408-2ed1-4623-a0c7-115c6c476374,RETTEX,investing,655 Castro St,https://rettex.com/,1.0,29,2,1,1,0,1,investing,1,1,1,1,1,0,0,1,1,,0,1,2,financial_service,services_and_business,1.0,0,,405.0,0.0,0.0,0.0,0.0,3,0,0,0,0,1,0,1,0.0,0.00045045512,Open
82bf91d8-5764-4cff-bac6-fa6be130fc21,Amz Experts,community_services_non_profits,800 W El Camino Real,http://www.amzexperts.co/,1.0,29,2,1,1,0,1,community_services_non_profits,2,1,1,1,1,0,0,1,1,,0,1,2,social_or_community_service,community_and_government,1.0,0,,403.0,0.0,0.0,0.0,0.0,3,0,0,0,0,1,0,1,0.0,0.00044947953,Open
c5664a1b-2d58-47a4-9676-dbd4de450b66,Humu,software_development,100 View St,,,29,2,0,1,0,1,software_development,1,0,0,1,1,0,0,1,1,,0,1,2,software_development,services_and_business,,0,,,,,0.0,0.0,2,0,0,0,0,1,0,1,0.0,0.00044886637,Open
5017899e-754c-4801-9f67-33e5927460f9,Friends of the Mountain View Library,community_services_non_profits,585 Franklin St,https://mvlibraryfriends.org/,1.0,29,2,1,1,0,1,community_services_non_profits,1,1,1,1,1,0,0,1,1,,0,1,2,social_or_community_service,community_and_government,1.0,0,,200.0,0.0,0.0,0.0,0.0,3,0,0,0,0,1,0,1,0.0,0.00044831584,Open
c5745ac3-fa0a-48ec-9729-ccb58faf8ba2,MVPAL,community_services_non_profits,1000 Villa St,http://www.mvpal.org/,1.0,29,2,1,1,0,1,community_services_non_profits,1,1,1,1,1,0,0,1,1,,0,1,2,social_or_community_service,community_and_government,1.0,0,,200.0,0.0,0.0,0.0,0.0,3,0,0,0,0,1,0,1,0.0,0.00044831584,Open
7ac8104d-e097-47d3-bcea-ae02c53b340b,Mountain View Chamber of Commerce,community_services_non_profits,580 Castro St,http://chambermv.org/,1.0,29,2,1,1,0,1,community_services_non_profits,1,1,1,1,1,0,0,1,1,,0,1,2,social_or_community_service,community_and_government,1.0,0,,200.0,0.0,0.0,0.0,0.0,3,0,0,0,0,1,0,1,0.0,0.00044831584,Open
7b8ae8b1-e81e-487e-b10c-e1baa7703a41,Silicon Valley Community Foundation,community_services_non_profits,444 Castro St,http://svcf.org/,1.0,29,2,1,1,0,1,community_services_non_profits,1,1,1,1,1,0,0,1,1,,0,1,2,social_or_community_service,community_and_government,1.0,0,,200.0,0.0,0.0,0.0,0.0,3,0,0,0,0,1,0,1,0.0,0.00044831584,Open
70049353-ced3-49b3-8c54-63bb5bb1658c,Pacific Ballet Academy,dance_school,295 Polaris Ave,http://pacificballet.org/,1.0,29,2,1,1,0,1,dance_school,2,1,1,1,1,0,0,1,1,,0,1,2,specialty_school,sports_and_recreation,1.0,0,,200.0,0.0,0.0,0.0,0.0,3,0,0,0,0,1,0,1,0.0,0.0004465207,Open
a1c2a196-8915-4825-a0c2-31375971a88a,Global voyage immigration,immigration_law,624 W El Camino Real,,,29,2,0,0,0,1,immigration_law,0,0,0,0,0,0,0,1,1,,0,1,2,attorney_or_law_firm,services_and_business,,0,,,,,0.0,0.0,1,0,0,0,0,1,0,1,0.0,0.00044404116,Open
b52c5b76-774d-4ca2-a758-6a6faf99e6fa,Planetscale,event_planning,278 Hope St,http://planetscale.com,1.0,29,2,1,1,0,1,event_planning,0,1,1,1,1,0,0,1,1,,0,1,2,event_or_party_service,services_and_business,1.0,0,,200.0,0.0,0.0,0.0,0.0,3,0,0,0,0,1,0,1,0.0,0.00043667972,Open
0a75c0ae-a369-4e90-8e9a-7b812345a107,Silicon Valley Custom Homes,contractor,682 Villa St,http://svcustomhomes.com/,1.0,29,2,1,1,0,1,contractor,1,1,1,1,1,0,0,1,1,,0,1,2,building_contractor_service,services_and_business,1.0,0,,200.0,0.0,0.0,0.0,0.0,3,0,0,0,0,1,0,1,0.0,0.0004366714,Open
009fff18-fa6b-4704-b2f1-76f0a288f80e,MVWSD Preschool,public_school,1850 Latham St,https://www.mvwsd.org/schools_and_programs/preschool,1.0,29,2,1,1,0,1,public_school,0,1,1,1,1,0,0,1,1,,0,1,2,place_of_learning,education,1.0,0,,200.0,0.0,0.0,0.0,0.0,3,0,0,0,0,1,0,1,0.0,0.0004365116,Open
6dafd130-8688-4809-a549-3216472987e1,Budget Motel,motel,1028 W El Camino Real,http://www.budgetmotelmv.net,1.0,29,2,1,1,0,1,motel,2,1,1,1,1,0,0,1,1,,0,1,2,motel,lodging,1.0,0,,200.0,0.0,0.0,0.0,0.0,3,0,0,0,0,1,0,1,0.0,0.00043026355,Open
e2bf0074-084c-4760-bc9b-e9f1bce82727,Silicon Valley Tinting,car_window_tinting,130 Pioneer Way,,,29,2,0,1,0,1,car_window_tinting,2,0,0,1,1,0,0,1,1,,0,1,2,auto_glass_service,travel_and_transportation,,0,,,,,0.0,0.0,2,0,0,0,0,1,0,1,0.0,0.00042842975,Open
604140be-49b6-43ae-b693-7118d5b63eb2,Vibrantcultural.com,internet_marketing_service,412 Castro St,https://www.vibrantcultural.com/,1.0,29,2,1,1,0,1,internet_marketing_service,2,1,1,1,1,0,0,1,1,,0,1,2,business_advertising_marketing,services_and_business,1.0,0,,200.0,0.0,0.0,0.0,0.0,3,0,0,0,0,1,0,1,0.0,0.00042699577,Open
2c8560a8-10ae-4d96-9c66-ef7b0b7c70a5,Altos Research,marketing_consultant,280 Hope St,http://www.altosresearch.com,1.0,29,2,1,1,0,1,marketing_consultant,2,1,1,1,1,0,0,1,1,,0,1,2,business_advertising_marketing,services_and_business,1.0,0,,200.0,0.0,0.0,0.0,0.0,3,0,0,0,0,1,0,1,0.0,0.00042699577,Open
07ef608e-6442-4cd0-a113-84b8c80cc36b,Blue Apple Construction,construction_services,939 Rich Ave,http://blueappleconstruction.com/,0.0,29,2,1,1,0,1,construction_services,2,1,1,1,1,0,0,1,1,,0,1,2,building_construction_service,services_and_business,0.0,0,,406.0,1.0,0.0,0.0,0.0,3,0,0,0,0,1,0,1,1.0,0.00042479913,Open
40ba3996-d98a-4298-b550-6418e9cb42d1,Dana Park,park,1150 W Dana St,http://www.ci.mtnview.ca.us,1.0,29,2,1,1,0,1,park,1,1,1,1,1,0,0,1,1,,0,1,2,park,sports_and_recreation,1.0,0,,403.0,0.0,0.0,0.0,0.0,3,0,0,0,0,1,0,1,0.0,0.00042246116,Open
ee206533-2691-4ae9-bb32-630b6288fcbe,Mr Suds Laundry,laundromat,235 E Middlefield Rd,,,29,2,0,1,0,1,laundromat,2,0,0,1,1,0,0,1,1,,0,1,2,laundromat,services_and_business,,0,,,,,0.0,0.0,2,0,0,0,0,1,0,1,0.0,0.00042224475,Open
01d77959-5bb2-4456-8818-4d6549f66499,Peplink,event_photography,800 W El Camino Real,http://www.peplink.com,1.0,29,2,1,1,0,1,event_photography,2,1,1,1,1,0,0,1,1,,0,1,2,photography_service,services_and_business,1.0,0,,200.0,0.0,0.0,0.0,0.0,3,0,0,0,0,1,0,1,0.0,0.00042202583,Open
0aec61d3-3123-4cce-9917-b8dccc7bcc29,Mountain View Community Development,public_and_government_association,500 Castro St,https://econdev.mountainview.gov/,1.0,29,2,1,1,0,1,public_and_government_association,2,1,1,1,1,0,0,1,1,,0,1,2,civic_organization_office,community_and_government,1.0,0,,403.0,0.0,0.0,0.0,0.0,3,0,0,0,0,1,0,1,0.0,0.0004216874,Open
ba7be231-538f-4fed-9ba6-6967612593cf,City of Mountain View,public_and_government_association,500 Castro St,http://mountainview.gov/,1.0,29,2,1,1,0,1,public_and_government_association,2,1,1,1,1,0,0,1,1,,0,1,2,civic_organization_office,community_and_government,1.0,0,,403.0,0.0,0.0,0.0,0.0,3,0,0,0,0,1,0,1,0.0,0.0004216874,Open
3882c74d-a68c-4b74-b49e-5cf1781de99a,methinks,software_development,821 W El Camino Real,https://www.methinks.io/,1.0,29,2,1,1,0,1,software_development,2,1,1,1,1,0,0,1,1,,0,1,2,software_development,services_and_business,1.0,0,,200.0,0.0,0.0,0.0,0.0,3,0,0,0,0,1,0,1,0.0,0.0004196383,Open
5212dd5f-3f65-4a64-828a-66ace6f2ef9a,Coursera,software_development,381 E Evelyn Ave,https://bit.ly/4lE6Cl9,1.0,29,2,1,1,0,1,software_development,2,1,1,1,1,0,0,1,1,,0,1,2,software_development,services_and_business,1.0,0,,200.0,0.0,0.0,0.0,0.0,3,0,0,0,0,1,0,1,0.0,0.0004196383,Open
67f9159e-f3d6-4d1e-8fb7-ba984946f96b,Platform9 Systems,software_development,800 W El Camino Real,https://platform9.com/,1.0,29,2,1,1,0,1,software_development,2,1,1,1,1,0,0,1,1,,0,1,2,software_development,services_and_business,1.0,0,,200.0,0.0,0.0,0.0,0.0,3,0,0,0,0,1,0,1,0.0,0.0004196383,Open
4742ff4c-83b0-4368-a33a-0f94c9f96a5f,Atlassian,software_development,301 E Evelyn Ave,http://www.atlassian.com,1.0,29,2,1,1,0,1,software_development,2,1,1,1,1,0,0,1,1,,0,1,2,software_development,services_and_business,1.0,0,,200.0,0.0,0.0,0.0,0.0,3,0,0,0,0,1,0,1,0.0,0.0004196383,Open
d06282c8-5b0e-4159-98a0-8d5ae9df8f7e,Intuit,software_development,280 Hope St,https://www.intuit.com,1.0,29,2,1,1,0,1,software_development,2,1,1,1,1,0,0,1,1,,0,1,2,software_development,services_and_business,1.0,0,,200.0,0.0,0.0,0.0,0.0,3,0,0,0,0,1,0,1,0.0,0.0004196383,Open
03a80265-5384-49a6-97ca-0052e617dabc,Centrl,software_development,257 Castro St,https://centrl.ai/,1.0,29,2,1,1,0,1,software_development,2,1,1,1,1,0,0,1,1,,0,1,2,software_development,services_and_business,1.0,0,,200.0,0.0,0.0,0.0,0.0,3,0,0,0,0,1,0,1,0.0,0.0004196383,Open
4c8e4ff5-e8ab-4cf7-af8e-a2dd946bc6f7,Aera Technology,software_development,707 California St,http://www.aeratechnology.com/,1.0,29,2,1,1,0,1,software_development,2,1,1,1,1,0,0,1,1,,0,1,2,software_development,services_and_business,1.0,0,,200.0,0.0,0.0,0.0,0.0,3,0,0,0,0,1,0,1,0.0,0.0004196383,Open
5f2083fe-1169-4c12-b3ad-4f1304b0e21f,ThoughtSpot,software_development,444 Castro St,https://www.thoughtspot.com/,1.0,29,2,1,1,0,1,software_development,2,1,1,1,1,0,0,1,1,,0,1,2,software_development,services_and_business,1.0,0,,200.0,0.0,0.0,0.0,0.0,3,0,0,0,0,1,0,1,0.0,0.0004196383,Open
330b343c-7c48-4c47-a323-4eaa0a7384b0,Menlo Security,software_development,800 W El Camino Real,https://www.menlosecurity.com/,1.0,29,2,1,1,0,1,software_development,2,1,1,1,1,0,0,1,1,,0,1,2,software_development,services_and_business,1.0,0,,200.0,0.0,0.0,0.0,0.0,3,0,0,0,0,1,0,1,0.0,0.0004196383,Open
3cba84dc-d62d-4722-aae4-1307f59e6f20,Spot Trender,software_development,650 Castro St,https://www.spottrender.com/,1.0,29,2,1,1,0,1,software_development,2,1,1,1,1,0,0,1,1,,0,1,2,software_development,services_and_business,1.0,0,,200.0,0.0,0.0,0.0,0.0,3,0,0,0,0,1,0,1,0.0,0.0004196383,Open
6c6ba282-a37c-4c1b-b888-a0a1fb04656c,Velocity Software Inc,software_development,196 Castro St,http://www.velocity-software.com,1.0,29,2,1,1,0,1,software_development,2,1,1,1,1,0,0,1,1,,0,1,2,software_development,services_and_business,1.0,0,,200.0,0.0,0.0,0.0,0.0,3,0,0,0,0,1,0,1,0.0,0.0004196383,Open
c23ae52c-9097-4847-823f-de7485cdc4bc,IWANDO,software_development,800 W El Camino Real,https://iwando.com/,1.0,29,2,1,1,0,1,software_development,2,1,1,1,1,0,0,1,1,,0,1,2,software_development,services_and_business,1.0,0,,200.0,0.0,0.0,0.0,0.0,3,0,0,0,0,1,0,1,0.0,0.0004196383,Open
42bf4317-6a6d-451c-94cc-4867c8c95a9c,CISC Semiconductor Corp.,software_development,800 W El Camino Real,http://www.cisc-semiconductor.com/,1.0,29,2,1,1,0,1,software_development,2,1,1,1,1,0,0,1,1,,0,1,2,software_development,services_and_business,1.0,0,,200.0,0.0,0.0,0.0,0.0,3,0,0,0,0,1,0,1,0.0,0.0004196383,Open
4d88ae51-8dc4-40f3-bf7a-2875e12001b5,Mountaint View,transportation,,https://mountainmoves.co/moving-quote/,0.0,29,2,1,1,0,0,transportation,2,1,1,1,1,0,0,1,1,,0,0,2,transportation_location,travel_and_transportation,0.0,0,,404.0,1.0,0.0,0.0,0.0,2,0,0,0,0,1,0,1,1.0,0.000419328,Open
3cea77c4-6e65-42f6-b7ba-1ca16705e4de,Quick Fix Computer Services,it_service_and_computer_repair,1398 W El Camino Real,http://www.quickfixba.com/,1.0,29,2,1,1,0,1,it_service_and_computer_repair,2,1,1,1,1,0,0,1,1,,0,1,2,technical_service,services_and_business,1.0,0,,200.0,0.0,0.0,0.0,0.0,3,0,0,0,0,1,0,1,0.0,0.00041775717,Open
72962e07-6f71-4ad3-b1ff-115cc20ae685,TNL Car Title Loans Mountain View,installment_loans,660 W Dana St,http://www.thenetlender.com/locations/tnl-car-title-loans-mountain-view/,1.0,29,2,1,1,0,1,installment_loans,2,1,1,1,1,0,0,1,1,,0,1,2,loan_provider,services_and_business,1.0,0,,200.0,0.0,0.0,0.0,0.0,3,0,0,0,0,1,0,1,0.0,0.0004167159,Open
fbe98589-1ffb-4747-a62f-ffbff7163679,Pactum AI Inc.,software_development,800 W El Camino Real,http://www.pactum.com/,1.0,29,2,1,0,0,1,software_development,0,1,1,0,0,0,0,1,1,,0,1,2,software_development,services_and_business,1.0,0,,200.0,0.0,0.0,0.0,0.0,2,0,0,0,0,1,0,1,0.0,0.00041586187,Open
1ec0ec06-b2c1-4976-9e29-5a240747c739,Lugelo Storybook,software_development,650 Castro St,http://www.Lugelo.com/,1.0,29,2,1,0,0,1,software_development,0,1,1,0,0,0,0,1,1,,0,1,2,software_development,services_and_business,1.0,0,,200.0,0.0,0.0,0.0,0.0,2,0,0,0,0,1,0,1,0.0,0.00041586187,Open
18969ba6-43d7-4ac7-9749-bb25f2a9a958,AP Investment Management,financial_advising,800 W El Camino Real,https://www.apinvestmentmanagement.com/,1.0,29,2,1,1,0,1,financial_advising,0,1,1,1,1,0,0,1,1,,0,1,2,financial_service,services_and_business,1.0,0,,200.0,0.0,0.0,0.0,0.0,3,0,0,0,0,1,0,1,0.0,0.00041411276,Open
b32e71e3-7516-474a-a281-a5baf46d8aaa,Doota,software_development,800 W El Camino Real,http://www.doota.io/,0.0,29,2,1,1,0,1,software_development,0,1,1,1,1,0,0,1,1,,0,1,2,software_development,services_and_business,0.0,0,,-1.0,0.0,1.0,0.0,0.0,3,0,0,0,0,1,0,1,1.0,0.0004081688,Open
df3c9810-d594-4f61-bc3f-a910c65ab47b,Silicon Valley Heights,real_estate,800 W El Camino Real,http://www.svheights.com,1.0,29,2,1,1,0,1,real_estate,1,1,1,1,1,0,0,1,1,,0,1,2,real_estate_service,services_and_business,1.0,0,,405.0,0.0,0.0,0.0,0.0,3,0,0,0,0,1,0,1,0.0,0.00040736434,Open
371fb6fd-c60c-42a4-b853-3687b635169c,Flying Fish Swim School,swimming_instructor,280 Polaris Ave,http://www.flyingfishswim.com/,1.0,29,2,1,1,0,1,swimming_instructor,2,1,1,1,1,0,0,1,1,,0,1,2,swimming_pool,sports_and_recreation,1.0,0,,200.0,0.0,0.0,0.0,0.0,3,0,0,0,0,1,0,1,0.0,0.00040455072,Open
cd984995-fa1f-4567-92dd-a2ae3b2d994d,Dr. Munn,counseling_and_mental_health,800 W El Camino Real,http://drmunn.com/,1.0,29,2,1,1,0,1,counseling_and_mental_health,2,1,1,1,1,0,0,1,1,,0,1,2,mental_health,health_care,1.0,0,,200.0,0.0,0.0,0.0,0.0,3,0,0,0,0,1,0,1,0.0,0.00040446047,Open
9012cc54-edf8-41bc-98dc-f9a8a499a44a,Quora,professional_services,650 Castro St,http://www.quora.com,1.0,29,2,1,1,0,1,professional_services,1,1,1,1,1,0,0,1,1,,0,1,2,service_location,services_and_business,1.0,0,,403.0,0.0,0.0,0.0,0.0,3,0,0,0,0,1,0,1,0.0,0.00040422613,Open
57d4da76-5b87-4ed9-9b8a-42e21b4fbf19,TQ photography,professional_services,100 N Whisman Rd,http://www.jmcardiff.com/,1.0,29,2,1,1,0,1,professional_services,1,1,1,1,1,0,0,1,1,,0,1,2,service_location,services_and_business,1.0,0,,403.0,0.0,0.0,0.0,0.0,3,0,0,0,0,1,0,1,0.0,0.00040422613,Open
6e96495c-b1fa-4001-b653-7078433ffcf4,Park Place Monitoring,real_estate_service,800 High School Way,https://prometheusapartments.com/san-francisco-bay-area-apartments/san-francisco-south-bay/park-place-south,1.0,29,2,1,1,0,1,real_estate_service,2,1,1,1,1,0,0,1,1,,0,1,2,real_estate_service,services_and_business,1.0,0,,403.0,0.0,0.0,0.0,0.0,3,0,0,0,0,1,0,1,0.0,0.00040209427,Open
85588144-a196-4370-af44-0c51a456ca34,Rapyd,financial_service,,https://www.rapyd.net/,1.0,29,2,1,0,0,0,financial_service,1,1,1,0,0,0,0,1,1,,0,0,2,financial_service,services_and_business,1.0,0,,200.0,0.0,0.0,0.0,0.0,1,0,0,0,0,1,0,1,0.0,0.0004016933,Open
fd7806e3-2288-4591-995b-eb2330e95cc4,Orbit & Rust,hair_salon,845 Villa St,http://www.orbitandrust.com/,1.0,29,2,1,1,0,1,hair_salon,2,1,1,1,1,0,0,1,1,,0,1,2,hair_salon,lifestyle_services,1.0,0,,200.0,0.0,0.0,0.0,0.0,3,0,0,0,0,1,0,1,0.0,0.00040149657,Open
65e924bb-220c-4558-94d7-41390b9103bd,Illumi Salon,hair_salon,655 Castro St,http://illumisalon.com/,1.0,29,2,1,1,0,1,hair_salon,2,1,1,1,1,0,0,1,1,,0,1,2,hair_salon,lifestyle_services,1.0,0,,200.0,0.0,0.0,0.0,0.0,3,0,0,0,0,1,0,1,0.0,0.00040149657,Open
a6f7eaad-272e-41d9-9fd4-9c3b0cc0eb52,Salon Finesse,hair_salon,732 Villa St,http://www.mytime.com/express_checkout/118040-48032,1.0,29,2,1,1,0,1,hair_salon,2,1,1,1,1,0,0,1,1,,0,1,2,hair_salon,lifestyle_services,1.0,0,,200.0,0.0,0.0,0.0,0.0,3,0,0,0,0,1,0,1,0.0,0.00040149657,Open
ccce7f98-6ca6-4592-9b6d-9af7c3b9d222,Elegance Hair Salon,beauty_salon,696 W Dana St,http://www.elegancehairsalon.com,1.0,29,2,1,1,0,1,beauty_salon,2,1,1,1,1,0,0,1,1,,0,1,2,beauty_salon,lifestyle_services,1.0,0,,200.0,0.0,0.0,0.0,0.0,3,0,0,0,0,1,0,1,0.0,0.0003989371,Open
9a090d44-79f9-4ea4-8c3f-f13579e448cc,Sumi Beauty Salon,beauty_salon,1734 W El Camino Real,http://www.sumibeauty.com/,1.0,29,2,1,1,0,1,beauty_salon,2,1,1,1,1,0,0,1,1,,0,1,2,beauty_salon,lifestyle_services,1.0,0,,200.0,0.0,0.0,0.0,0.0,3,0,0,0,0,1,0,1,0.0,0.0003989371,Open
65e51cd8-4e90-4bbb-bc68-b7ef9ac89c81,Ruiz Beauty Salon,beauty_salon,327 Moffett Blvd,http://ruizbeautysalon.placeweb.site,1.0,29,2,1,1,0,1,beauty_salon,2,1,1,1,1,0,0,1,1,,0,1,2,beauty_salon,lifestyle_services,1.0,0,,200.0,0.0,0.0,0.0,0.0,3,0,0,0,0,1,0,1,0.0,0.0003989371,Open
53dcff5d-ec2d-4a50-8a47-eefbea64f443,D'Lux Hair & Nails,beauty_salon,205 E Middlefield Rd,http://dluxhairnails.com/,1.0,29,2,1,1,0,1,beauty_salon,2,1,1,1,1,0,0,1,1,,0,1,2,beauty_salon,lifestyle_services,1.0,0,,200.0,0.0,0.0,0.0,0.0,3,0,0,0,0,1,0,1,0.0,0.0003989371,Open
b5985e4c-8612-4fb9-a6d6-a8282ab7843b,Facial Town,beauty_salon,257 Castro St,https://facial-town-mountain-view.square.site/,1.0,29,2,1,1,0,1,beauty_salon,2,1,1,1,1,0,0,1,1,,0,1,2,beauty_salon,lifestyle_services,1.0,0,,200.0,0.0,0.0,0.0,0.0,3,0,0,0,0,1,0,1,0.0,0.0003989371,Open
ee685ffb-3679-49b4-8dd4-b40a0a3e6873,Hair From the Hart,beauty_salon,695 Calderon Ave,http://apersonalcareboutique.com/,1.0,29,2,1,1,0,1,beauty_salon,2,1,1,1,1,0,0,1,1,,0,1,2,beauty_salon,lifestyle_services,1.0,0,,200.0,0.0,0.0,0.0,0.0,3,0,0,0,0,1,0,1,0.0,0.0003989371,Open
1c31606c-172d-4504-a970-709c1f1eb1ff,Bank of America Financial Center & Walk-Up ATM | Mountain View Main,banks,444 Castro St STE 100,https://locators.bankofamerica.com/ca/mountainview/financial-centers-mountain-view-8688.html,1.0,29,2,1,0,1,1,banks,0,1,1,0,0,1,1,2,1,Bank of America,1,1,2,bank,services_and_business,1.0,0,,200.0,0.0,0.0,0.0,0.0,3,227,1,0,0,1,0,0,0.0,0.00039732674,Open
a1396d9f-5a1d-4370-8520-15590b13eb4e,Arctic Grey,web_designer,800 W El Camino Real,https://www.arcticgrey.com/,1.0,29,2,1,1,0,1,web_designer,2,1,1,1,1,0,0,1,1,,0,1,2,web_design_service,services_and_business,1.0,0,,200.0,0.0,0.0,0.0,0.0,3,0,0,0,0,1,0,1,0.0,0.0003949932,Open
3cc3351f-68fa-4944-a7d9-cb5038f127fb,Teleki Design,web_designer,257 Castro St,http://telekidesign.com/,1.0,29,2,1,1,0,1,web_designer,2,1,1,1,1,0,0,1,1,,0,1,2,web_design_service,services_and_business,1.0,0,,200.0,0.0,0.0,0.0,0.0,3,0,0,0,0,1,0,1,0.0,0.0003949932,Open
e9c2599d-932a-418e-b823-f823e9babee8,La Monique's Nail Salon,nail_salon,650 Castro St,http://www.sloan-consulting.com/,0.0,29,2,1,1,0,1,nail_salon,2,1,1,1,1,0,0,1,1,,0,1,2,nail_salon,lifestyle_services,0.0,0,,409.0,1.0,0.0,0.0,0.0,3,0,0,0,0,1,0,1,1.0,0.00039365212,Open
9a9d8984-971c-46a8-95c1-3064be098398,Dana Oriental Market,naturopathic_holistic,800 California St,http://www.danaherbalmarket.com/,0.0,29,2,1,1,0,1,naturopathic_holistic,2,1,1,1,1,0,0,1,1,,0,1,2,alternative_medicine,health_care,0.0,0,,-1.0,0.0,1.0,0.0,0.0,3,0,0,0,0,1,0,1,1.0,0.0003905413,Open
880a2586-dbff-4889-95ac-06b69c9ba676,Remedy Hypnotherapy,naturopathic_holistic,1621 W El Camino Real,http://www.remedyhypnotherapy.com/,0.0,29,2,1,1,0,1,naturopathic_holistic,2,1,1,1,1,0,0,1,1,,0,1,2,alternative_medicine,health_care,0.0,0,,-1.0,0.0,1.0,0.0,0.0,3,0,0,0,0,1,0,1,1.0,0.0003905413,Open
26993277-47f6-4fef-85c8-1f39704625f2,Ricky's Pure Water,bottled_water_company,205 E Middlefield Rd,http://Rickyspurewater.com/,0.0,29,2,1,1,0,1,bottled_water_company,2,1,1,1,1,0,0,1,1,,0,1,2,food_or_beverage_store,services_and_business,0.0,0,,-1.0,0.0,1.0,0.0,0.0,3,0,0,0,0,1,0,1,1.0,0.00038883527,Open
999c3744-da16-4ac5-b6fc-dfebe51b23b9,Gbox,information_technology_company,701 Villa St,http://www.gbox.com/,1.0,29,2,1,0,0,1,information_technology_company,2,1,1,0,0,0,0,1,1,,0,1,2,information_technology_service,services_and_business,1.0,0,,405.0,0.0,0.0,0.0,0.0,2,0,0,0,0,1,0,1,0.0,0.00038878762,Open
bddf5776-98f8-4781-9078-b0483ebc7a75,Modlin Legal,lawyer,800 W El Camino Real,http://www.modlinlegal.com/,0.0,29,2,1,1,0,1,lawyer,2,1,1,1,1,0,0,1,1,,0,1,2,attorney_or_law_firm,services_and_business,0.0,0,,406.0,1.0,0.0,0.0,0.0,3,0,0,0,0,1,0,1,1.0,0.00038809574,Open
1cca9428-d775-4af7-9da0-312e6cfbeb15,Hope's Corner,community_services_non_profits,748 Mercy St,http://www.hopes-corner.org/,1.0,29,2,1,1,0,1,community_services_non_profits,2,1,1,1,1,0,0,1,1,,0,1,2,social_or_community_service,community_and_government,1.0,0,,200.0,0.0,0.0,0.0,0.0,3,0,0,0,0,1,0,1,0.0,0.00037673215,Open
4f2b5c98-bff4-4784-8888-f01474b0689b,SENS Research Foundation,community_services_non_profits,110 Pioneer Way,http://www.sens.org,1.0,29,2,1,1,0,1,community_services_non_profits,2,1,1,1,1,0,0,1,1,,0,1,2,social_or_community_service,community_and_government,1.0,0,,200.0,0.0,0.0,0.0,0.0,3,0,0,0,0,1,0,1,0.0,0.00037673215,Open
01c8e9e9-f17e-4dd3-a6b5-30c613339aeb,Lively Foundation,community_services_non_profits,550 Mountain View Ave,http://www.livelyfoundation.org/,1.0,29,2,1,1,0,1,community_services_non_profits,2,1,1,1,1,0,0,1,1,,0,1,2,social_or_community_service,community_and_government,1.0,0,,200.0,0.0,0.0,0.0,0.0,3,0,0,0,0,1,0,1,0.0,0.00037673215,Open
2d3266dd-318e-4701-8c56-22cc8b046a15,IOOF Independent Order of Odd Fellows Lodge 244,lodge,823 Villa St,http://mountainviewoddfellows.org/,1.0,29,2,1,1,0,1,lodge,1,1,1,1,1,0,0,1,1,,0,1,2,accommodation,lodging,1.0,0,,200.0,0.0,0.0,0.0,0.0,3,0,0,0,0,1,0,1,0.0,0.0003748253,Open
1126adb0-4799-465c-a83b-d4f8212cef1f,芒廷維尤 (加利福尼亞州),landmark_and_historical_building,,http://www.mountainview.gov,1.0,29,2,1,0,0,0,landmark_and_historical_building,1,1,1,0,0,0,0,1,1,,0,0,2,historic_site,cultural_and_historic,1.0,0,,403.0,0.0,0.0,0.0,0.0,1,0,0,0,0,1,0,1,0.0,0.0003738963,Open
301e834e-96d5-48f2-ab82-fb83b0579d69,Squaglia Mfg.,machine_shop,275 Polaris Ave,http://www.squaglia.com,1.0,29,2,1,1,0,1,machine_shop,1,1,1,1,1,0,0,1,1,,0,1,2,machine_shop,services_and_business,1.0,0,,200.0,0.0,0.0,0.0,0.0,3,0,0,0,0,1,0,1,0.0,0.00037347502,Open
f28783a7-fc54-4233-9eff-a0f0bfd293e3,4Printings,printing_services,1063 W El Camino Real,http://www.4printings.com,0.0,29,2,1,1,0,1,printing_services,2,1,1,1,1,0,0,1,1,,0,1,2,printing_service,services_and_business,0.0,0,,406.0,1.0,0.0,0.0,0.0,3,0,0,0,0,1,0,1,1.0,0.00036686138,Open
6f7e3348-a56d-447d-ad7b-f0601438570d,Reflections By Carole,beauty_salon,681 Calderon Ave,http://www.reflectionsalon.net/,0.0,29,2,1,1,0,1,beauty_salon,1,1,1,1,1,0,0,1,1,,0,1,2,beauty_salon,lifestyle_services,0.0,0,,-1.0,0.0,1.0,0.0,0.0,3,0,0,0,0,1,0,1,1.0,0.0003628918,Open
2ed0d97a-e40a-490c-b071-eed6399f929a,Bella on villa salon,beauty_salon,744 Villa St,http://www.bellaovilla.com/,0.0,29,2,1,1,0,1,beauty_salon,1,1,1,1,1,0,0,1,1,,0,1,2,beauty_salon,lifestyle_services,0.0,0,,-1.0,0.0,1.0,0.0,0.0,3,0,0,0,0,1,0,1,1.0,0.0003628918,Open
dc63b414-3b31-40be-b43a-1387b1775aa3,Warm Day Spa,massage_therapy,692 W Dana St,http://www.warmdayspamountainview.com/,0.0,29,2,1,1,0,1,massage_therapy,2,1,1,1,1,0,0,1,1,,0,1,2,massage_therapy,health_care,0.0,0,,-1.0,0.0,1.0,0.0,0.0,3,0,0,0,0,1,0,1,1.0,0.00035957785,Open
2d1fe2dd-c11e-44fa-8dd9-fd4ba3697530,Guild Craft Builder,contractor,257 Moffett Blvd,http://www.guildcb.com/,1.0,29,2,1,1,0,1,contractor,2,1,1,1,1,0,0,1,1,,0,1,2,building_contractor_service,services_and_business,1.0,0,,200.0,0.0,0.0,0.0,0.0,3,0,0,0,0,1,0,1,0.0,0.00035444513,Open
35928a85-18e8-4bb8-8c36-e9c8dd89c2d6,Element Home Remodeling,contractor,800 W El Camino Real,https://elementhomeremodeling.com/,1.0,29,2,1,1,0,1,contractor,2,1,1,1,1,0,0,1,1,,0,1,2,building_contractor_service,services_and_business,1.0,0,,200.0,0.0,0.0,0.0,0.0,3,0,0,0,0,1,0,1,0.0,0.00035444513,Open
73d82e35-5071-49d6-87aa-a6ab929aedf6,Servpro Of Mountain view/Los Altos,contractor,650 Castro St,http://www.servpromountainviewlosaltos.com/,1.0,29,2,1,1,0,1,contractor,2,1,1,1,1,0,0,1,1,,0,1,2,building_contractor_service,services_and_business,1.0,0,,200.0,0.0,0.0,0.0,0.0,3,0,0,0,0,1,0,1,0.0,0.00035444513,Open
a5ec9860-ecd0-4c39-9ac8-c78bdad1d960,Magnum Tile Inc,contractor,260 Mariposa Ave,http://www.magnumtileinc.com/,1.0,29,2,1,1,0,1,contractor,2,1,1,1,1,0,0,1,1,,0,1,2,building_contractor_service,services_and_business,1.0,0,,200.0,0.0,0.0,0.0,0.0,3,0,0,0,0,1,0,1,0.0,0.00035444513,Open
37dc04fb-c07b-47ad-8c31-29989e91b984,Wharton Quakemasters Toastmasters,community_services_non_profits,266 Escuela Ave,https://quakemasters.toastmastersclubs.org/,1.0,29,2,1,0,0,1,community_services_non_profits,2,1,1,0,0,0,0,1,1,,0,1,2,social_or_community_service,community_and_government,1.0,0,,200.0,0.0,0.0,0.0,0.0,2,0,0,0,0,1,0,1,0.0,0.00035202876,Open
4bd83a04-629f-4456-bebe-71f90774bdac,City Dolls Color & Hair Design,hair_salon,833 Villa St,http://city-dolls-color-hair-design.business.site,0.0,29,2,1,1,0,1,hair_salon,2,1,1,1,1,0,0,1,1,,0,1,2,hair_salon,lifestyle_services,0.0,0,,404.0,1.0,0.0,0.0,0.0,3,0,0,0,0,1,0,1,1.0,0.0003513314,Open
4c4df2b0-e617-454c-919f-c55a413e8d74,Pioneer Memorial Park,park,1146 Church St,http://www.mountainview.gov/depts/cs/parks/parks/default.asp,1.0,29,2,1,1,0,1,park,2,1,1,1,1,0,0,1,1,,0,1,2,park,sports_and_recreation,1.0,0,,403.0,0.0,0.0,0.0,0.0,3,0,0,0,0,1,0,1,0.0,0.00035017778,Open
96e01b28-0011-4396-8068-81d6082be4b7,McKelvey Park,park,1101-1197 Park Dr,http://www.ci.mtnview.ca.us/city_hall/comm_services/parks_and_tr,1.0,29,2,1,1,0,1,park,2,1,1,1,1,0,0,1,1,,0,1,2,park,sports_and_recreation,1.0,0,,403.0,0.0,0.0,0.0,0.0,3,0,0,0,0,1,0,1,0.0,0.00035017778,Open
6fd7b24b-5f81-4ef4-a722-2f4da39a1dd0,Mariposa Park,park,305 Mariposa Ave,http://www.mountainview.gov/city_hall/comm_services/parks_and_tr,1.0,29,2,1,1,0,1,park,2,1,1,1,1,0,0,1,1,,0,1,2,park,sports_and_recreation,1.0,0,,403.0,0.0,0.0,0.0,0.0,3,0,0,0,0,1,0,1,0.0,0.00035017778,Open
bc377476-8a61-41de-afa0-44e363179250,Mountain View City Personnel,public_and_government_association,500 Castro St,https://en.parkopedia.com/parking/garage/municipal_parking_structure_3/94041/mountain_view/?vendor=here,1.0,29,2,1,1,0,1,public_and_government_association,2,1,1,1,1,0,0,1,1,,0,1,2,civic_organization_office,community_and_government,1.0,0,,200.0,0.0,0.0,0.0,0.0,3,0,0,0,0,1,0,1,0.0,0.00034746982,Open
a087403f-0826-46d0-9615-949f62942172,Omnissa Workspace ONE,software_development,,https://www.omnissa.com/,0.0,29,2,1,0,0,0,software_development,2,1,1,0,0,0,0,1,1,,0,0,2,software_development,services_and_business,0.0,0,,-2.0,0.0,1.0,0.0,0.0,1,0,0,0,0,1,0,1,1.0,0.00034624303,Open
d028c57f-0fbc-4503-b9e7-1e46389ca652,Transform Fitness Studio,pilates_studio,319 Castro St,http://www.transformfitnessmv.com/,0.0,29,2,1,1,0,1,pilates_studio,2,1,1,1,1,0,0,1,1,,0,1,2,fitness_studio,sports_and_recreation,0.0,0,,406.0,1.0,0.0,0.0,0.0,3,0,0,0,0,1,0,1,1.0,0.00034531346,Open
cfaf3e69-eb81-496b-93c8-02e09b3ab312,Depot garage,automotive_repair,727 W Evelyn Ave,http://Depotgaragemv.com/,0.0,29,2,1,1,0,1,automotive_repair,2,1,1,1,1,0,0,1,1,,0,1,2,auto_repair_service,travel_and_transportation,0.0,1,9.775850061566588,-1.0,0.0,1.0,0.0,0.0,3,0,0,0,0,1,0,1,1.0,0.00034425833,Open
2cb67640-a5b9-43ae-b3e9-e38e76cbb241,El Y Ella,beauty_salon,1398 W El Camino Real,http://www.excellencebyella.com,0.0,29,2,1,1,0,1,beauty_salon,2,1,1,1,1,0,0,1,1,,0,1,2,beauty_salon,lifestyle_services,0.0,0,,-1.0,0.0,1.0,0.0,0.0,3,0,0,0,0,1,0,1,1.0,0.00034331996,Open
d3bcab3e-91cc-41aa-9816-a48c8812a62e,Studio 364,beauty_salon,364 Castro St,http://www.doccstudio364.com/,0.0,29,2,1,1,0,1,beauty_salon,2,1,1,1,1,0,0,1,1,,0,1,2,beauty_salon,lifestyle_services,0.0,0,,-1.0,0.0,1.0,0.0,0.0,3,0,0,0,0,1,0,1,1.0,0.00034331996,Open
83022101-b81b-44c8-8295-e6bcc8ef320e,Reflections Salon,beauty_salon,681 Calderon Ave,http://www.reflectionsalon.net,0.0,29,2,1,1,0,1,beauty_salon,2,1,1,1,1,0,0,1,1,,0,1,2,beauty_salon,lifestyle_services,0.0,0,,-1.0,0.0,1.0,0.0,0.0,3,0,0,0,0,1,0,1,1.0,0.00034331996,Open
5f42f5c0-832d-4dd4-b4f4-fbbf8f0f130b,"BACS Consulting Group, Inc.",information_technology_company,120 Santa Clara Ave,http://www.bacomputersolutions.com/,1.0,29,2,1,1,0,1,information_technology_company,2,1,1,1,1,0,0,1,1,,0,1,2,information_technology_service,services_and_business,1.0,0,,405.0,0.0,0.0,0.0,0.0,3,0,0,0,0,1,0,1,0.0,0.0003405985,Open
87fc23a5-93f4-4fcb-9700-2d253e3d94e1,JulieQ's Hair Salon,hair_salon,951 W Dana St,http://www.julieqsalon.com/,0.0,29,2,1,1,0,1,hair_salon,1,1,1,1,1,0,0,1,1,,0,1,2,hair_salon,lifestyle_services,0.0,0,,-1.0,0.0,1.0,0.0,0.0,3,0,0,0,0,1,0,1,1.0,0.0003400174,Open
74192cd0-7c32-4a7d-9519-679aea300f24,Sterling Custom Upholstery,furniture_assembly,1243 W El Camino Real,http://sterlingcustomupholstery.com/,1.0,29,2,1,1,0,1,furniture_assembly,1,1,1,1,1,0,0,1,1,,0,1,2,home_service,services_and_business,1.0,0,,200.0,0.0,0.0,0.0,0.0,3,0,0,0,0,1,0,1,0.0,0.00033971155,Open
4609ca75-7922-4ac7-9576-7b35f922d83f,Camino Massage Therapy,massage,1328 W El Camino Real,http://www.caminomassagetherapy.site,0.0,29,2,1,1,0,1,massage,2,1,1,1,1,0,0,1,1,,0,1,2,massage_therapy,health_care,0.0,0,,-1.0,0.0,1.0,0.0,0.0,3,0,0,0,0,1,0,1,1.0,0.00033663973,Open
bbbf75d9-e03e-4b0a-9f30-f8f93a764497,MVSustainability,public_and_government_association,500 Castro St,http://MountainView.gov/Sustainability,1.0,29,2,1,0,0,1,public_and_government_association,0,1,1,0,0,0,0,1,1,,0,1,2,civic_organization_office,community_and_government,1.0,0,,403.0,0.0,0.0,0.0,0.0,2,0,0,0,0,1,0,1,0.0,0.00033345292,Open
0adf436a-9fd3-4aee-b150-d2954ee711f3,Sawadee Thai Massage,massage_therapy,225 E Middlefield Rd,https://sawasdeethaimassage.com/,1.0,29,2,1,1,0,1,massage_therapy,2,1,1,1,1,0,0,1,1,,0,1,2,massage_therapy,health_care,1.0,0,,200.0,0.0,0.0,0.0,0.0,3,0,0,0,0,1,0,1,0.0,0.00032907174,Open
d61eec9c-c3ca-4d6f-8cd4-91bac8095047,Blue Bird Cleaners,dry_cleaning,1049 El Monte Ave,http://www.bluebirdcleaners.net,0.0,29,2,1,1,0,1,dry_cleaning,1,1,1,1,1,0,0,1,1,,0,1,2,dry_cleaning_service,services_and_business,0.0,0,,-1.0,0.0,1.0,0.0,0.0,3,0,0,0,0,1,0,1,1.0,0.0003290683,Open
b6346808-03ae-4460-aeb1-f2ab2cfb93c2,eaves Mountain View at Middlefield,accommodation,555 W Middlefield Rd,https://www.avaloncommunities.com/california/mountain-view-apartments/eaves-mountain-view-at-middlefield,1.0,29,2,1,1,0,1,accommodation,2,1,1,1,1,0,0,1,1,,0,1,2,accommodation,lodging,1.0,0,,200.0,0.0,0.0,0.0,0.0,3,0,0,0,0,1,0,1,0.0,0.00032899395,Open
d016f7df-10af-4499-bdc1-7c9b48c0bfd6,eaves Creekside,accommodation,151 Calderon Ave,https://www.avaloncommunities.com/california/mountain-view-apartments/eaves-creekside,1.0,29,2,1,1,0,1,accommodation,2,1,1,1,1,0,0,1,1,,0,1,2,accommodation,lodging,1.0,0,,200.0,0.0,0.0,0.0,0.0,3,0,0,0,0,1,0,1,0.0,0.00032899395,Open
5c373eec-d4a0-41c2-a172-1e86a0e9c651,Avalon Mountain View,accommodation,1600 Villa St,https://www.avaloncommunities.com/california/mountain-view-apartments/avalon-mountain-view?utm_source=gmb&utm_medium=organic&utm_campaign=gmblist,1.0,29,2,1,1,0,1,accommodation,2,1,1,1,1,0,0,1,1,,0,1,2,accommodation,lodging,1.0,0,,200.0,0.0,0.0,0.0,0.0,3,0,0,0,0,1,0,1,0.0,0.00032899395,Open
4aee7654-767a-44bc-8cf3-c21d8108e822,Design Mania,marketing_agency,384 Castro St,http://designmania.co/,0.0,29,2,1,1,0,1,marketing_agency,2,1,1,1,1,0,0,1,1,,0,1,2,business_advertising_marketing,services_and_business,0.0,0,,-1.0,0.0,1.0,0.0,0.0,3,0,0,0,0,1,0,1,1.0,0.00032798116,Open
0e775ca6-bbdc-47f6-a1a6-d53342a57cac,Imagine Hair Salon,hair_salon,857 Villa St,http://imaginebeauty.net,0.0,29,2,1,1,0,1,hair_salon,2,1,1,1,1,0,0,1,1,,0,1,2,hair_salon,lifestyle_services,0.0,0,,-1.0,0.0,1.0,0.0,0.0,3,0,0,0,0,1,0,1,1.0,0.0003216778,Open
54af7ceb-8667-4818-99db-7350c6cc0a62,Hair by Heinz,hair_salon,617 W Dana St,http://hairbyheinz.com/,0.0,29,2,1,1,0,1,hair_salon,2,1,1,1,1,0,0,1,1,,0,1,2,hair_salon,lifestyle_services,0.0,0,,-1.0,0.0,1.0,0.0,0.0,3,0,0,0,0,1,0,1,1.0,0.0003216778,Open
8ab35ddd-6895-4cc1-9a52-ae41f077ba45,Shred Nations,shredding_services,650 Castro St,https://www.shrednations.com/mountain-view/?utm_source=facebook&utm_medium=retail&utm_campaign=sn-deci-facebook-internal-mapslisting,1.0,29,2,1,1,0,1,shredding_services,1,1,1,1,1,0,0,1,1,Shred Nations,1,1,2,media_service,services_and_business,1.0,0,,200.0,0.0,0.0,0.0,0.0,3,172,0,0,0,1,0,1,0.0,0.00032153892,Open
a5fdfcad-7eae-45b4-9071-ec4619ea5981,Fashion Cuts,barber,844 W Dana St,http://fashioncode.us,0.0,29,2,1,1,0,1,barber,2,1,1,1,1,0,0,1,1,,0,1,2,barber_shop,lifestyle_services,0.0,0,,-1.0,0.0,1.0,0.0,0.0,3,0,0,0,0,1,0,1,1.0,0.00032052616,Open
614ef110-d231-4c87-b14c-83da107b261e,Susan Bacchi Design,interior_design,240 Polaris Ave,http://susanbacchi.com/,1.0,29,2,1,1,0,1,interior_design,1,1,1,1,1,0,0,1,1,,0,1,2,interior_design_service,services_and_business,1.0,0,,403.0,0.0,0.0,0.0,0.0,3,0,0,0,0,1,0,1,0.0,0.0003198311,Open
690ed20d-e7c1-4b93-ac15-0a3bd0746610,Skin Rituals By Rachel,skin_care,681 Calderon Ave,http://www.rachelskinrituals.com/,0.0,29,2,1,1,0,1,skin_care,1,1,1,1,1,0,0,1,1,,0,1,2,personal_service,lifestyle_services,0.0,0,,-1.0,0.0,1.0,0.0,0.0,3,0,0,0,0,1,0,1,1.0,0.000319647,Open
9a209d4e-e1ff-43e4-87c9-d82809c7e778,Unique Nails and Hair Salon,nail_salon,1247 W El Camino Real,http://www.omgnailsandspa.com,1.0,29,2,1,1,0,1,nail_salon,2,1,1,1,1,0,0,1,1,,0,1,2,nail_salon,lifestyle_services,1.0,0,,200.0,0.0,0.0,0.0,0.0,3,0,0,0,0,1,0,1,0.0,0.00031836447,Open
8e92d649-fa8c-423e-aeac-653a395a0433,Asahi Glass,glass_and_mirror_sales_service,444 Castro St,,,29,2,0,1,0,1,glass_and_mirror_sales_service,1,0,0,1,1,0,0,1,1,,0,1,2,home_service,services_and_business,,0,,,,,0.0,0.0,2,0,0,0,0,1,0,1,0.0,0.00031817303,Open
0e9712fe-689c-441d-8bdb-141fbd1c3bc4,Pacific Naturopathic,naturopathic_holistic,1580 W El Camino Real,http://www.pacificnaturopathic.com/,1.0,29,2,1,1,0,1,naturopathic_holistic,1,1,1,1,1,0,0,1,1,,0,1,2,alternative_medicine,health_care,1.0,0,,200.0,0.0,0.0,0.0,0.0,3,0,0,0,0,1,0,1,0.0,0.00031729002,Open
ef1faa92-6273-4d33-9293-1c28994d7a70,Leadership Mountain View,education,580 Castro St,http://www.lmv.education/,1.0,29,2,1,1,0,1,education,1,1,1,1,1,0,0,1,1,,0,1,2,place_of_learning,education,1.0,0,,200.0,0.0,0.0,0.0,0.0,3,0,0,0,0,1,0,1,0.0,0.00031706746,Open
0740591b-0465-4aab-91f2-cb76ac3bbbac,Moving Optimal Chiropractic,chiropractor,838 W Dana St,http://www.movingoptimal.com/,1.0,29,2,1,1,0,1,chiropractor,1,1,1,1,1,0,0,1,1,,0,1,2,alternative_medicine,health_care,1.0,0,,200.0,0.0,0.0,0.0,0.0,3,0,0,0,0,1,0,1,0.0,0.00031508555,Open
7f9a46e7-f963-4436-9746-7032ef7780ce,Mountain View De Anza Masonic Lodge,lodge,890 Church St,http://www.mountainviewmasoniclodge.com/,1.0,29,2,1,1,0,1,lodge,2,1,1,1,1,0,0,1,1,,0,1,2,accommodation,lodging,1.0,0,,200.0,0.0,0.0,0.0,0.0,3,0,0,0,0,1,0,1,0.0,0.00031224973,Open
520a39dd-4904-4943-88e7-d3473ecafea1,Eagle's Aerie 2356,social_service_organizations,181 Castro St,,,29,2,0,0,0,1,social_service_organizations,1,0,0,0,0,0,0,1,1,,0,1,2,social_or_community_service,community_and_government,,1,10.914323673272873,,,,0.0,0.0,1,0,0,0,0,1,0,1,0.0,0.00030963394,Open
9ace627f-cc26-4c64-9147-d61a418d8f22,MOUNTAIN VIEW,post_office,211 HOPE ST,,,29,2,0,0,0,1,post_office,1,0,0,0,0,0,0,0,0,,0,1,2,post_office,community_and_government,,0,,,,,0.0,0.0,1,0,1,0,0,1,0,0,0.0,0.00030903614,Open
794b5f16-3b72-4de0-9dc4-adba215def37,Mountain View Post Office,post_office,211 Hope St,https://usps.com,1.0,29,2,1,1,0,1,post_office,2,1,1,1,1,0,0,1,1,,0,1,2,post_office,community_and_government,1.0,0,,200.0,0.0,0.0,0.0,0.0,3,0,0,0,0,1,0,1,0.0,0.00030749117,Open
87fd6da8-067a-4849-9eba-0e5cdac98bf4,Ethereal Glow Aesthetics,medical_spa,856 W El Camino Real,http://etherealglowaesthetics.com/,1.0,29,2,1,1,0,1,medical_spa,1,1,1,1,1,0,0,1,1,,0,1,2,spa,lifestyle_services,1.0,0,,200.0,0.0,0.0,0.0,0.0,3,0,0,0,0,1,0,1,0.0,0.00030148143,Open
2ddc8c45-de50-478a-a09e-a726aa7ba338,"Social Services Agency, North County District Office",social_service_organizations,100 Moffett Blvd,http://www.sccgov.org/sites/ssa/Pages/County-of-Santa-Clara-Social-Services-Agency.aspx,1.0,29,2,1,1,0,1,social_service_organizations,2,1,1,1,1,0,0,1,1,,0,1,2,social_or_community_service,community_and_government,1.0,0,,403.0,0.0,0.0,0.0,0.0,3,0,0,0,0,1,0,1,0.0,0.00030063614,Open
2cc1529c-9e2f-4243-93fe-8d44bdffd5ee,Mountain View City Clerk,town_hall,500 Castro St,http://www.mountainview.gov/depts/cs/mvcpa/subsite/default.asp,1.0,29,2,1,1,0,1,town_hall,2,1,1,1,1,0,0,1,1,,0,1,2,government_office,community_and_government,1.0,0,,403.0,0.0,0.0,0.0,0.0,3,0,0,0,0,1,0,1,0.0,0.00030063614,Open
cd67877d-71d8-407a-b987-9d5ca3939d2e,Valero,gas_station,495 Moffett Blvd,https://locations.valero.com/en-us/LocationDetails/Index/495-MOFFETT-BLVD/0000005709,1.0,29,2,1,1,0,1,gas_station,1,1,1,1,1,0,0,1,1,,0,1,2,gas_station,travel_and_transportation,1.0,0,,200.0,0.0,0.0,0.0,0.0,3,0,0,0,0,1,0,1,0.0,0.0002999885,Open
c6a5733f-5d73-4521-bdb0-dfb8eb462f7a,CabMountainView,taxi_service,511 Central Ave,http://www.cabmountainview.com/,0.0,29,2,1,1,0,1,taxi_service,2,1,1,1,1,0,0,1,1,,0,1,2,taxi_service,travel_and_transportation,0.0,0,,-1.0,0.0,1.0,0.0,0.0,3,0,0,0,0,1,0,1,1.0,0.0002999476,Open
901c329e-a5f7-4460-bf37-ecabc15a5edc,Flat Rate Towing,towing_service,582 Hope St,http://www.flatratetowingmountainview.com/,0.0,29,2,1,1,0,1,towing_service,2,1,1,1,1,0,0,1,1,,0,1,2,towing_service,travel_and_transportation,0.0,0,,-1.0,0.0,1.0,0.0,0.0,3,0,0,0,0,1,0,1,1.0,0.0002999476,Open
29447cfc-dbbd-4691-ba59-291bb9eee3a1,Young Express Travel,travel_services,1621 W El Camino Real,http://youngexpress.net/,0.0,29,2,1,1,0,1,travel_services,2,1,1,1,1,0,0,1,1,,0,1,2,travel_service,travel_and_transportation,0.0,0,,-1.0,0.0,1.0,0.0,0.0,3,0,0,0,0,1,0,1,1.0,0.0002999476,Open
80e601c6-f076-4b3c-8cc5-3c2da20e61d2,Candace Kuo Optometry,optometrist,369 Castro St,http://www.yelp.com/biz/U-2-Dzr-A8dHZkPE-qmJ4g,1.0,29,2,1,1,0,1,optometrist,1,1,1,1,1,0,0,1,1,,0,1,2,eye_care,health_care,1.0,0,,403.0,0.0,0.0,0.0,0.0,3,0,0,0,0,1,0,1,0.0,0.00029673293,Open
1ffc2a30-a113-49e8-bd13-e7975fc3eb54,Eagle Park Pool,swimming_pool,600 Franklin St,http://mountainview.gov/depts/cs/rec/aquatics/lochour.asp,1.0,29,2,1,1,0,1,swimming_pool,2,1,1,1,1,0,0,1,1,,0,1,2,swimming_pool,sports_and_recreation,1.0,0,,403.0,0.0,0.0,0.0,0.0,3,0,0,0,0,1,0,1,0.0,0.00029475277,Open
f6ea3396-e0f1-4d20-af54-36e421a4b62f,Yarnell Service Center,automotive_repair,81 Pioneer Way,http://www.yarnellsservicecenter.com/,0.0,29,2,1,1,0,1,automotive_repair,2,1,1,1,1,0,0,1,1,,0,1,2,auto_repair_service,travel_and_transportation,0.0,0,,404.0,1.0,0.0,0.0,0.0,3,0,0,0,0,1,0,1,1.0,0.00029455978,Open
4ac03911-fc51-4d6f-8b91-7f9ca32148fe,1585 Studios,landmark_and_historical_building,1585 W El Camino Real,http://www.1585studios.org,0.0,29,2,1,1,0,1,landmark_and_historical_building,2,1,1,1,1,0,0,1,1,,0,1,2,historic_site,cultural_and_historic,0.0,0,,-1.0,0.0,1.0,0.0,0.0,3,0,0,0,0,1,0,1,1.0,0.00029451595,Open
a4bf93d0-164d-4920-97b0-c32a66b1a452,Mandy Andrei,financial_advising,1045 W El Camino Real Suite C,https://www.edwardjones.com/us-en/financial-advisor/mandy-andrei,1.0,29,2,1,0,0,1,financial_advising,0,1,1,0,0,0,0,2,1,Edward Jones,1,1,2,financial_service,services_and_business,1.0,0,,200.0,0.0,0.0,0.0,0.0,2,22,1,0,0,1,0,0,0.0,0.0002939451,Open
56a655bf-8be7-480e-a99d-5e783735096f,Downtown Mountain View Station,train_station,,http://www.caltrain.com/,1.0,29,2,1,1,0,0,train_station,1,1,1,1,1,0,0,1,1,,0,0,2,train_station,travel_and_transportation,1.0,0,,200.0,0.0,0.0,0.0,0.0,2,0,0,0,0,1,0,1,0.0,0.00029324504,Open
cf53c145-da0a-47ff-8cab-f08d69a08684,Amazon Locker - Lesa,package_locker,199 E Middlefield Rd,,,29,2,0,0,0,1,package_locker,0,0,0,0,0,0,0,0,0,Amazon Locker,1,1,2,shipping_delivery_service,services_and_business,,0,,,,,0.0,0.0,1,1153,1,0,0,1,0,0,0.0,0.00028879856,Open
ba22de8d-4363-4057-8ead-9f4324bd5bc4,A-1 American Cab Co,taxi_service,333 Escuela Ave Apt 122,http://www.a1americancab.com/,0.0,29,2,1,1,0,1,taxi_service,2,1,1,1,1,0,0,0,0,,0,1,2,taxi_service,travel_and_transportation,0.0,0,,502.0,0.0,0.0,0.0,0.0,3,0,0,0,1,1,0,0,0.0,0.00028817973,Open
3a64486f-79e2-47eb-87fb-4173a79e7be5,Supercuts,beauty_salon,1039 El Monte Ave,https://www.supercuts.com/locations/nearme/haircut/ca/mountain-view/1039-el-monte-ave-ste-c/81694,1.0,29,2,1,1,0,1,beauty_salon,2,1,1,1,1,0,0,1,1,Supercuts,1,1,2,beauty_salon,lifestyle_services,1.0,0,,200.0,0.0,0.0,0.0,0.0,3,22,0,0,0,1,0,1,0.0,0.00028809017,Open
bbd646ff-84b1-4ca3-b1a9-feb4bf6140e1,Action Properties Sales & Management,property_management,268 Castro St,http://actionproperties.com/,1.0,29,2,1,1,0,1,property_management,2,1,1,1,1,0,0,1,1,,0,1,2,property_management_service,services_and_business,1.0,0,,200.0,0.0,0.0,0.0,0.0,3,0,0,0,0,1,0,1,0.0,0.00028788368,Open
0f29b8d4-7ac4-46b1-b594-c3a4f757bf99,First Community Housing,property_management,1581 W El Camino Real,https://www.firstcommunityhousing.org,1.0,29,2,1,1,0,1,property_management,2,1,1,1,1,0,0,1,1,,0,1,2,property_management_service,services_and_business,1.0,0,,200.0,0.0,0.0,0.0,0.0,3,0,0,0,0,1,0,1,0.0,0.00028788368,Open
c16de010-4465-4632-a418-c0fb68d1cf53,Club Pilates,pilates_studio,1039 El Monte Ave,http://clubpilates.com/mountainview,1.0,29,2,1,1,0,1,pilates_studio,2,1,1,1,1,0,0,1,1,Club Pilates,1,1,2,fitness_studio,sports_and_recreation,1.0,0,,200.0,0.0,0.0,0.0,0.0,3,43,0,0,0,1,0,1,0.0,0.00028586522,Open
55b4d7c5-67d3-471b-b827-68937cebee7c,Dr. Lucy Osgood,chiropractor,694 W Dana St,http://www.drlucyosgood.com/,0.0,29,2,1,1,0,1,chiropractor,2,1,1,1,1,0,0,1,1,,0,1,2,alternative_medicine,health_care,0.0,0,,-1.0,0.0,1.0,0.0,0.0,3,0,0,0,0,1,0,1,1.0,0.00028507592,Open
9baab046-dbcd-4233-9595-9d35ef2af199,Chan Chiropractic Care,chiropractor,1580 W El Camino Real,http://chanchiropractic.com/ccverb/,0.0,29,2,1,1,0,1,chiropractor,2,1,1,1,1,0,0,1,1,,0,1,2,alternative_medicine,health_care,0.0,0,,-1.0,0.0,1.0,0.0,0.0,3,0,0,0,0,1,0,1,1.0,0.00028507592,Open
a2ec8396-3c9e-478d-aba9-2cc1bf3cd28b,Edgar Marin Tennis Program,tennis_court,535 Cypress Point Dr,http://www.siliconvalleytennis.com/,1.0,29,2,1,1,0,1,tennis_court,2,1,1,1,1,0,0,1,1,,0,1,2,sport_court,sports_and_recreation,1.0,0,,200.0,0.0,0.0,0.0,0.0,3,0,0,0,0,1,0,1,0.0,0.0002847451,Open
78717e97-7d6b-4753-ab0a-95d72ac4d5e8,Silicon Valley Tennis,tennis_court,535 Cypress Point Dr,https://linktr.ee/siliconvalleytennisacademy,1.0,29,2,1,1,0,1,tennis_court,2,1,1,1,1,0,0,1,1,,0,1,2,sport_court,sports_and_recreation,1.0,0,,200.0,0.0,0.0,0.0,0.0,3,0,0,0,0,1,0,1,0.0,0.0002847451,Open
73097365-ea30-4483-aa4e-4f2cf80c7fae,Excellent Nails,nail_salon,821 Castro St,http://gorgeousnailsspa.com,0.0,29,2,1,1,0,1,nail_salon,2,1,1,1,1,0,0,1,1,,0,1,2,nail_salon,lifestyle_services,0.0,0,,404.0,1.0,0.0,0.0,0.0,3,0,0,0,0,1,0,1,1.0,0.000283595,Open
725622ce-ab13-4716-8b31-7bd726772277,Cohome,real_estate,50 California St,http://www.cohome.com/,1.0,29,2,1,1,0,1,real_estate,1,1,1,1,1,0,0,1,1,,0,1,2,real_estate_service,services_and_business,1.0,0,,200.0,0.0,0.0,0.0,0.0,3,0,0,0,0,1,0,1,0.0,0.00028330286,Open
cc697308-c10c-4855-b042-b42ec227e145,NorthStar Survey,land_surveying,211 Hope St,https://www.nssurvey.net/contact,1.0,29,2,1,1,0,1,land_surveying,1,1,1,1,1,0,0,1,1,,0,1,2,real_estate_service,services_and_business,1.0,0,,200.0,0.0,0.0,0.0,0.0,3,0,0,0,0,1,0,1,0.0,0.00028330286,Open
84e8b406-ed5f-4973-82ec-64ff48e4b5eb,Triada Real Estate Group,real_estate,655 Castro St,https://www.triadainvestments.com/,1.0,29,2,1,1,0,1,real_estate,1,1,1,1,1,0,0,1,1,,0,1,2,real_estate_service,services_and_business,1.0,0,,200.0,0.0,0.0,0.0,0.0,3,0,0,0,0,1,0,1,0.0,0.00028330286,Open
3e768f4c-50e3-4a37-b4d9-84f374f4d520,Virtuous Real Estate,real_estate,662 Mariposa Ave,http://virtuousrealestate.com/,1.0,29,2,1,1,0,1,real_estate,1,1,1,1,1,0,0,1,1,,0,1,2,real_estate_service,services_and_business,1.0,0,,200.0,0.0,0.0,0.0,0.0,3,0,0,0,0,1,0,1,0.0,0.00028330286,Open
7cd0c0ea-c006-4dca-b097-df44f0a2732a,MB Painting Company,painting,565 Escuela Ave,https://mbpaintingcompany.us/,0.0,29,2,1,1,0,1,painting,1,1,1,1,1,0,0,1,1,,0,1,2,painting_service,services_and_business,0.0,0,,-1.0,0.0,1.0,0.0,0.0,3,0,0,0,0,1,0,1,1.0,0.00028281278,Open
158873a4-d081-4e1b-909e-2d99ef2dac9e,Mercy-Bush Park,park,,,,29,2,0,1,0,0,park,2,0,0,1,1,0,0,1,1,,0,0,2,park,sports_and_recreation,,0,,,,,0.0,0.0,1,0,0,0,0,1,0,1,0.0,0.00027950338,Open
5ff6a320-5675-448d-8674-b95441485cd1,Windows and Beyond,windows_installation,633 W Dana St,https://www.windowsandbeyond.com/,1.0,29,2,1,1,0,1,windows_installation,2,1,1,1,1,0,0,1,1,,0,1,2,home_service,services_and_business,1.0,0,,200.0,0.0,0.0,0.0,0.0,3,0,0,0,0,1,0,1,0.0,0.0002781423,Open
4fb0c944-1ed4-4239-8bc6-2db92101a1cf,HeartFlow,medical_research_and_development,331 E Evelyn Ave,http://www.heartflow.com/,1.0,29,2,1,1,0,1,medical_research_and_development,2,1,1,1,1,0,0,1,1,,0,1,2,b2b_service,services_and_business,1.0,0,,200.0,0.0,0.0,0.0,0.0,3,0,0,0,0,1,0,1,0.0,0.0002781423,Open
6cce17d1-81e0-44b2-b7e4-fb241ed9166f,GV Home Solutions,windows_installation,280 Easy St,https://www.gvhomesolutions.com/,1.0,29,2,1,1,0,1,windows_installation,2,1,1,1,1,0,0,1,1,,0,1,2,home_service,services_and_business,1.0,0,,200.0,0.0,0.0,0.0,0.0,3,0,0,0,0,1,0,1,0.0,0.0002781423,Open
4acd5809-00b7-4404-a06e-5e06df912899,Masonic Lodge,lodge,890 Church St,http://www.calodges.org/no194,0.0,29,2,1,1,0,1,lodge,2,1,1,1,1,0,0,1,1,,0,1,2,accommodation,lodging,0.0,0,,-2.0,0.0,1.0,0.0,0.0,3,0,0,0,0,1,0,1,1.0,0.00027590132,Open
2064339e-202c-4023-9adb-fa1a442ec8b5,Montessori Teacher Training Center,specialty_school,317 Moorpark Way,http://www.montessori-training.org,0.0,29,2,1,1,0,1,specialty_school,1,1,1,1,1,0,0,1,1,,0,1,2,specialty_school,education,0.0,0,,-2.0,0.0,1.0,0.0,0.0,3,0,0,0,0,1,0,1,1.0,0.00027491088,Open
d1f0b17d-7a88-45c7-8d6d-d0ef9ff2e8fb,Free Wisdom Teeth Removal,health_and_medical,327 Moffett Blvd,,,29,2,0,1,0,1,health_and_medical,1,0,0,1,1,0,0,1,1,,0,1,2,healthcare_location,health_care,,0,,,,,0.0,0.0,2,0,0,0,0,1,0,1,0.0,0.00027422843,Open
8dce7735-caed-4b8e-914f-536f89681b30,Holistic AcuCare,acupuncture,375 Castro St,http://www.holisticacucare.com/,1.0,29,2,1,1,0,1,acupuncture,1,1,1,1,1,0,0,1,1,,0,1,2,alternative_medicine,health_care,1.0,0,,200.0,0.0,0.0,0.0,0.0,3,0,0,0,0,1,0,1,0.0,0.0002733409,Open
d7564756-3b47-4cde-97da-ce851c478e1a,Longevity Acupuncture and Herbs,acupuncture,1605 W El Camino Real,http://www.longevityacupunctureandherbs.com,1.0,29,2,1,1,0,1,acupuncture,1,1,1,1,1,0,0,1,1,,0,1,2,alternative_medicine,health_care,1.0,0,,200.0,0.0,0.0,0.0,0.0,3,0,0,0,0,1,0,1,0.0,0.0002733409,Open
b23bf645-746a-42b2-9cfc-45cfec30f515,N California Health & Acupuncture,acupuncture,375 Castro St,http://www.cahaa.com,1.0,29,2,1,1,0,1,acupuncture,1,1,1,1,1,0,0,1,1,,0,1,2,alternative_medicine,health_care,1.0,0,,200.0,0.0,0.0,0.0,0.0,3,0,0,0,0,1,0,1,0.0,0.0002733409,Open
a8638734-aa2d-461e-b03e-a0f14fc90992,Blissful Baby Sleep Coaching,specialty_school,1049 El Monte Ave,https://www.blissfulbabysleepcoaching.com,1.0,29,2,1,1,0,1,specialty_school,1,1,1,1,1,0,0,1,1,,0,1,2,specialty_school,education,1.0,0,,200.0,0.0,0.0,0.0,0.0,3,0,0,0,0,1,0,1,0.0,0.0002730523,Open
be769ddf-1883-4bf4-8522-6752aa9b4030,Safari Kid,preschool,856 W El Camino Real,http://safarikidusa.com/,1.0,29,2,1,1,0,1,preschool,2,1,1,1,1,0,0,1,1,,0,1,2,preschool,education,1.0,0,,200.0,0.0,0.0,0.0,0.0,3,0,0,0,0,1,0,1,0.0,0.00027249058,Open
e81fc229-dbe2-45db-afc6-3be4a4cfbfa3,Aruba Salon,beauty_salon,825 Castro St,http://arubasalonmountainview.com,0.0,29,2,1,1,0,1,beauty_salon,2,1,1,1,1,0,0,1,1,,0,1,2,beauty_salon,lifestyle_services,0.0,1,17.752284522708944,-1.0,0.0,1.0,0.0,0.0,3,0,0,0,0,1,0,1,1.0,0.00026921107,Open
d434f4da-dea6-47f8-8246-0229dd0118a7,Public Parking,parking,,https://en.parkopedia.com/parking/lot/s_sunnyvale_ave/94086/sunnyvale/?vendor=here,1.0,29,2,1,0,0,0,parking,1,1,1,0,0,0,0,1,1,,0,0,2,parking,travel_and_transportation,1.0,0,,200.0,0.0,0.0,0.0,0.0,1,0,0,0,0,1,0,1,0.0,0.00026836255,Open
75088e1a-155c-47ff-9968-6645a24ba334,Anti-Aging Weight Loss Clinic,weight_loss_center,1580 W El Camino Real,http://www.anti-agingweightlossclinic.com/,1.0,29,2,1,1,0,1,weight_loss_center,2,1,1,1,1,0,0,1,1,,0,1,2,clinic_or_treatment_center,health_care,1.0,0,,200.0,0.0,0.0,0.0,0.0,3,0,0,0,0,1,0,1,0.0,0.00026771627,Open
89fb0b37-5434-4b2e-b601-6a070f8f1890,Villa Toscana Memory Care,retirement_home,939 W El Camino Real,http://villatoscanamc.com/,1.0,29,2,1,1,0,1,retirement_home,1,1,1,1,1,0,0,1,1,,0,1,2,social_or_community_service,community_and_government,1.0,0,,200.0,0.0,0.0,0.0,0.0,3,0,0,0,0,1,0,1,0.0,0.00026644408,Open
77e679bc-64a7-4083-ad8a-98aa43b1567e,Mountain View Fire Station 4,fire_department,229 N Whisman Rd,http://www.mountainview.gov/city_hall/fire/contact_us_and_locations.asp,1.0,29,2,1,1,0,1,fire_department,2,1,1,1,1,0,0,1,1,,0,1,2,fire_station,community_and_government,1.0,0,,403.0,0.0,0.0,0.0,0.0,3,0,0,0,0,1,0,1,0.0,0.00026604734,Open
6c7c70d9-ce81-4724-87e6-167f2f69b850,City of Mountain View - Fire Department,fire_department,1000 Villa St,http://mountainview.gov/depts/fire/default.asp,1.0,29,2,1,1,0,1,fire_department,2,1,1,1,1,0,0,1,1,,0,1,2,fire_station,community_and_government,1.0,0,,403.0,0.0,0.0,0.0,0.0,3,0,0,0,0,1,0,1,0.0,0.00026604734,Open
61bbc4d1-af2d-42db-a65a-bf53b9a27812,Mountain View Fire Department Station No 1,fire_department,251 S Shoreline Blvd,http://www.ci.mtnview.ca.us/city_hall/fire/default.asp,1.0,29,2,1,1,0,1,fire_department,2,1,1,1,1,0,0,1,1,,0,1,2,fire_station,community_and_government,1.0,0,,403.0,0.0,0.0,0.0,0.0,3,0,0,0,0,1,0,1,0.0,0.00026604734,Open
cca20ab2-8974-4be6-b2aa-65267b7d6316,Lot 8,parking,105 Hope St,http://en.parkopedia.com/parking/lot/lot_8/94041/mountain_view/?vendor=here,1.0,29,2,1,1,0,1,parking,1,1,1,1,1,0,0,1,1,,0,1,2,parking,travel_and_transportation,1.0,0,,200.0,0.0,0.0,0.0,0.0,3,0,0,0,0,1,0,1,0.0,0.0002636153,Open
f3b8090d-09fd-4c70-af8b-8e58f525cda7,Joker City,landmark_and_historical_building,900 High School Way,,,29,2,0,0,0,1,landmark_and_historical_building,1,0,0,0,0,0,0,1,1,,0,1,2,historic_site,cultural_and_historic,,0,,,,,0.0,0.0,1,0,0,0,0,1,0,1,0.0,0.00026294534,Open
f467f739-5fb9-4345-b368-eaebfac14195,St. Joseph Parish,catholic_church,580 Hope St,,,29,2,0,0,0,1,catholic_church,1,0,0,0,0,0,0,1,1,,0,1,2,christian_place_of_worshop,cultural_and_historic,,0,,,,,0.0,0.0,1,0,0,0,0,1,0,1,0.0,0.00026294534,Open
f145b903-0221-4fbd-a5b1-05839081465b,The Muscle Doc,chiropractor,241 Polaris Ave,http://www.themuscledoc.com/,1.0,29,2,1,1,0,1,chiropractor,2,1,1,1,1,0,0,1,1,,0,1,2,alternative_medicine,health_care,1.0,0,,200.0,0.0,0.0,0.0,0.0,3,0,0,0,0,1,0,1,0.0,0.00026248296,Open
62abe3ec-d670-497f-808c-3afe331bf70b,Pedro's Auto Clinic,automotive_repair,1288 W El Camino Real,http://www.greenautocare.us/main.php,0.0,29,2,1,1,0,1,automotive_repair,1,1,1,1,1,0,0,1,1,,0,1,2,auto_repair_service,travel_and_transportation,0.0,0,,-1.0,0.0,1.0,0.0,0.0,3,0,0,0,0,1,0,1,1.0,0.00026236687,Open
692859c8-b8b0-46e7-8376-9492027c2c87,A1 Foreign Auto,automotive_repair,1544 W El Camino Real,http://www.a1foreignauto.mechanicnet.com/,0.0,29,2,1,1,0,1,automotive_repair,1,1,1,1,1,0,0,1,1,,0,1,2,auto_repair_service,travel_and_transportation,0.0,0,,-1.0,0.0,1.0,0.0,0.0,3,0,0,0,0,1,0,1,1.0,0.00026236687,Open
4d92547b-c1a4-4fa8-b89d-04827aeeba7f,Bonnie Li Accounting and Tax Service,trusts,800 W El Camino Real,http://www.bonniecpa.com,1.0,29,2,1,1,0,1,trusts,2,1,1,1,1,0,0,1,1,,0,1,2,financial_service,services_and_business,1.0,0,,403.0,0.0,0.0,0.0,0.0,3,0,0,0,0,1,0,1,0.0,0.0002526758,Open
a5c452a8-820c-4287-af40-f79133b6cf2c,Mountain View Movers,movers,650 Castro St,http://mountain-view-movers.com/,0.0,29,2,1,1,0,1,movers,2,1,1,1,1,0,0,1,1,,0,1,2,moving_service,services_and_business,0.0,0,,-1.0,0.0,1.0,0.0,0.0,3,0,0,0,0,1,0,1,1.0,0.0002510338,Open
1fc6aa23-8174-4ddc-9b9a-976da64c2a7d,Foghorn Consulting,professional_services,268 Castro St,https://www.foghornconsulting.com/,1.0,29,2,1,1,0,1,professional_services,1,1,1,1,1,0,0,1,1,,0,1,2,service_location,services_and_business,1.0,0,,200.0,0.0,0.0,0.0,0.0,3,0,0,0,0,1,0,1,0.0,0.00024970085,Open
efaf776e-3941-400d-8589-543ce7c84c24,Consulting Team LLC,professional_services,945 Mountain View Ave,http://www.theconsultingteam.com/,1.0,29,2,1,1,0,1,professional_services,1,1,1,1,1,0,0,1,1,,0,1,2,service_location,services_and_business,1.0,0,,200.0,0.0,0.0,0.0,0.0,3,0,0,0,0,1,0,1,0.0,0.00024970085,Open
9a9f6812-21d4-48db-a859-d24b0cb02cb3,Firmdex,professional_services,1049 El Monte Ave,http://firmder.com/,1.0,29,2,1,1,0,1,professional_services,1,1,1,1,1,0,0,1,1,,0,1,2,service_location,services_and_business,1.0,0,,200.0,0.0,0.0,0.0,0.0,3,0,0,0,0,1,0,1,0.0,0.00024970085,Open
f0e5d852-b90b-4761-8780-503ae2c90300,Mountain View Optometry,optometrist,495 Castro St,http://www.mvo.com/,1.0,29,2,1,1,0,1,optometrist,1,1,1,1,1,0,0,1,1,,0,1,2,eye_care,health_care,1.0,0,,200.0,0.0,0.0,0.0,0.0,3,0,0,0,0,1,0,1,0.0,0.00024935827,Open
955e4c3a-b4ca-487a-addf-3dcb3bccef8e,Sight Optometry,optometrist,369 Castro St,http://www.sightoptometry.com,1.0,29,2,1,1,0,1,optometrist,1,1,1,1,1,0,0,1,1,,0,1,2,eye_care,health_care,1.0,0,,200.0,0.0,0.0,0.0,0.0,3,0,0,0,0,1,0,1,0.0,0.00024935827,Open
f612b41d-0a7d-44c7-80a3-260a27ffc6ed,Mozilla,event_planning,331 E Evelyn Ave,http://www.mozilla.com/,1.0,29,2,1,1,0,1,event_planning,1,1,1,1,1,0,0,1,1,,0,1,2,event_or_party_service,services_and_business,1.0,0,,200.0,0.0,0.0,0.0,0.0,3,0,0,0,0,1,0,1,0.0,0.00024907457,Open
e74ff7dc-3629-4882-97e6-68379888e464,Wink Med Spa,medical_spa,854 Villa St,http://www.winkmedspa.com/,1.0,29,2,1,1,0,1,medical_spa,2,1,1,1,1,0,0,1,1,,0,1,2,spa,lifestyle_services,1.0,0,,403.0,0.0,0.0,0.0,0.0,3,0,0,0,0,1,0,1,0.0,0.00024810445,Open
6ce8ce37-4f09-411e-a577-35a80c841f43,Khan Academy,tutoring_center,,http://www.khanacademy.org/,1.0,29,2,1,0,0,0,tutoring_center,2,1,1,0,0,0,0,1,1,,0,0,2,tutoring_service,education,1.0,0,,200.0,0.0,0.0,0.0,0.0,1,0,0,0,0,1,0,1,0.0,0.00024745433,Open
d91a44c3-b404-4aa7-b402-1731b3500490,Acupuncture and Chinese Medical Group,acupuncture,375 Castro St,http://www.trulyacm.net,0.0,29,2,1,1,0,1,acupuncture,2,1,1,1,1,0,0,1,1,,0,1,2,alternative_medicine,health_care,0.0,0,,-1.0,0.0,1.0,0.0,0.0,3,0,0,0,0,1,0,1,1.0,0.00024651122,Open
417eb253-a1ec-45f0-9184-b3c260d98b35,Orchid Life Acupunctute & Wellness,acupuncture,800 California St,http://Orchidlifetcm.com/,0.0,29,2,1,1,0,1,acupuncture,2,1,1,1,1,0,0,1,1,,0,1,2,alternative_medicine,health_care,0.0,0,,-1.0,0.0,1.0,0.0,0.0,3,0,0,0,0,1,0,1,1.0,0.00024651122,Open
6e6def49-d94a-4978-a23b-9d5d377e1284,Castro School Field,elementary_school,1800 Latham St,,,29,2,0,1,0,1,elementary_school,1,0,0,1,1,0,0,1,1,,0,1,2,elementary_school,education,,0,,,,,0.0,0.0,2,0,0,0,0,1,0,1,0.0,0.00024291905,Open
5f47cf66-cfb1-483b-a3c8-ca14339b7048,European Wax Center,waxing,1039 El Monte Ave,https://locations.waxcenter.com/ca/mountainview/mountain-view-0277.html,1.0,29,2,1,1,0,1,waxing,2,1,1,1,1,0,0,1,1,European Wax Center,1,1,2,personal_service,lifestyle_services,1.0,0,,200.0,0.0,0.0,0.0,0.0,3,66,0,0,0,1,0,1,0.0,0.00024224348,Open
726e4b5c-e9e5-4fe6-917e-043482505975,Wellness Spa,massage,278 Hope St,https://gorbucks.wixsite.com/the-w-spa,1.0,29,2,1,1,0,1,massage,1,1,1,1,1,0,0,1,1,,0,1,2,massage_therapy,health_care,1.0,0,,200.0,0.0,0.0,0.0,0.0,3,0,0,0,0,1,0,1,0.0,0.00023594857,Open
e906d51c-d216-402a-92bb-b15533607863,MVLA Adult School,school,333 Moffett Blvd,http://www.mvla.net/AS,1.0,29,2,1,1,0,1,school,1,1,1,1,1,0,0,1,1,,0,1,2,place_of_learning,education,1.0,0,,200.0,0.0,0.0,0.0,0.0,3,0,0,0,0,1,0,1,0.0,0.00023515892,Open
903fe476-2e64-4599-b58e-8fa9d7d38569,CBW Properties,real_estate,1571 W El Camino Real,http://cbw-properties.com/contact-us/,1.0,29,2,1,1,0,1,real_estate,2,1,1,1,1,0,0,1,1,,0,1,2,real_estate_service,services_and_business,1.0,0,,200.0,0.0,0.0,0.0,0.0,3,0,0,0,0,1,0,1,0.0,0.00023482442,Open
47eca8c5-18e6-4ae9-92ed-6451eb1ee586,219 Design,engineering_services,67 E Evelyn Ave,http://www.219design.com/,1.0,29,2,1,1,0,1,engineering_services,1,1,1,1,1,0,0,1,1,,0,1,2,engineering_service,services_and_business,1.0,0,,200.0,0.0,0.0,0.0,0.0,3,0,0,0,0,1,0,1,0.0,0.00023455187,Open
9215b41c-14f5-49bf-a19c-90d36678cb22,Berlin Wall Memorial,landmark_and_historical_building,585 Franklin St,,,29,2,0,0,0,1,landmark_and_historical_building,2,0,0,0,0,0,0,1,1,,0,1,2,historic_site,cultural_and_historic,,0,,,,,0.0,0.0,1,0,0,0,0,1,0,1,0.0,0.00022854023,Open
5988475c-5165-4368-a840-8ab3953c0e44,Eagle Park Apartments,landmark_and_historical_building,1701 W El Camino Real,,,29,2,0,0,0,1,landmark_and_historical_building,2,0,0,0,0,0,0,1,1,,0,1,2,historic_site,cultural_and_historic,,0,,,,,0.0,0.0,1,0,0,0,0,1,0,1,0.0,0.00022854023,Open
7815ef16-9c15-41b0-8f56-bbdfbff42eb3,Fountain Brook Condominiums,landmark_and_historical_building,100 E Middlefield Rd,,,29,2,0,0,0,1,landmark_and_historical_building,2,0,0,0,0,0,0,1,1,,0,1,2,historic_site,cultural_and_historic,,0,,,,,0.0,0.0,1,0,0,0,0,1,0,1,0.0,0.00022854023,Open
67d1b3f1-8149-48ee-870e-4226131cfda6,El Dorado - Mt. View,landmark_and_historical_building,600 W Evelyn Ave,,,29,2,0,0,0,1,landmark_and_historical_building,2,0,0,0,0,0,0,1,1,,0,1,2,historic_site,cultural_and_historic,,0,,,,,0.0,0.0,1,0,0,0,0,1,0,1,0.0,0.00022854023,Open
690dad9d-fa34-47bb-8e4b-7e47c810b42c,Well Health Acupuncture,acupuncture,838 W Dana St,http://wellhealthpc.com/,1.0,29,2,1,1,0,1,acupuncture,2,1,1,1,1,0,0,1,1,,0,1,2,alternative_medicine,health_care,1.0,0,,200.0,0.0,0.0,0.0,0.0,3,0,0,0,0,1,0,1,0.0,0.00022770415,Open
89f17a65-405c-4cf1-91ba-e749ce7060cc,Dr Henry Lee Acupuncture Clinic,acupuncture,1580 W El Camino Real,http://www.henryleeacupuncture.com,1.0,29,2,1,1,0,1,acupuncture,2,1,1,1,1,0,0,1,1,,0,1,2,alternative_medicine,health_care,1.0,0,,200.0,0.0,0.0,0.0,0.0,3,0,0,0,0,1,0,1,0.0,0.00022770415,Open
c548c0f9-e89f-4481-a006-49acf377aeac,Caltrain-Mountain View Caltrain,train_station,600 W Evelyn Ave,https://en.parkopedia.com/parking/lot/caltrain_mountain_view_station/94041/mountain_view/?vendor=here,1.0,29,2,1,1,0,1,train_station,1,1,1,1,1,0,0,1,1,,0,1,2,train_station,travel_and_transportation,1.0,0,,200.0,0.0,0.0,0.0,0.0,3,0,0,0,0,1,0,1,0.0,0.00022720362,Open
94ec0b22-c779-4572-8e49-8da717c70b1a,Mountain View,train_station,600 W Evelyn Ave,http://www.caltrain.com/,1.0,29,2,1,1,0,1,train_station,1,1,1,1,1,0,0,1,1,,0,1,2,train_station,travel_and_transportation,1.0,0,,200.0,0.0,0.0,0.0,0.0,3,0,0,0,0,1,0,1,0.0,0.00022720362,Open
4cae78ce-fe78-486b-bfdb-4a7911b65635,Calderon Coin Laundry,laundromat,677 Calderon Ave,http://www.vcdrycleaners.com,0.0,29,2,1,1,0,1,laundromat,1,1,1,1,1,0,0,1,1,,0,1,2,laundromat,services_and_business,0.0,0,,-1.0,0.0,1.0,0.0,0.0,3,0,0,0,0,1,0,1,1.0,0.00022412684,Open
ac2580f4-98f2-44dd-9ba4-467ead8745f4,The Wash Stop Laundry,laundromat,677 Calderon Ave,https://www.thewashstoplaundry.com/,0.0,29,2,1,1,0,1,laundromat,1,1,1,1,1,0,0,1,1,,0,1,2,laundromat,services_and_business,0.0,0,,-1.0,0.0,1.0,0.0,0.0,3,0,0,0,0,1,0,1,1.0,0.00022412684,Open
cda4e0d8-143d-414f-b0a9-a157a7d8d7c0,Mountain View Civic Center,social_service_organizations,650 Castro St,http://www.prometheusreg.com/commercial/mvccdesc01.html,1.0,29,2,1,1,0,1,social_service_organizations,2,1,1,1,1,0,0,1,1,,0,1,2,social_or_community_service,community_and_government,1.0,0,,200.0,0.0,0.0,0.0,0.0,3,0,0,0,0,1,0,1,0.0,0.0002238936,Open
cdb6b9ed-9323-4f23-896a-5f0b48941ce8,LinkedIn Talent Solutions,information_technology_company,,http://business.linkedin.com/talent-solutions/,1.0,29,2,1,0,0,0,information_technology_company,1,1,1,0,0,0,0,1,1,,0,0,2,information_technology_service,services_and_business,1.0,0,,200.0,0.0,0.0,0.0,0.0,1,0,0,0,0,1,0,1,0.0,0.00022216032,Open
20be74c6-eb12-45c2-96f5-670ac4db0c6e,Peaks Locksmith,key_and_locksmith,1621 W El Camino Real,https://peakslocksmith.com/,1.0,29,2,1,1,0,1,key_and_locksmith,1,1,1,1,1,0,0,1,1,,0,1,2,locksmith_service,services_and_business,1.0,0,,200.0,0.0,0.0,0.0,0.0,3,0,0,0,0,1,0,1,0.0,0.00021964153,Open
c6348208-a32a-4d64-9e5d-4bcebd8b69f7,Wealth Architects,financial_advising,800 W El Camino Real,http://www.wealtharchitects.com,1.0,29,2,1,1,0,1,financial_advising,1,1,1,1,1,0,0,1,1,,0,1,2,financial_service,services_and_business,1.0,0,,200.0,0.0,0.0,0.0,0.0,3,0,0,0,0,1,0,1,0.0,0.00021818547,Open
86d79816-d501-40e1-a58e-0838891d6857,Gset Tennis,b2b_science_and_technology,,http://www.gsetennis.com/,1.0,29,2,1,1,0,0,b2b_science_and_technology,1,1,1,1,1,0,0,1,1,,0,0,2,b2b_service,services_and_business,1.0,0,,200.0,0.0,0.0,0.0,0.0,2,0,0,0,0,1,0,1,0.0,0.00021806173,Open
48186658-e500-4b4d-90b2-0d99651c3f37,Passware,information_technology_company,800 W El Camino Real,http://www.passware.com/,1.0,29,2,1,1,0,1,information_technology_company,1,1,1,1,1,0,0,1,1,,0,1,2,information_technology_service,services_and_business,1.0,0,,200.0,0.0,0.0,0.0,0.0,3,0,0,0,0,1,0,1,0.0,0.00021548828,Open
c9101bde-80cf-4721-a676-8a8f28491ee0,Iglesia Ni Cristo - Locale of Mountain View,church_cathedral,1880 California St,http://www.iglesianicristo.ws/congregation/congregation/United,0.0,29,2,1,1,0,1,church_cathedral,1,1,1,1,1,0,0,1,1,,0,1,2,christian_place_of_worshop,cultural_and_historic,0.0,0,,-1.0,0.0,1.0,0.0,0.0,3,0,0,0,0,1,0,1,1.0,0.00021127873,Open
64660582-b175-490a-9d96-6ac23b32cc90,Institute of Voice,music_school,278 Hope St,http://instituteofvoice.com/,1.0,29,2,1,1,0,1,music_school,1,1,1,1,1,0,0,1,1,,0,1,2,specialty_school,education,1.0,0,,200.0,0.0,0.0,0.0,0.0,3,0,0,0,0,1,0,1,0.0,0.00021117582,Open
95449405-2d9e-45e8-8882-e8f889a95105,Axess Cleaners,laundromat,650 Castro St,http://www.axesscleaners.com,0.0,29,2,1,1,0,1,laundromat,2,1,1,1,1,0,0,1,1,,0,1,2,laundromat,services_and_business,0.0,0,,-1.0,0.0,1.0,0.0,0.0,3,0,0,0,0,1,0,1,1.0,0.00021097777,Open
4b6fbcca-809b-4129-8d70-151d3c3cc3a1,bytewise organic,b2b_food_products,205 View St,https://www.bytewisefoods.com/,0.0,29,2,1,1,0,1,b2b_food_products,4,1,1,1,1,0,0,0,0,,0,1,2,agricultural_service,services_and_business,0.0,0,,-1.0,0.0,1.0,0.0,0.0,3,0,0,0,1,1,0,0,0.0,0.00020761766,Open
575b8960-e6fb-4109-9594-63d006562b8f,The Elephant In The Room Diversity Trainings,event_planning,650 Castro St,http://www.theelephantintheroomdiversitytrainings.com/,1.0,29,2,1,1,0,1,event_planning,2,1,1,1,1,0,0,1,1,,0,1,2,event_or_party_service,services_and_business,1.0,0,,200.0,0.0,0.0,0.0,0.0,3,0,0,0,0,1,0,1,0.0,0.000203929,Open
b8bf8db0-31c7-48c2-8f06-cfc6d688c903,FarmX,event_planning,67 E Evelyn Ave,https://www.farmx.ag/,1.0,29,2,1,1,0,1,event_planning,2,1,1,1,1,0,0,1,1,,0,1,2,event_or_party_service,services_and_business,1.0,0,,200.0,0.0,0.0,0.0,0.0,3,0,0,0,0,1,0,1,0.0,0.000203929,Open
453ab265-b55c-4925-8b98-c5e6ded10201,LeverX Inc,event_planning,800 W El Camino Real,https://leverx.com/products/ips-integrated-process-solution,1.0,29,2,1,1,0,1,event_planning,2,1,1,1,1,0,0,1,1,,0,1,2,event_or_party_service,services_and_business,1.0,0,,200.0,0.0,0.0,0.0,0.0,3,0,0,0,0,1,0,1,0.0,0.000203929,Open
17413fc1-7da4-464b-a2e5-9914a4385baf,Alliance Practice Management,professional_services,650 Castro St,https://alliancevoicesolutions.com/products,1.0,29,2,1,1,0,1,professional_services,2,1,1,1,1,0,0,1,1,,0,1,2,service_location,services_and_business,1.0,0,,200.0,0.0,0.0,0.0,0.0,3,0,0,0,0,1,0,1,0.0,0.00020267502,Open
ed0274b5-71d5-4338-9247-2a8ee8c0d499,Picture Chest Photography,professional_services,650 Castro St,http://www.purestorage.com,1.0,29,2,1,1,0,1,professional_services,2,1,1,1,1,0,0,1,1,,0,1,2,service_location,services_and_business,1.0,0,,200.0,0.0,0.0,0.0,0.0,3,0,0,0,0,1,0,1,0.0,0.00020267502,Open
f916065a-9b4f-4491-894a-927a906ab964,Trends Personalized 3D,professional_services,650 Castro St,https://trendspersonalized.com/,1.0,29,2,1,1,0,1,professional_services,2,1,1,1,1,0,0,1,1,,0,1,2,service_location,services_and_business,1.0,0,,200.0,0.0,0.0,0.0,0.0,3,0,0,0,0,1,0,1,0.0,0.00020267502,Open
b67eff6e-8d7e-4ec2-ae13-a961cece5c32,Bloomreach Life,professional_services,82 Pioneer Way,http://www.bloomreach.com/,1.0,29,2,1,1,0,1,professional_services,2,1,1,1,1,0,0,1,1,,0,1,2,service_location,services_and_business,1.0,0,,200.0,0.0,0.0,0.0,0.0,3,0,0,0,0,1,0,1,0.0,0.00020267502,Open
269201c7-e6cc-4ce9-a625-17d783cfb466,Creekside Park,park,,http://www.mountainview.gov/depts/cs/parks/parks/default.asp,1.0,29,2,1,1,0,0,park,2,1,1,1,1,0,0,1,1,,0,0,2,park,sports_and_recreation,1.0,0,,403.0,0.0,0.0,0.0,0.0,2,0,0,0,0,1,0,1,0.0,0.00020224185,Open
e44b3bc3-8940-41b3-b537-eb5236f8c794,Playco,software_development,421 Castro St,https://play.co/,1.0,29,2,1,0,0,1,software_development,2,1,1,0,0,0,0,1,1,,0,1,2,software_development,services_and_business,1.0,0,,200.0,0.0,0.0,0.0,0.0,2,0,0,0,0,1,0,1,0.0,0.00020199594,Open
1c1704cf-c454-494b-9a36-b8324b5b869b,EOS Data Analytics,software_development,800 W El Camino Real,https://eos.com/,1.0,29,2,1,0,0,1,software_development,2,1,1,0,0,0,0,1,1,,0,1,2,software_development,services_and_business,1.0,0,,200.0,0.0,0.0,0.0,0.0,2,0,0,0,0,1,0,1,0.0,0.00020199594,Open
c7ae0427-0570-404e-a2d7-86a5e687d34c,Dental Zone Mountain View,general_dentistry,327 Moffett Blvd,https://www.dentalzonemountainview.com/,1.0,29,2,1,1,0,1,general_dentistry,2,1,1,1,1,0,0,1,1,,0,1,2,general_dentistry,health_care,1.0,0,,200.0,0.0,0.0,0.0,0.0,3,0,0,0,0,1,0,1,0.0,0.00020062506,Open
560b11a4-b8c4-42b0-b6a0-59a79ae54f90,Dental Fabulous,general_dentistry,756 California St,http://www.dentalfabulous.com/,1.0,29,2,1,1,0,1,general_dentistry,2,1,1,1,1,0,0,1,1,,0,1,2,general_dentistry,health_care,1.0,0,,200.0,0.0,0.0,0.0,0.0,3,0,0,0,0,1,0,1,0.0,0.00020062506,Open
e1cedcec-346a-4af3-945b-545f39a42f0a,A Deluxe Driving School,driving_school,229 Polaris Ave,http://deluxedriving.com/,0.0,29,2,1,1,0,1,driving_school,2,1,1,1,1,0,0,1,1,,0,1,2,specialty_school,education,0.0,0,,-2.0,0.0,1.0,0.0,0.0,3,0,0,0,0,1,0,1,1.0,0.0002001701,Open
17361c12-915d-4e74-98fc-8459701589c9,Landels School Field and Playground,school,115 W Dana St,http://landels.mvwsd.org,1.0,29,2,1,1,0,1,school,2,1,1,1,1,0,0,1,1,,0,1,2,place_of_learning,education,1.0,0,,200.0,0.0,0.0,0.0,0.0,3,0,0,0,0,1,0,1,0.0,0.00019760455,Open
392a7538-fff9-4555-9a0b-1f2d50e27ab0,Mountain View Academy,school,360 S Shoreline Blvd,http://mtnviewacademy.org/,1.0,29,2,1,1,0,1,school,2,1,1,1,1,0,0,1,1,,0,1,2,place_of_learning,education,1.0,0,,200.0,0.0,0.0,0.0,0.0,3,0,0,0,0,1,0,1,0.0,0.00019760455,Open
10398a5d-fee9-40e0-8488-33a3b8d07140,Community Gatepath,school,266 Escuela Ave,https://abilitypath.org,1.0,29,2,1,1,0,1,school,2,1,1,1,1,0,0,1,1,,0,1,2,place_of_learning,education,1.0,0,,200.0,0.0,0.0,0.0,0.0,3,0,0,0,0,1,0,1,0.0,0.00019760455,Open
2490b46b-a954-4558-b3ac-0f1e1d1fbb73,Bay Area Arabic School,language_school,310 Easy St,http://www.baaschool.org/,1.0,29,2,1,1,0,1,language_school,2,1,1,1,1,0,0,1,1,,0,1,2,specialty_school,education,1.0,0,,200.0,0.0,0.0,0.0,0.0,3,0,0,0,0,1,0,1,0.0,0.0001947513,Open
cd57e4db-b6ad-43ec-98e6-248ccbb48ea6,Amidi Family & Cosmetic Dentistry,dentist,600 W El Camino Real,https://amididental.com/,1.0,29,2,1,1,0,1,dentist,1,1,1,1,1,0,0,1,1,,0,1,2,general_dentistry,health_care,1.0,0,,200.0,0.0,0.0,0.0,0.0,3,0,0,0,0,1,0,1,0.0,0.00019225317,Open
55cfd1e7-70aa-467b-a454-75d34aedd377,Power Rise: PE Investment in China and US,financial_service,800 W El Camino Real,http://www.powerriseus.com/,0.0,29,2,1,1,0,1,financial_service,2,1,1,1,1,0,0,1,1,,0,1,2,financial_service,services_and_business,0.0,0,,-1.0,0.0,1.0,0.0,0.0,3,0,0,0,0,1,0,1,1.0,0.00019201793,Open
2055463a-ff28-425d-950e-861dc5471a95,Mariano Castro Elementary School,elementary_school,220 View St,,,29,2,0,1,0,1,elementary_school,2,0,0,1,1,0,0,1,1,,0,1,2,elementary_school,education,,0,,,,,0.0,0.0,2,0,0,0,0,1,0,1,0.0,0.0001918772,Open
abb77358-607f-41d2-859b-e927c2a0e820,Mountain View High School Castro St Mountain View CA,high_school,650 Castro St,,,29,2,0,1,0,1,high_school,2,0,0,1,1,0,0,1,1,,0,1,2,high_school,education,,0,,,,,0.0,0.0,2,0,0,0,0,1,0,1,0.0,0.0001918772,Open
f0f90e25-f830-49de-b290-5e1c24233703,Peninsula Eye Surgery Center,eye_care_clinic,1128 W El Camino Real,https://www.sutterhealth.org/find-location/facility/peninsula-eye-surgery-center,1.0,29,2,1,1,0,1,eye_care_clinic,2,1,1,1,1,0,0,1,1,,0,1,2,eye_care,health_care,1.0,0,,200.0,0.0,0.0,0.0,0.0,3,0,0,0,0,1,0,1,0.0,0.0001903663,Open
6e287c10-192d-4a21-a739-6be65b11bbb0,Avalon at Creekside,property_management,151 Calderon Ave,http://www.avaloncommunities.com/california/mountain-view-apartments/avalon-at-creekside,0.0,29,2,1,1,0,1,property_management,2,1,1,1,1,0,0,1,1,,0,1,2,property_management_service,services_and_business,0.0,0,,404.0,1.0,0.0,0.0,0.0,3,0,0,0,0,1,0,1,1.0,0.00018993064,Open
c523edad-3c5d-4a20-8ea1-a24409418414,Young Giggles,home_service,265 Moffett Blvd,http://www.youngiggles.com/,0.0,29,2,1,1,0,1,home_service,2,1,1,1,1,0,0,1,1,,0,1,2,home_service,services_and_business,0.0,0,,-1.0,0.0,1.0,0.0,0.0,3,0,0,0,0,1,0,1,1.0,0.00018921177,Open
bcdb363f-0e7d-48fb-ae87-1719b5a248d4,Miss Ann's Home Child Care,home_service,817 Jackson St,http://www.missannshomechildcare.com/,0.0,29,2,1,1,0,1,home_service,2,1,1,1,1,0,0,1,1,,0,1,2,home_service,services_and_business,0.0,0,,-1.0,0.0,1.0,0.0,0.0,3,0,0,0,0,1,0,1,1.0,0.00018921177,Open
33efdf6c-1999-414e-acf1-f8b7a9844897,Career Board Network,medical_service_organizations,211 Hope St,https://careerboardnetwork.com/,1.0,29,2,1,1,0,1,medical_service_organizations,2,1,1,1,1,0,0,1,1,,0,1,2,healthcare_location,health_care,1.0,0,,200.0,0.0,0.0,0.0,0.0,3,0,0,0,0,1,0,1,0.0,0.00018422266,Open
bf6ed932-6f3c-4c55-8fd1-618267bbdfb0,Grace Community Home Health,home_health_care,229 Polaris Ave,https://www.gracehh.org,1.0,29,2,1,1,0,1,home_health_care,2,1,1,1,1,0,0,1,1,,0,1,2,healthcare_location,health_care,1.0,0,,200.0,0.0,0.0,0.0,0.0,3,0,0,0,0,1,0,1,0.0,0.00018422266,Open
689dfd96-53ed-4ea3-85f3-4adeafd51952,Community Services Agency,social_service_organizations,204 Stierlin Rd,http://www.csacares.org/,0.0,29,2,1,1,0,1,social_service_organizations,2,1,1,1,1,0,0,1,1,,0,1,2,social_or_community_service,community_and_government,0.0,0,,-2.0,0.0,1.0,0.0,0.0,3,0,0,0,0,1,0,1,1.0,0.00018313402,Open
24f0300c-4d04-4799-93ef-3e2648835540,About this repair center,automotive_repair,"243 Moffett Blvd, Mountain View, CA 94043",https://crashchampions.com/locations/mtn-view-moffett,1.0,29,2,1,0,0,1,automotive_repair,7,1,1,0,0,0,0,0,0,Crash Champions,1,1,2,auto_repair_service,travel_and_transportation,1.0,0,,200.0,0.0,0.0,0.0,0.0,2,0,1,0,0,1,0,0,0.0,0.00018270739,Open
4bd4c889-532b-479c-a5f9-7e8455640350,Passage AI,software_development,67 E Evelyn Ave,http://www.passage.ai/,0.0,29,2,1,1,0,1,software_development,2,1,1,1,1,0,0,1,1,,0,1,2,software_development,services_and_business,0.0,0,,-1.0,0.0,1.0,0.0,0.0,3,0,0,0,0,1,0,1,1.0,0.00018211186,Open
63657d74-d19e-4d7b-bda7-1cc5ec4a84e5,NuuEDScore,software_development,650 Castro St,http://www.NuuFITGO.com/,0.0,29,2,1,1,0,1,software_development,2,1,1,1,1,0,0,1,1,,0,1,2,software_development,services_and_business,0.0,0,,-1.0,0.0,1.0,0.0,0.0,3,0,0,0,0,1,0,1,1.0,0.00018211186,Open
375bc57c-5527-4395-a02c-dd24b55ba1c2,Northburl,interior_design,823 W El Camino Real,http://www.northburl.com/,1.0,29,2,1,1,0,1,interior_design,2,1,1,1,1,0,0,1,1,,0,1,2,interior_design_service,services_and_business,1.0,0,,200.0,0.0,0.0,0.0,0.0,3,0,0,0,0,1,0,1,0.0,0.00018040571,Open
b84ad4a2-a9d1-444c-86c5-2b2c28e28e30,AP and I Design,interior_design,117 Easy St,http://apidesign.com/,1.0,29,2,1,1,0,1,interior_design,2,1,1,1,1,0,0,1,1,,0,1,2,interior_design_service,services_and_business,1.0,0,,200.0,0.0,0.0,0.0,0.0,3,0,0,0,0,1,0,1,0.0,0.00018040571,Open
35b93512-2366-4500-9ac5-e11679718e3d,Craig Sherod Photography,professional_services,1004 Asbury Way,http://www.craigsherodphoto.com/,0.0,29,2,1,1,0,1,professional_services,1,1,1,1,1,0,0,1,1,,0,1,2,service_location,services_and_business,0.0,0,,406.0,1.0,0.0,0.0,0.0,3,0,0,0,0,1,0,1,1.0,0.00018026074,Open
a5500cfd-71b4-4727-852e-ac3b4ec7c988,Edward Jones,financial_advising,1045 W El Camino Real,https://www.edwardjones.com/mandy-andrei,1.0,29,2,1,1,0,1,financial_advising,2,1,1,1,1,0,0,1,1,,0,1,2,financial_service,services_and_business,1.0,0,,200.0,0.0,0.0,0.0,0.0,3,0,0,0,0,1,0,1,0.0,0.00017863816,Open
2dd322a5-08c3-45cb-82d4-9f0fc2ed8fc7,VTA Mountain View Light Rail Station,train_station,600 W Evelyn Ave,http://www.vta.org,1.0,29,2,1,0,0,1,train_station,2,1,1,0,0,0,0,1,1,,0,1,2,train_station,travel_and_transportation,1.0,0,,200.0,0.0,0.0,0.0,0.0,2,0,0,0,0,1,0,1,0.0,0.00017727629,Open
89508f8d-9e34-4cfa-b2b7-1f48a8d36e79,LibertyX Bitcoin ATM,atms,744 W Dana St,https://libertyx.com,1.0,29,2,1,1,0,1,atms,0,1,1,1,1,0,0,1,1,LibertyX Bitcoin ATM,1,1,2,atm,services_and_business,1.0,0,,200.0,0.0,0.0,0.0,0.0,3,1028,0,0,0,1,0,1,0.0,0.00017663445,Open
136f4def-b08a-4c6f-ba28-c31b303695c0,Yellowbrick Data,information_technology_company,660 W Dana St,https://www.yellowbrick.com/,1.0,29,2,1,1,0,1,information_technology_company,2,1,1,1,1,0,0,1,1,,0,1,2,information_technology_service,services_and_business,1.0,0,,200.0,0.0,0.0,0.0,0.0,3,0,0,0,0,1,0,1,0.0,0.00017642925,Open
c2a45eb6-c303-4c96-b7c1-ead079848e69,Imvu,information_technology_company,100 W Evelyn Ave,http://www.imvu.com,1.0,29,2,1,1,0,1,information_technology_company,2,1,1,1,1,0,0,1,1,,0,1,2,information_technology_service,services_and_business,1.0,0,,200.0,0.0,0.0,0.0,0.0,3,0,0,0,0,1,0,1,0.0,0.00017642925,Open
4998b0e9-b6b1-475c-a12c-d821a75fae16,Brodski Music Studio,music_school,229 Polaris Ave,http://brodskimusic.com/,1.0,29,2,1,1,0,1,music_school,2,1,1,1,1,0,0,1,1,,0,1,2,specialty_school,education,1.0,0,,200.0,0.0,0.0,0.0,0.0,3,0,0,0,0,1,0,1,0.0,0.00017591708,Open
71c4053b-1b9d-4e45-ae17-926274d40e69,Castro Park,park,"Castro Park, 1800 Latham St",,,29,2,0,0,0,1,park,2,0,0,0,0,0,0,1,1,,0,1,2,park,sports_and_recreation,,0,,,,,0.0,0.0,1,0,0,0,0,1,0,1,0.0,0.00017462009,Open
33ee934e-f498-4eaa-9eb0-3f6e5305e886,Silicon Valley Data Science,business,150 W Evelyn Ave,https://www.svds.com/blog,0.0,29,2,1,1,0,1,business,2,1,1,1,1,0,0,1,1,,0,1,2,business_location,services_and_business,0.0,0,,-1.0,0.0,1.0,0.0,0.0,3,0,0,0,0,1,0,1,1.0,0.00017450789,Open
62b2cefb-adb4-48d5-8786-bd3b802743ba,Wells Fargo Bank,bank_credit_union,599 Castro St,http://www.wellsfargo.com,1.0,29,2,1,1,0,1,bank_credit_union,2,1,1,1,1,0,0,1,1,,0,1,2,financial_service,services_and_business,1.0,0,,200.0,0.0,0.0,0.0,0.0,3,0,0,0,0,1,0,1,0.0,0.00016837976,Open
84f1ad8d-0a4c-42f4-a293-41e359d2b878,DC Cemetery,public_service_and_government,840 Bush St,http://www.dc-cemetery.com/,0.0,29,2,1,1,0,1,public_service_and_government,2,1,1,1,1,0,0,1,1,,0,1,2,civic_organization_office,community_and_government,0.0,0,,-2.0,0.0,1.0,0.0,0.0,3,0,0,0,0,1,0,1,1.0,0.00016684279,Open
5bd6dc0f-42db-4a1d-bcc6-40551404ba0d,Digbi Health,health_and_medical,800 W El Camino Real,https://www.merago.com/,1.0,29,2,1,1,0,1,health_and_medical,1,1,1,1,1,0,0,1,1,,0,1,2,healthcare_location,health_care,1.0,0,,200.0,0.0,0.0,0.0,0.0,3,0,0,0,0,1,0,1,0.0,0.0001664903,Open
b940f7f9-0873-4f48-a0f8-a6a76c6a7797,Transvideo Studios,event_photography,800 W El Camino Real,"http://www.twitter.com/Transvideo,http://www.picturelab.com/",0.0,29,2,1,1,0,1,event_photography,1,1,1,1,1,0,0,1,1,,0,1,2,photography_service,services_and_business,0.0,0,,520.0,0.0,0.0,0.0,0.0,3,0,0,0,0,1,0,1,1.0,0.00016619338,Open
35d79b87-29a2-468d-95d3-3e29b3298077,Beacon Wealth Advisory,financial_advising,800 W El Camino Real,https://www.beaconwa.com/,1.0,29,2,1,1,0,1,financial_advising,2,1,1,1,1,0,0,1,1,,0,1,2,financial_service,services_and_business,1.0,0,,403.0,0.0,0.0,0.0,0.0,3,0,0,0,0,1,0,1,0.0,0.00016262286,Open
665a5c92-bdf6-4f62-b360-0959785e7394,Aesthetics & Essentials Dental Group,dentist,205 E Middlefield Rd,https://www.a-edental.com/,1.0,29,2,1,1,0,1,dentist,2,1,1,1,1,0,0,1,1,,0,1,2,general_dentistry,health_care,1.0,0,,200.0,0.0,0.0,0.0,0.0,3,0,0,0,0,1,0,1,0.0,0.00016155011,Open
16489569-fe86-42df-aea2-0d06a7d21f3c,Dr. Maryam Amidi,dentist,1039 El Monte Ave,http://www.amididental.com/,1.0,29,2,1,1,0,1,dentist,2,1,1,1,1,0,0,1,1,,0,1,2,general_dentistry,health_care,1.0,0,,200.0,0.0,0.0,0.0,0.0,3,0,0,0,0,1,0,1,0.0,0.00016155011,Open
3720fe23-8628-42f7-9c13-64a930e86da0,Cyclocross Magazine,business,650 Castro St,http://www.cxmagazine.com,0.0,29,2,1,1,0,1,business,2,1,1,1,1,0,0,1,1,,0,1,2,business_location,services_and_business,0.0,0,,-2.0,0.0,1.0,0.0,0.0,3,0,0,0,0,1,0,1,1.0,0.0001615284,Open
e85aec3b-953e-4965-bd43-57e31204ea82,Castro station,train_station,,http://castrostation.com/,1.0,29,2,1,0,0,0,train_station,2,1,1,0,0,0,0,1,1,,0,0,2,train_station,travel_and_transportation,1.0,0,,200.0,0.0,0.0,0.0,0.0,1,0,0,0,0,1,0,1,0.0,0.00015911007,Open
fb0181be-5181-45f4-9ef9-e3e5ae522756,Eyebrow Threading Mountain View,threading_service,357 Castro St,https://www.ethreading.com/,1.0,29,2,1,1,0,1,threading_service,2,1,1,1,1,0,0,1,1,,0,1,2,personal_service,lifestyle_services,1.0,1,17.192672807574564,200.0,0.0,0.0,0.0,0.0,3,0,0,0,0,1,0,1,0.0,0.0001587839,Open
888cda66-5d92-441c-b2dc-4233b6701306,Jiffy Lube,oil_change_station,1141 W El Camino Real,https://www.jiffylube.com/locations/ca/mountain-view/2342,1.0,29,2,1,1,0,1,oil_change_station,2,1,1,1,1,0,0,1,1,Jiffy Lube,1,1,2,vehicle_service,travel_and_transportation,1.0,0,,200.0,0.0,0.0,0.0,0.0,3,10,0,0,0,1,0,1,0.0,0.00015737682,Open
1a987f47-de40-4e89-9fd1-86b7c3f04b1e,S.F.V. Portuguese Hall,event_planning,361 Villa St,http://www.sfvlodge.org/,0.0,29,2,1,1,0,1,event_planning,2,1,1,1,1,0,0,1,1,,0,1,2,event_or_party_service,services_and_business,0.0,0,,-1.0,0.0,1.0,0.0,0.0,3,0,0,0,0,1,0,1,1.0,0.00015723013,Open
95717ba3-e19d-442e-a3e3-7d5ca54530a7,1101 West Condos,landmark_and_historical_building,1101 W El Camino Real,http://www.1101w.com/,0.0,29,2,1,0,0,1,landmark_and_historical_building,2,1,1,0,0,0,0,1,1,,0,1,2,historic_site,cultural_and_historic,0.0,0,,-1.0,0.0,1.0,0.0,0.0,2,0,0,0,0,1,0,1,1.0,0.0001560133,Open
56caf038-0dd8-4af4-9634-3a1d9940ed75,Kaiser Permanente,medical_center,555 Castro St,http://kp.org/kpweb/facilitydir/facility.do?id=100351,1.0,29,2,1,1,0,1,medical_center,2,1,1,1,1,0,0,1,1,Kaiser Permanente,1,1,2,healthcare_location,health_care,1.0,0,,200.0,0.0,0.0,0.0,0.0,3,9,0,0,0,1,0,1,0.0,0.00015535063,Open
c7582de9-2b3b-4b4a-b365-1586c8466f85,Mindful Montessori,preschool,220 Velarde St,http://www.mindfulmontessorimv.com/,0.0,29,2,1,1,0,1,preschool,2,1,1,1,1,0,0,1,1,,0,1,2,preschool,education,0.0,0,,404.0,1.0,0.0,0.0,0.0,3,0,0,0,0,1,0,1,1.0,0.00015359036,Open
2d90329e-a806-4868-9279-3eb58637f7ff,Building Kidz,preschool,250 E Dana St,https://buildingkidzschool.com/loc/ca/mountain-view-preschool-kindergarten/,0.0,29,2,1,1,0,1,preschool,2,1,1,1,1,0,0,1,1,,0,1,2,preschool,education,0.0,0,,404.0,1.0,0.0,0.0,0.0,3,0,0,0,0,1,0,1,1.0,0.00015359036,Open
7db67dba-9500-4dc7-9348-35dcbe77dfa1,Barbarba's Little Birdies Child Day Care in Mountain View,preschool,1332 Park Dr,http://barbarabirdslittlebirdiesdaycare.com/,0.0,29,2,1,1,0,1,preschool,2,1,1,1,1,0,0,1,1,,0,1,2,preschool,education,0.0,0,,404.0,1.0,0.0,0.0,0.0,3,0,0,0,0,1,0,1,1.0,0.00015359036,Open
7f3ebfa0-f3ca-4f71-9bd4-64c219259b21,CHAC Family Resource Centers,social_service_organizations,748 Mercy St,https://chacmv.org/frcs,0.0,29,2,1,1,0,1,social_service_organizations,2,1,1,1,1,0,0,1,1,,0,1,2,social_or_community_service,community_and_government,0.0,0,,-1.0,0.0,1.0,0.0,0.0,3,0,0,0,0,1,0,1,1.0,0.00014725488,Open
03598a93-b1cc-4633-9c6a-86d8a5ae5c62,Bank of America ATM,atms,444 Castro St,https://locators.bankofamerica.com/ca/mountainview/financial-centers-mountain-view-8688.html,1.0,29,2,1,1,0,1,atms,2,1,1,1,1,0,0,1,1,,0,1,2,atm,services_and_business,1.0,0,,200.0,0.0,0.0,0.0,0.0,3,0,0,0,0,1,0,1,0.0,0.00014570451,Open
e3451244-489f-4a99-8c80-33611db70ea7,23andMe,doctor,899 W Evelyn Ave,http://www.23andme.com,1.0,29,2,1,1,0,1,doctor,2,1,1,1,1,0,0,1,1,,0,1,2,doctors_office,health_care,1.0,0,,200.0,0.0,0.0,0.0,0.0,3,0,0,0,0,1,0,1,0.0,0.00013819424,Open
56f11f4c-27ff-43f7-92a4-63d0fad46967,Yew Chung International School of Silicon Valley,elementary_school,310 Easy St,,,29,2,1,1,0,1,elementary_school,4,1,1,1,1,0,0,0,0,,0,1,2,elementary_school,education,,0,,,,,0.0,0.0,3,0,0,0,1,1,0,0,0.0,0.0001374841,Open
36eb95f2-5e5d-4602-ba4f-655472e39b9d,Almeda County Park,park,,http://www.co.josephine.or.us/parks,1.0,29,2,1,0,0,0,park,2,1,1,0,0,0,0,1,1,,0,0,2,park,sports_and_recreation,1.0,0,,200.0,0.0,0.0,0.0,0.0,1,0,0,0,0,1,0,1,0.0,0.00013349573,Open
25a191fd-adee-431f-8102-fa32a8b7ef72,Opal Event Center,event_planning,251 Castro St,http://www.opaleventcenter.com/,0.0,29,2,1,1,0,1,event_planning,1,1,1,1,1,0,0,1,1,,0,1,2,event_or_party_service,services_and_business,0.0,0,,404.0,1.0,0.0,0.0,0.0,3,0,0,0,0,1,0,1,1.0,0.0001317713,Open
4bc8ed48-dc89-4113-8779-49ac378cff19,Family Child Care,day_care_preschool,Santa Rosa Ave,http://www.juliahomechildcaresample.com/,0.0,29,2,1,1,0,1,day_care_preschool,2,1,1,1,1,0,0,1,1,,0,1,2,child_care_or_day_care,services_and_business,0.0,0,,-1.0,0.0,1.0,0.0,0.0,3,0,0,0,0,1,0,1,1.0,0.00013166279,Open
bc7da3df-5233-4584-99e4-b6eee6d49210,Front Porch Mountain View,religious_organization,748 Mercy St,http://FrontPorchMV.org/,0.0,29,2,1,1,0,1,religious_organization,1,1,1,1,1,0,0,1,1,,0,1,2,religious_organization,cultural_and_historic,0.0,0,,-1.0,0.0,1.0,0.0,0.0,3,0,0,0,0,1,0,1,1.0,0.00012780902,Open
886cdae2-279d-4bcb-aa1c-a14780466ec6,Telefonica Digital Silicon Valley,real_estate,,,,29,2,0,0,0,0,real_estate,2,0,0,0,0,0,0,1,1,,0,0,2,real_estate_service,services_and_business,,0,,,,,0.0,0.0,0,0,0,0,0,1,0,1,0.0,0.0001261898,Open
815861da-0e3c-4c09-87c6-6ef630d8cdf9,Livongo by Teladoc Health,medical_service_organizations,,https://www.livongo.com/,1.0,29,2,1,1,0,0,medical_service_organizations,2,1,1,1,1,0,0,1,1,,0,0,2,healthcare_location,health_care,1.0,0,,200.0,0.0,0.0,0.0,0.0,2,0,0,0,0,1,0,1,0.0,0.00012200415,Open
efd25fa7-0637-4640-ac30-d4d314fb2a37,Moffett Alternative High School,high_school,,,,29,2,0,0,0,0,high_school,2,0,0,0,0,0,0,1,1,,0,0,2,high_school,education,,0,,,,,0.0,0.0,0,0,0,0,0,1,0,1,0.0,0.00011847417,Open
fb6058af-58af-48aa-a360-a6ac0796efcb,"Mike Jerant Guitar, Bass, Uke and Piano Instruction",tutoring_center,257 Castro St,http://mikejerant.com/,1.0,29,2,1,1,0,1,tutoring_center,2,1,1,1,1,0,0,1,1,,0,1,2,tutoring_service,education,1.0,0,,200.0,0.0,0.0,0.0,0.0,3,0,0,0,0,1,0,1,0.0,0.00011668145,Open
69b1565e-f2ca-4cb6-99a9-581d90928d08,Koncept Education Inc.,tutoring_center,800 W El Camino Real,http://keykoncept.com/,1.0,29,2,1,1,0,1,tutoring_center,2,1,1,1,1,0,0,1,1,,0,1,2,tutoring_service,education,1.0,0,,200.0,0.0,0.0,0.0,0.0,3,0,0,0,0,1,0,1,0.0,0.00011668145,Open
7aa37f8b-d4e4-4528-a7b5-0091012b03c3,Grit Mindset Therapy,psychologist,800 W El Camino Real,http://gritmindsettherapy.com/,1.0,29,2,1,1,0,1,psychologist,1,1,1,1,1,0,0,1,1,,0,1,2,psychology,health_care,1.0,0,,200.0,0.0,0.0,0.0,0.0,3,0,0,0,0,1,0,1,0.0,0.00011467108,Open
2dfb06bf-152a-42e2-91b7-6df9c8179c59,Abundant Life Christian Fllwsp,charity_organization,902 Villa St,,,29,2,0,1,0,1,charity_organization,2,0,0,1,1,0,0,1,1,,0,1,2,charity_organization,community_and_government,,0,,,,,0.0,0.0,2,0,0,0,0,1,0,1,0.0,0.00011389875,Open
52ee191c-ea84-4132-b9e8-61a09e63f46e,Mercer Advisors,investing,800 W El Camino Real,https://www.merceradvisors.com/location/mountain-view-silicon-valley/,1.0,29,2,1,1,0,1,investing,2,1,1,1,1,0,0,1,1,mercer advisors,1,1,2,financial_service,services_and_business,1.0,0,,200.0,0.0,0.0,0.0,0.0,3,3,0,0,0,1,0,1,0.0,0.000112278845,Open
3ac48a39-e88d-4c89-90bc-1b93f04f76e1,Prime Dental,dentist,1045 W El Camino Real,http://www.primeimplantcenter.com/,0.0,29,2,1,1,0,1,dentist,2,1,1,1,1,0,0,1,1,,0,1,2,general_dentistry,health_care,0.0,0,,406.0,1.0,0.0,0.0,0.0,3,0,0,0,0,1,0,1,1.0,0.00010374315,Open
c1706456-9040-4c31-b233-7d817cbbcce5,Kiddie Academy of Mountain View,day_care_preschool,205 E Middlefield Rd,https://kiddieacademy.com/academies/mountain-view/,1.0,29,2,1,1,0,1,day_care_preschool,2,1,1,1,1,0,0,1,1,Kiddie Academy,1,1,2,child_care_or_day_care,services_and_business,1.0,0,,200.0,0.0,0.0,0.0,0.0,3,8,0,0,0,1,0,1,0.0,0.00010308845,Open
59129930-9788-41d3-9f7f-d15af4ae8fad,YCIS Silicon Valley,private_school,310 Easy St,http://www.ycis-sv.com/,1.0,29,2,1,1,0,1,private_school,2,1,1,1,1,0,0,1,1,,0,1,2,place_of_learning,education,1.0,0,,200.0,0.0,0.0,0.0,0.0,3,0,0,0,0,1,0,1,0.0,9.8728546e-05,Open
279525f3-1b52-401a-8aeb-992b691729f3,Khan Lab School,private_school,1200 Villa St,http://khanlabschool.org/,1.0,29,2,1,1,0,1,private_school,2,1,1,1,1,0,0,1,1,,0,1,2,place_of_learning,education,1.0,0,,200.0,0.0,0.0,0.0,0.0,3,0,0,0,0,1,0,1,0.0,9.8728546e-05,Open
730bad70-5a9f-42e7-8f0c-af9a9d8dce77,Site for Sore Eyes,optometrist,650 Castro St,https://www.siteforsoreeyes.com/mountain-view-location,1.0,29,2,1,1,0,1,optometrist,1,1,1,1,1,0,0,1,1,Site for Sore Eyes,1,1,2,eye_care,health_care,1.0,0,,200.0,0.0,0.0,0.0,0.0,3,2,0,0,0,1,0,1,0.0,9.8599274e-05,Open
77ddc917-c3a6-4310-8803-98f098401532,Chamber of Commerce Mountain View,community_center,580 Castro St,http://www.chambermv.org/,1.0,29,2,1,1,0,1,community_center,1,1,1,1,1,0,0,0,0,,0,1,2,community_center,community_and_government,1.0,0,,200.0,0.0,0.0,0.0,0.0,3,0,0,0,1,1,0,0,0.0,9.188877e-05,Open
7d99f760-1c23-4fdc-9b3f-d8d2e744e8b9,Shell,gas_station,1288 W El Camino Real,https://find.shell.com/us/fuel/10008065-1288-w-el-camino-real,1.0,29,2,1,1,0,1,gas_station,2,1,1,1,1,0,0,1,1,Shell,1,1,2,gas_station,travel_and_transportation,1.0,0,,200.0,0.0,0.0,0.0,0.0,3,137,0,0,0,1,0,1,0.0,9.086528e-05,Open
d202adef-6295-471c-a2fc-d68e431daf55,Mountain View,travel_services,900 Miramonte Ave,,,29,2,0,0,0,1,travel_services,2,0,0,0,0,0,0,0,0,American Automobile Association,1,1,2,travel_service,travel_and_transportation,,0,,,,,0.0,0.0,1,5,1,0,0,1,0,0,0.0,8.9985326e-05,Open
0f6a20cd-1f12-463a-a22d-1407fa1498aa,Yoga Dance Stretch and more,art_school,"Pacific Ballet Academy, 295 Polaris Ave",https://www.meetup.com/yoga-dance-stretch-more/,1.0,29,2,1,1,0,1,art_school,1,1,1,1,1,0,0,1,1,,0,1,2,specialty_school,education,1.0,0,,200.0,0.0,0.0,0.0,0.0,3,0,0,0,0,1,0,1,0.0,8.830536e-05,Open
20f497fb-b80c-4a52-a5c3-9aea8eea1baa,Avenidas Rose Kleiner Center,senior_citizen_services,270 Escuela Ave,http://www.avenidas.org/,1.0,29,2,1,1,0,1,senior_citizen_services,2,1,1,1,1,0,0,1,1,Kaiser Permanente,1,1,2,senior_citizen_service,community_and_government,1.0,0,,403.0,0.0,0.0,0.0,0.0,3,9,0,0,0,1,0,1,0.0,8.825696e-05,Open
d8a76c73-adae-4a04-9458-ea98be72d2ed,MayView Health Clinic,hospital,900 Miramonte Ave,http://www.mayview.org/,1.0,29,2,1,0,0,1,hospital,2,1,1,0,0,0,0,1,1,,0,1,2,hospital,health_care,1.0,0,,200.0,0.0,0.0,0.0,0.0,2,0,0,0,0,1,0,1,0.0,8.5314525e-05,Open
3559ad3c-110a-4afd-9146-eb3aa761a355,Mitera,prenatal_perinatal_care,1049 El Monte Ave,http://www.miteraperinatal.com/,0.0,29,2,1,1,0,1,prenatal_perinatal_care,2,1,1,1,1,0,0,1,1,,0,1,2,healthcare_location,health_care,0.0,0,,406.0,1.0,0.0,0.0,0.0,3,0,0,0,0,1,0,1,1.0,8.268161e-05,Open
f88e2cd1-3a9a-4c78-ab45-f5c610dceabf,Helix Academy,elementary_school,821 W El Camino Real,http://www.helixacademy.org/,1.0,29,2,1,0,0,1,elementary_school,1,1,1,0,0,0,0,1,1,,0,1,2,elementary_school,education,1.0,0,,200.0,0.0,0.0,0.0,0.0,2,0,0,0,0,1,0,1,0.0,8.089702e-05,Open
dc3baf6b-5081-476d-a37d-ca1c0f15c298,W El Camino Real,automotive_repair,1141 W EL CAMINO REAL,https://www.jiffylube.com/locations/ca/mountain-view/2342,1.0,29,2,1,0,0,1,automotive_repair,7,1,1,0,0,0,0,0,0,Jiffy Lube,1,1,2,auto_repair_service,travel_and_transportation,1.0,0,,200.0,0.0,0.0,0.0,0.0,2,10,1,0,0,1,0,0,0.0,7.877206e-05,Open
8bc20812-0310-404f-8ca4-0b8d0091210e,Arimo,information_technology_company,888 Villa St,https://arimo.com/,0.0,29,2,1,1,0,1,information_technology_company,2,1,1,1,1,0,0,1,1,,0,1,2,information_technology_service,services_and_business,0.0,0,,-1.0,0.0,1.0,0.0,0.0,3,0,0,0,0,1,0,1,1.0,7.576721e-05,Open
36b78e57-a307-4495-81bf-1a2e55ae4a05,Nebula,information_technology_company,215 Castro St,http://www.nebula.com,0.0,29,2,1,1,0,1,information_technology_company,2,1,1,1,1,0,0,1,1,,0,1,2,information_technology_service,services_and_business,0.0,0,,-1.0,0.0,1.0,0.0,0.0,3,0,0,0,0,1,0,1,1.0,7.576721e-05,Open
578cd019-24ca-4fe7-be22-343b56384566,Miko Robot USA,information_technology_company,800 W El Camino Real,http://bz-intelligentrobot.com/,0.0,29,2,1,1,0,1,information_technology_company,2,1,1,1,1,0,0,1,1,,0,1,2,information_technology_service,services_and_business,0.0,0,,-1.0,0.0,1.0,0.0,0.0,3,0,0,0,0,1,0,1,1.0,7.576721e-05,Open
54b4fbdc-def5-44c0-bf68-6018debd4684,"Bracket Computing, Inc.",information_technology_company,150 W Evelyn Ave,http://www.brkt.com/,0.0,29,2,1,1,0,1,information_technology_company,2,1,1,1,1,0,0,1,1,,0,1,2,information_technology_service,services_and_business,0.0,0,,-1.0,0.0,1.0,0.0,0.0,3,0,0,0,0,1,0,1,1.0,7.576721e-05,Open
9f71e5bd-7d84-410f-aed1-a8bc985450b5,"Fire Works, a paint your own ceramics place",art_school,483 Hope St,http://www.fireworksceramics.com/,0.0,29,2,1,1,0,1,art_school,2,1,1,1,1,0,0,1,1,,0,1,2,specialty_school,education,0.0,0,,406.0,1.0,0.0,0.0,0.0,3,0,0,0,0,1,0,1,1.0,7.1737224e-05,Open
3c971ac9-11c8-4e28-914c-67dc2c4f9469,Tensorflight,software_development,505 Cypress Point Dr,https://tensorflight.com/,0.0,29,2,1,0,0,1,software_development,2,1,1,0,0,0,0,1,1,,0,1,2,software_development,services_and_business,0.0,0,,502.0,0.0,0.0,0.0,0.0,2,0,0,0,0,1,0,1,1.0,6.892391e-05,Open
fedbc7a9-1a85-4127-88f4-70932c5adb2a,Khuu Dermatology,dermatologist,889 Castro St,https://www.khuudermatology.com/,1.0,29,2,1,1,0,1,dermatologist,1,1,1,1,1,0,0,1,1,,0,1,2,healthcare_location,health_care,1.0,1,17.104364090365024,200.0,0.0,0.0,0.0,0.0,3,0,0,0,0,1,0,1,0.0,6.6943656e-05,Open
aa7f65b9-c530-4022-ba66-12699acdd41c,Mariano Castro Elementary,elementary_school,500 Toft St,http://castro.mvwsd.org/,1.0,29,2,1,1,0,1,elementary_school,1,1,1,1,1,0,0,1,1,,0,1,2,elementary_school,education,1.0,0,,200.0,0.0,0.0,0.0,0.0,3,0,0,0,0,1,0,1,0.0,6.605662e-05,Open
69127d01-e68f-471f-bb8c-348422fdfcbb,Google Mountain View,campus_building,202 Stierlin Rd,http://www.google.com/about/jobs/locations/mountain-view/,1.0,29,2,1,0,0,1,campus_building,2,1,1,0,0,0,0,1,1,,0,1,2,place_of_learning,education,1.0,0,,200.0,0.0,0.0,0.0,0.0,2,0,0,0,0,1,0,1,0.0,6.593685e-05,Open
e14550c9-ada7-438d-bcfe-dcf5d755b083,Mountain View Public Library,library,585 Franklin St,http://library.mountainview.gov/,1.0,29,2,1,1,0,1,library,2,1,1,1,1,0,0,1,1,,0,1,2,library,community_and_government,1.0,0,,403.0,0.0,0.0,0.0,0.0,3,0,0,0,0,1,0,1,0.0,5.8390517e-05,Open
fe7b6fe9-497c-44bc-8c5e-354076446b73,Gabriela Mistral Elementary,elementary_school,505 Escuela Ave,https://mistral.mvwsd.org/,1.0,29,2,1,1,0,1,elementary_school,2,1,1,1,1,0,0,1,1,,0,1,2,elementary_school,education,1.0,0,,200.0,0.0,0.0,0.0,0.0,3,0,0,0,0,1,0,1,0.0,5.550586e-05,Open
57c37e75-c6da-4b84-90c2-b63a560dd94e,Jose Antonio Vargas Elementary School,elementary_school,220 N Whisman Rd,https://vargas.mvwsd.org/,1.0,29,2,1,1,0,1,elementary_school,2,1,1,1,1,0,0,1,1,,0,1,2,elementary_school,education,1.0,0,,200.0,0.0,0.0,0.0,0.0,3,0,0,0,0,1,0,1,0.0,5.550586e-05,Open
4a33d0be-d42d-414f-9647-fa569e0a8034,Landels Elementary School,elementary_school,115 W Dana St,http://landels.mvwsd.org,1.0,29,2,1,1,0,1,elementary_school,2,1,1,1,1,0,0,1,1,,0,1,2,elementary_school,education,1.0,0,,200.0,0.0,0.0,0.0,0.0,3,0,0,0,0,1,0,1,0.0,5.550586e-05,Open
b05fe0ba-0955-46ba-9ab5-98490e71445b,Mountain View Senior Center,senior_citizen_services,266 Escuela Ave,http://www.mountainview.gov/seniors,1.0,29,2,1,1,0,1,senior_citizen_services,1,1,1,1,1,0,0,1,1,,0,1,2,senior_citizen_service,community_and_government,1.0,0,,403.0,0.0,0.0,0.0,0.0,3,0,0,0,0,1,0,1,0.0,5.5246313e-05,Open
74c6c041-f329-40d5-9e26-c6b0d73524fd,"St. Joseph's Seminary, Mountain View CA",religious_organization,No longer ,https://www.facebook.com/SaintJosephSeminary,1.0,29,2,1,0,0,1,religious_organization,2,1,1,0,0,0,0,1,1,,0,1,2,religious_organization,cultural_and_historic,1.0,0,,200.0,0.0,0.0,0.0,0.0,2,0,0,0,0,1,0,1,0.0,5.3976793e-05,Open
76c14c04-6e9c-424d-b692-bf488c240c17,LibertyX Bitcoin ATM,atms,850 California St,https://libertyx.com/a/buy-bitcoin/locations/CA/mountain-view/850-california-st?y_source=1_MTA1NjI1ODkyOC01NTktbG9jYXRpb24ud2Vic2l0ZQ%3D%3D,1.0,29,2,1,1,0,1,atms,2,1,1,1,1,0,0,1,1,LibertyX Bitcoin ATM,1,1,2,atm,services_and_business,1.0,0,,200.0,0.0,0.0,0.0,0.0,3,1028,0,0,0,1,0,1,0.0,5.27933e-05,Open
ca9bbd60-361b-4d28-9f86-b0d6cd2222b3,LibertyX Bitcoin ATM,atms,1041 El Monte Ave,https://libertyx.com/a/buy-bitcoin/locations/CA/mountain-view/1041-el-monte-ave?y_source=1_NjcwNzI5MzgtNTU5LWxvY2F0aW9uLndlYnNpdGU%3D,1.0,29,2,1,1,0,1,atms,2,1,1,1,1,0,0,1,1,LibertyX Bitcoin ATM,1,1,2,atm,services_and_business,1.0,0,,200.0,0.0,0.0,0.0,0.0,3,1028,0,0,0,1,0,1,0.0,5.27933e-05,Open
20697449-a635-4160-88b5-22f0a2493f8f,St. Joseph Parish Mission 2019,religious_organization,582 Hope St,,,29,2,0,0,0,1,religious_organization,1,0,0,0,0,0,0,1,1,,0,1,2,religious_organization,cultural_and_historic,,0,,,,,0.0,0.0,1,0,0,0,0,1,0,1,0.0,4.9774924e-05,Open
48b4786e-139d-4b18-8c12-d3f3d41bbe1b,Essence Salon,hair_salon,826 W Dana St,http://www.essencesalon.com/,0.0,29,2,1,1,0,1,hair_salon,2,1,1,1,1,0,0,1,1,,0,1,2,hair_salon,lifestyle_services,0.0,1,18.170726866819113,-1.0,0.0,1.0,0.0,0.0,3,0,0,0,0,1,0,1,1.0,4.4500437e-05,Open
a6433416-73fc-468d-afce-8af44e898505,Cherith Analytics,religious_organization,650 Castro St,,,29,2,0,0,0,1,religious_organization,2,0,0,0,0,0,0,1,1,,0,1,2,religious_organization,cultural_and_historic,,0,,,,,0.0,0.0,1,0,0,0,0,1,0,1,0.0,4.2732147e-05,Open
b8dd81b0-502b-4c30-a070-c0e81f10fc69,LibertyX Bitcoin ATM,atms,495 Moffett Blvd,https://libertyx.com/a/buy-bitcoin/locations/8jgo4nhmlfkm?y_source=1_MTkxMjA3MzEtNTU5LWxvY2F0aW9uLndlYnNpdGU%3D,0.0,29,2,1,1,0,1,atms,2,1,1,1,1,0,0,1,1,LibertyX Bitcoin ATM,1,1,2,atm,services_and_business,0.0,0,,-2.0,0.0,1.0,0.0,0.0,3,1028,0,0,0,1,0,1,1.0,3.0048257e-05,Open
d4b5cf2b-dc94-45c0-9fa8-4dd29fa0bd5e,Mountain View Public Safety Foundation,charity_organization,650 Castro St,https://mvpsf.org/,1.0,29,2,1,1,0,1,charity_organization,1,1,1,1,1,0,0,1,1,,0,1,2,charity_organization,community_and_government,1.0,0,,200.0,0.0,0.0,0.0,0.0,3,0,0,0,0,1,0,1,0.0,2.46614e-05,Open
e09703ca-7cf5-4eb2-bab7-e804e987a88b,Sitare Foundation,charity_organization,888 Villa St,http://www.sitare.org/,1.0,29,2,1,1,0,1,charity_organization,2,1,1,1,1,0,0,1,1,,0,1,2,charity_organization,community_and_government,1.0,0,,200.0,0.0,0.0,0.0,0.0,3,0,0,0,0,1,0,1,0.0,2.0722291e-05,Open
