name,address,category,P_closed,google_url,actually_closed
Saturn Cafe,145 Laurel St,vegan_restaurant,0.998,https://www.google.com/search?q=Saturn%20Cafe%20145%20Laurel%20St,
Diego Dennis Architect AIA,500 Chestnut St,building_supply_store,0.988,https://www.google.com/search?q=Diego%20Dennis%20Architect%20AIA%20500%20Chestnut%20St,
LibertyX Bitcoin ATM,1330 Pacific Ave,atms,0.981,https://www.google.com/search?q=LibertyX%20Bitcoin%20ATM%201330%20Pacific%20Ave,
Quiznos,1010 Pacific Ave Ste E,sandwich_shop,0.978,https://www.google.com/search?q=Quiznos%201010%20Pacific%20Ave%20Ste%20E,
The Buzz Sushi,1010 Pacific Ave Ste F,sushi_restaurant,0.958,https://www.google.com/search?q=The%20Buzz%20Sushi%201010%20Pacific%20Ave%20Ste%20F,
Erik's DeliCafe,155 Walnut Ave,sandwich_shop,0.957,https://www.google.com/search?q=Erik's%20DeliCafe%20155%20Walnut%20Ave,
Tose Supply Co.,144 Walnut Ave Ste B,building_supply_store,0.931,https://www.google.com/search?q=Tose%20Supply%20Co.%20144%20Walnut%20Ave%20Ste%20B,
Assembly,1108 Pacific Ave,american_restaurant,0.908,https://www.google.com/search?q=Assembly%201108%20Pacific%20Ave,
Milk & Wood,725 Front St,desserts,0.906,https://www.google.com/search?q=Milk%20&%20Wood%20725%20Front%20St,
Center Street Grill,1001 Center St,american_restaurant,0.853,https://www.google.com/search?q=Center%20Street%20Grill%201001%20Center%20St,
99 Bottles of Beer on the Wall,110 Walnut Ave,bar,0.849,https://www.google.com/search?q=99%20Bottles%20of%20Beer%20on%20the%20Wall%20110%20Walnut%20Ave,
all about theatre,325 Washington St,country_dance_hall,0.847,https://www.google.com/search?q=all%20about%20theatre%20325%20Washington%20St,
The Sandwich Spot Santa Cruz,1010 Pacific Ave Ste E,sandwich_shop,0.819,https://www.google.com/search?q=The%20Sandwich%20Spot%20Santa%20Cruz%201010%20Pacific%20Ave%20Ste%20E,
Mr. Beast Burger,229 Laurel St,restaurant,0.819,https://www.google.com/search?q=Mr.%20Beast%20Burger%20229%20Laurel%20St,
Oswald Restaurant,121 Soquel Ave,american_restaurant,0.812,https://www.google.com/search?q=Oswald%20Restaurant%20121%20Soquel%20Ave,
Marini's Candies,1308 Pacific Ave,desserts,0.787,https://www.google.com/search?q=Marini's%20Candies%201308%20Pacific%20Ave,
Cafe Mare,740 Front St Ste 100,italian_restaurant,0.774,https://www.google.com/search?q=Cafe%20Mare%20740%20Front%20St%20Ste%20100,
Falafel House Downtown,113 Walnut Ave,falafel_restaurant,0.763,https://www.google.com/search?q=Falafel%20House%20Downtown%20113%20Walnut%20Ave,
Press Juices & Sandwiches,1520 Pacific Ave # K1,fast_food_restaurant,0.746,https://www.google.com/search?q=Press%20Juices%20&%20Sandwiches%201520%20Pacific%20Ave%20#%20K1,
Ty's Eatery,1001 Center St,fast_food_restaurant,0.746,https://www.google.com/search?q=Ty's%20Eatery%201001%20Center%20St,
Mad Yolks,1411 Pacific Ave,breakfast_and_brunch_restaurant,0.744,https://www.google.com/search?q=Mad%20Yolks%201411%20Pacific%20Ave,
Fusion,110 Pearl Aly,bar,0.744,https://www.google.com/search?q=Fusion%20110%20Pearl%20Aly,
Surfrider Cafe,429 Front St,burger_restaurant,0.743,https://www.google.com/search?q=Surfrider%20Cafe%20429%20Front%20St,
Lee's Sandwich Shop,1101 Pacific Ave,sandwich_shop,0.743,https://www.google.com/search?q=Lee's%20Sandwich%20Shop%201101%20Pacific%20Ave,
Bad Ass Coffee Co.,1207 Pacific Ave,coffee_shop,0.716,https://www.google.com/search?q=Bad%20Ass%20Coffee%20Co.%201207%20Pacific%20Ave,
Barceloneta,1541 Pacific Ave Ste B,spanish_restaurant,0.712,https://www.google.com/search?q=Barceloneta%201541%20Pacific%20Ave%20Ste%20B,
Baja Fresh,1133 Pacific Ave,mexican_restaurant,0.709,https://www.google.com/search?q=Baja%20Fresh%201133%20Pacific%20Ave,
Mumbai Delights,810 Pacific Ave,indian_restaurant,0.699,https://www.google.com/search?q=Mumbai%20Delights%20810%20Pacific%20Ave,
Caffe Pergolesi,418 Cedar St.,coffee_shop,0.699,https://www.google.com/search?q=Caffe%20Pergolesi%20418%20Cedar%20St.,
Salty Otter,110 Walnut Ave,pub,0.685,https://www.google.com/search?q=Salty%20Otter%20110%20Walnut%20Ave,
The Reef,120 Union St,bar,0.685,https://www.google.com/search?q=The%20Reef%20120%20Union%20St,
Cafe Limelight,1016 Cedar St,sandwich_shop,0.684,https://www.google.com/search?q=Cafe%20Limelight%201016%20Cedar%20St,
Costa Brava,1222 Pacific Ave,restaurant,0.654,https://www.google.com/search?q=Costa%20Brava%201222%20Pacific%20Ave,
Imarc,111 Cooper St,financial_service,0.643,https://www.google.com/search?q=Imarc%20111%20Cooper%20St,
Pour Taproom,110 Cooper St,beer_bar,0.637,https://www.google.com/search?q=Pour%20Taproom%20110%20Cooper%20St,
Body & Soul Yoga Studio,738 Chestnut St,yoga_studio,0.636,https://www.google.com/search?q=Body%20&%20Soul%20Yoga%20Studio%20738%20Chestnut%20St,
Little Shanghai,1010 Cedar St,chinese_restaurant,0.626,https://www.google.com/search?q=Little%20Shanghai%201010%20Cedar%20St,
The Red Room,1003 Cedar St,bar,0.62,https://www.google.com/search?q=The%20Red%20Room%201003%20Cedar%20St,
Pacific Thai Santa Cruz,1319 Pacific Ave,thai_restaurant,0.614,https://www.google.com/search?q=Pacific%20Thai%20Santa%20Cruz%201319%20Pacific%20Ave,
Tanglewood,1001 Center St,restaurant,0.603,https://www.google.com/search?q=Tanglewood%201001%20Center%20St,
Mane Kitchen & Cocktails,1222 Pacific Ave,restaurant,0.603,https://www.google.com/search?q=Mane%20Kitchen%20&%20Cocktails%201222%20Pacific%20Ave,
Queen of All Trades,101 Cooper St,advertising_agency,0.602,https://www.google.com/search?q=Queen%20of%20All%20Trades%20101%20Cooper%20St,
Apollo Roofing Company,1414 Soquel Ave Ste 214,roofing,0.596,https://www.google.com/search?q=Apollo%20Roofing%20Company%201414%20Soquel%20Ave%20Ste%20214,
Santa Cruz Pawn,765 Cedar St Ste 101,pawn_shop,0.595,https://www.google.com/search?q=Santa%20Cruz%20Pawn%20765%20Cedar%20St%20Ste%20101,
All Aboard,725 Front St Ste 108,seafood_restaurant,0.584,https://www.google.com/search?q=All%20Aboard%20725%20Front%20St%20Ste%20108,
Tampico Kitchen & Lounge,822 Pacific Ave,mexican_restaurant,0.582,https://www.google.com/search?q=Tampico%20Kitchen%20&%20Lounge%20822%20Pacific%20Ave,
Cafe La Vie,429 Front St,fast_food_restaurant,0.581,https://www.google.com/search?q=Cafe%20La%20Vie%20429%20Front%20St,
Jed Traders,703 Front St,clothing_store,0.572,https://www.google.com/search?q=Jed%20Traders%20703%20Front%20St,
Gilman Brewing Company Santa Cruz,817 Soquel Ave,brewery,0.559,https://www.google.com/search?q=Gilman%20Brewing%20Company%20Santa%20Cruz%20817%20Soquel%20Ave,
Wave Crest Development,530 Chestnut St,real_estate_agent,0.557,https://www.google.com/search?q=Wave%20Crest%20Development%20530%20Chestnut%20St,
Mutari Craft Chocolate House,"504 Front St Suite A, Santa Cruz, CA 95060-4506",chocolatier,0.547,"https://www.google.com/search?q=Mutari%20Craft%20Chocolate%20House%20504%20Front%20St%20Suite%20A,%20Santa%20Cruz,%20CA%2095060-4506",
Thrift Center,521 Front St,antique_store,0.545,https://www.google.com/search?q=Thrift%20Center%20521%20Front%20St,
Chubbs Chicken Sandwiches,766 Chestnut Street,chicken_restaurant,0.542,https://www.google.com/search?q=Chubbs%20Chicken%20Sandwiches%20766%20Chestnut%20Street,
Cat’s Meow,104 Lincoln St,antique_store,0.54,https://www.google.com/search?q=Cat’s%20Meow%20104%20Lincoln%20St,
Serpent's Kiss,703 Pacific Ave,antique_store,0.54,https://www.google.com/search?q=Serpent's%20Kiss%20703%20Pacific%20Ave,
Motherlode,1101 Pacific Ave,antique_store,0.537,https://www.google.com/search?q=Motherlode%201101%20Pacific%20Ave,
Poke House,1543 Pacific Ave,hawaiian_restaurant,0.533,https://www.google.com/search?q=Poke%20House%201543%20Pacific%20Ave,
Oyuki Sushi Peruvian & Japanese Fusion,1010 Pacific Ave,sushi_restaurant,0.525,https://www.google.com/search?q=Oyuki%20Sushi%20Peruvian%20&%20Japanese%20Fusion%201010%20Pacific%20Ave,
Saucony,1017 Pacific Ave,shoe_store,0.513,https://www.google.com/search?q=Saucony%201017%20Pacific%20Ave,
The Del Mar Theatre,1124 Pacific Ave,cinema,0.513,https://www.google.com/search?q=The%20Del%20Mar%20Theatre%201124%20Pacific%20Ave,
Eco Goods,1130 Pacific Ave,clothing_store,0.479,https://www.google.com/search?q=Eco%20Goods%201130%20Pacific%20Ave,
Cat Cloud Companion,705 Front St,coffee_shop,0.471,https://www.google.com/search?q=Cat%20Cloud%20Companion%20705%20Front%20St,
Hoffman's Bistro & Patisserie,1102 Pacific Ave,breakfast_and_brunch_restaurant,0.469,https://www.google.com/search?q=Hoffman's%20Bistro%20&%20Patisserie%201102%20Pacific%20Ave,
Hoffman's: Bistro & Patisserie,1102 Pacific Ave,breakfast_and_brunch_restaurant,0.469,https://www.google.com/search?q=Hoffman's:%20Bistro%20&%20Patisserie%201102%20Pacific%20Ave,
Verve Coffee Roasters,1540 Pacific Ave,coffee_shop,0.468,https://www.google.com/search?q=Verve%20Coffee%20Roasters%201540%20Pacific%20Ave,
Childish Toy Shop,1122 Pacific Ave,toy_store,0.441,https://www.google.com/search?q=Childish%20Toy%20Shop%201122%20Pacific%20Ave,
CORNER STORE,335 Mission St,convenience_store,0.436,https://www.google.com/search?q=CORNER%20STORE%20335%20Mission%20St,
George J Gigarjian Attorney at Law,108 Locust St Ste 13,legal_services,0.421,https://www.google.com/search?q=George%20J%20Gigarjian%20Attorney%20at%20Law%20108%20Locust%20St%20Ste%2013,
The Asti,715 Pacific Ave,dive_bar,0.411,https://www.google.com/search?q=The%20Asti%20715%20Pacific%20Ave,
Wallflower,103 Locust St,retail,0.402,https://www.google.com/search?q=Wallflower%20103%20Locust%20St,
Taqueria Jalapeños,206 Laurel St,mexican_restaurant,0.397,https://www.google.com/search?q=Taqueria%20Jalapeños%20206%20Laurel%20St,
yarn shop santa cruz,765 Cedar St,arts_and_crafts,0.378,https://www.google.com/search?q=yarn%20shop%20santa%20cruz%20765%20Cedar%20St,
Glow Candle Lounge,1101 Pacific Ave,arts_and_crafts,0.378,https://www.google.com/search?q=Glow%20Candle%20Lounge%201101%20Pacific%20Ave,
Louie's Cajun Kitchen & Bourbon Bar,110 Church St,bar,0.378,https://www.google.com/search?q=Louie's%20Cajun%20Kitchen%20&%20Bourbon%20Bar%20110%20Church%20St,
The True Olive Connection,106 Lincoln St,restaurant,0.377,https://www.google.com/search?q=The%20True%20Olive%20Connection%20106%20Lincoln%20St,
Pop Up,1108 Pacific Avenue,restaurant,0.377,https://www.google.com/search?q=Pop%20Up%201108%20Pacific%20Avenue,
The Homeless Garden Project Store,30 W Cliff Dr,gift_shop,0.375,https://www.google.com/search?q=The%20Homeless%20Garden%20Project%20Store%2030%20W%20Cliff%20Dr,
Record Nations,525 Laurel St Ste 125,business_office_supplies_and_stationery,0.358,https://www.google.com/search?q=Record%20Nations%20525%20Laurel%20St%20Ste%20125,
The Hat Co.,1346 Pacific Ave,clothing_store,0.351,https://www.google.com/search?q=The%20Hat%20Co.%201346%20Pacific%20Ave,
"Silva Injury Law, Inc.",903 Pacific Ave #301,legal_services,0.342,"https://www.google.com/search?q=Silva%20Injury%20Law,%20Inc.%20903%20Pacific%20Ave%20#301",
Azhar Hair Design,507 Cedar St,hair_salon,0.333,https://www.google.com/search?q=Azhar%20Hair%20Design%20507%20Cedar%20St,
Debra Cady Hair Designer,740 Front St Suite 110,hair_salon,0.333,https://www.google.com/search?q=Debra%20Cady%20Hair%20Designer%20740%20Front%20St%20Suite%20110,
Rare Bird Salon,227 Cathcart St,hair_salon,0.333,https://www.google.com/search?q=Rare%20Bird%20Salon%20227%20Cathcart%20St,
Lahina's Hair Studio,1021 Center St,hair_salon,0.333,https://www.google.com/search?q=Lahina's%20Hair%20Studio%201021%20Center%20St,
Union Grove Music,1003 Pacific Ave,music_and_dvd_store,0.287,https://www.google.com/search?q=Union%20Grove%20Music%201003%20Pacific%20Ave,
fungus fair,301 Center St,science_museum,0.283,https://www.google.com/search?q=fungus%20fair%20301%20Center%20St,
Kumon Math and Reading Center of Santa Cruz,189 Walnut Ave,education,0.274,https://www.google.com/search?q=Kumon%20Math%20and%20Reading%20Center%20of%20Santa%20Cruz%20189%20Walnut%20Ave,
Quickly,1010 Pacific Ave,bubble_tea,0.247,https://www.google.com/search?q=Quickly%201010%20Pacific%20Ave,
SEIU Santa Cruz,Mission Street,corporate_office,0.242,https://www.google.com/search?q=SEIU%20Santa%20Cruz%20Mission%20Street,
Dunbar & Craig Land Surveys,1011 Cedar St,land_surveying,0.24,https://www.google.com/search?q=Dunbar%20&%20Craig%20Land%20Surveys%201011%20Cedar%20St,
Vickie,625 Center St,hair_salon,0.236,https://www.google.com/search?q=Vickie%20625%20Center%20St,
Cafe Mare Italian Restaurant,740 Front St Ste 100,seafood_restaurant,0.236,https://www.google.com/search?q=Cafe%20Mare%20Italian%20Restaurant%20740%20Front%20St%20Ste%20100,
Regal Santa Cruz,1405 Pacific Ave,cinema,0.229,https://www.google.com/search?q=Regal%20Santa%20Cruz%201405%20Pacific%20Ave,
Artisans Gallery,1368 Pacific Ave,art_gallery,0.226,https://www.google.com/search?q=Artisans%20Gallery%201368%20Pacific%20Ave,
Taco Bell,802 Pacific Ave,taco_restaurant,0.224,https://www.google.com/search?q=Taco%20Bell%20802%20Pacific%20Ave,
Santa Cruz Motorsports Inc.,211 Cedar St,automotive_repair,0.223,https://www.google.com/search?q=Santa%20Cruz%20Motorsports%20Inc.%20211%20Cedar%20St,
Holiday Muffler And Brake,309 Front St,automotive_repair,0.223,https://www.google.com/search?q=Holiday%20Muffler%20And%20Brake%20309%20Front%20St,
Bike Church,703 Pacific Ave,bicycle_shop,0.207,https://www.google.com/search?q=Bike%20Church%20703%20Pacific%20Ave,
Bubble Lounge,Pacific,boutique,0.199,https://www.google.com/search?q=Bubble%20Lounge%20Pacific,
Planet Fresh Gourmet Burritos,1003 Cedar St,mexican_restaurant,0.199,https://www.google.com/search?q=Planet%20Fresh%20Gourmet%20Burritos%201003%20Cedar%20St,
The Lotus Collaborative,701 Mission St,medical_center,0.194,https://www.google.com/search?q=The%20Lotus%20Collaborative%20701%20Mission%20St,
Kaiser Santa Cruz,115 Locust St,medical_center,0.194,https://www.google.com/search?q=Kaiser%20Santa%20Cruz%20115%20Locust%20St,
Hetherington Margaret Pt,517 Mission St Ste D,physical_therapy,0.194,https://www.google.com/search?q=Hetherington%20Margaret%20Pt%20517%20Mission%20St%20Ste%20D,
The Treehouse,108 LINCOLN AVE,corporate_office,0.192,https://www.google.com/search?q=The%20Treehouse%20108%20LINCOLN%20AVE,
Mission Hill Jr High,425 King St,education,0.183,https://www.google.com/search?q=Mission%20Hill%20Jr%20High%20425%20King%20St,
Taylor Property Management,118 Pearl Aly Ste C,real_estate_agent,0.172,https://www.google.com/search?q=Taylor%20Property%20Management%20118%20Pearl%20Aly%20Ste%20C,
Front Street Parking Garage,701-703 Front St,parking,0.172,https://www.google.com/search?q=Front%20Street%20Parking%20Garage%20701-703%20Front%20St,
Santa Cruz Parking Office,124 Locust St,parking,0.172,https://www.google.com/search?q=Santa%20Cruz%20Parking%20Office%20124%20Locust%20St,
Chronic Logic,501 Mission St Ste 6,it_service_and_computer_repair,0.163,https://www.google.com/search?q=Chronic%20Logic%20501%20Mission%20St%20Ste%206,
Nanda on Pacific,1457 Pacific Avenue,condominium,0.161,https://www.google.com/search?q=Nanda%20on%20Pacific%201457%20Pacific%20Avenue,
Kaiwa Art and Play Space,185 Walnut Ave,education,0.154,https://www.google.com/search?q=Kaiwa%20Art%20and%20Play%20Space%20185%20Walnut%20Ave,
Starbucks,1335 Pacific Ave,coffee_shop,0.146,https://www.google.com/search?q=Starbucks%201335%20Pacific%20Ave,
"Leilani Jefferies, LCSW",501 Mission St Ste 100,social_and_human_services,0.141,"https://www.google.com/search?q=Leilani%20Jefferies,%20LCSW%20501%20Mission%20St%20Ste%20100",
Zachary's Restaurant,819 Pacific Ave,coffee_shop,0.14,https://www.google.com/search?q=Zachary's%20Restaurant%20819%20Pacific%20Ave,
Jalapeños Taqueria,206 Laurel St,taco_restaurant,0.139,https://www.google.com/search?q=Jalapeños%20Taqueria%20206%20Laurel%20St,
Metropolitan Market,920 Pacific Ave Ste 14,grocery_store,0.137,https://www.google.com/search?q=Metropolitan%20Market%20920%20Pacific%20Ave%20Ste%2014,
Garver Mark A Attorney at Law,331 Soquel Ave Ste 201,legal_services,0.136,https://www.google.com/search?q=Garver%20Mark%20A%20Attorney%20at%20Law%20331%20Soquel%20Ave%20Ste%20201,
Pacific Dry Cleaners,511 Cedar St,laundry_services,0.135,https://www.google.com/search?q=Pacific%20Dry%20Cleaners%20511%20Cedar%20St,
Legs,1517 Pacific Ave,lingerie_store,0.133,https://www.google.com/search?q=Legs%201517%20Pacific%20Ave,
The Literary Guillotine,204 Locust St,academic_bookstore,0.127,https://www.google.com/search?q=The%20Literary%20Guillotine%20204%20Locust%20St,
Sandra Hill Fiduciary,740 Front St Ste 210,financial_advising,0.126,https://www.google.com/search?q=Sandra%20Hill%20Fiduciary%20740%20Front%20St%20Ste%20210,
Lairds Academy Of Martial Arts Santa Cruz,"175 Walnut Ave Ste C, Santa Cruz, CA 95060",martial_arts_club,0.123,"https://www.google.com/search?q=Lairds%20Academy%20Of%20Martial%20Arts%20Santa%20Cruz%20175%20Walnut%20Ave%20Ste%20C,%20Santa%20Cruz,%20CA%2095060",
W Plus W Designs,735 Chestnut St Ste A,web_designer,0.123,https://www.google.com/search?q=W%20Plus%20W%20Designs%20735%20Chestnut%20St%20Ste%20A,
Looker Data Sciences,101 Church St Fl 4,corporate_office,0.121,https://www.google.com/search?q=Looker%20Data%20Sciences%20101%20Church%20St%20Fl%204,
Pacific Coast Integrative Health,1595 38th Ave,doctor,0.119,https://www.google.com/search?q=Pacific%20Coast%20Integrative%20Health%201595%2038th%20Ave,
Salon On The Square,110 Cooper St Ste 100E,hair_salon,0.117,https://www.google.com/search?q=Salon%20On%20The%20Square%20110%20Cooper%20St%20Ste%20100E,
"Don W. Larson, DDS",916 Center St,dentist,0.114,"https://www.google.com/search?q=Don%20W.%20Larson,%20DDS%20916%20Center%20St",
Thermal Body Scan Santa Cruz,740 Front St Ste 335,public_health_clinic,0.111,https://www.google.com/search?q=Thermal%20Body%20Scan%20Santa%20Cruz%20740%20Front%20St%20Ste%20335,
Santa Cruz Thread,605 Front St,hair_salon,0.11,https://www.google.com/search?q=Santa%20Cruz%20Thread%20605%20Front%20St,
Habitat For Humanity,1007 Cedar St,social_and_human_services,0.094,https://www.google.com/search?q=Habitat%20For%20Humanity%201007%20Cedar%20St,
Coast Concrete,5940 Soquel Ave,contractor,0.094,https://www.google.com/search?q=Coast%20Concrete%205940%20Soquel%20Ave,
Farmers Insurance - Michael Baxter,730 Mission St Ste 201 Ste 201,insurance_agency,0.093,https://www.google.com/search?q=Farmers%20Insurance%20-%20Michael%20Baxter%20730%20Mission%20St%20Ste%20201%20Ste%20201,
Betty's Eat Inn,1222 Pacific Ave,burger_restaurant,0.093,https://www.google.com/search?q=Betty's%20Eat%20Inn%201222%20Pacific%20Ave,
Peet's Coffee & Tea,1409 Pacific Ave,coffee_shop,0.093,https://www.google.com/search?q=Peet's%20Coffee%20&%20Tea%201409%20Pacific%20Ave,
TriYoga Center Santa Cruz,708 Washington St,community_services_non_profits,0.088,https://www.google.com/search?q=TriYoga%20Center%20Santa%20Cruz%20708%20Washington%20St,
Moon Zooom,813 Pacific Ave,costume_store,0.086,https://www.google.com/search?q=Moon%20Zooom%20813%20Pacific%20Ave,
Pacific Garden Mall,Pacific St,shopping_center,0.085,https://www.google.com/search?q=Pacific%20Garden%20Mall%20Pacific%20St,
Cafe Gratitude,103 Lincoln St,smoothie_juice_bar,0.085,https://www.google.com/search?q=Cafe%20Gratitude%20103%20Lincoln%20St,
"A. Gavin McClure, DDS",525 Center St,dentist,0.083,"https://www.google.com/search?q=A.%20Gavin%20McClure,%20DDS%20525%20Center%20St",
Chiorini Hunt & Jacobs,901 Center St,corporate_office,0.08,https://www.google.com/search?q=Chiorini%20Hunt%20&%20Jacobs%20901%20Center%20St,
Verizon,110 Cooper St Ste 100a,electronics,0.076,https://www.google.com/search?q=Verizon%20110%20Cooper%20St%20Ste%20100a,
Friends-Santa Cruz Public Libr,224 Church St,community_services_non_profits,0.075,https://www.google.com/search?q=Friends-Santa%20Cruz%20Public%20Libr%20224%20Church%20St,
SubRosa Anarchist Café,703 Pacific Ave,community_center,0.073,https://www.google.com/search?q=SubRosa%20Anarchist%20Café%20703%20Pacific%20Ave,
Insomnia Cookies,"1010 Pacific Ave, Suites C&D Santa Cruz",desserts,0.071,"https://www.google.com/search?q=Insomnia%20Cookies%201010%20Pacific%20Ave,%20Suites%20C&D%20Santa%20Cruz",
Bonesio Liquors,801 Pacific Ave,liquor_store,0.069,https://www.google.com/search?q=Bonesio%20Liquors%20801%20Pacific%20Ave,
"Downtown Office, Palo Alto Medical Foundation",115 Locust St,doctor,0.069,"https://www.google.com/search?q=Downtown%20Office,%20Palo%20Alto%20Medical%20Foundation%20115%20Locust%20St",
Oswald Restaurant,121 Soquel Ave,american_restaurant,0.068,https://www.google.com/search?q=Oswald%20Restaurant%20121%20Soquel%20Ave,
Chocolate on Pacific,1522 Pacific Ave,american_restaurant,0.068,https://www.google.com/search?q=Chocolate%20on%20Pacific%201522%20Pacific%20Ave,
PedX Courier & Cargo,703 Pacific Ave,freight_and_cargo_service,0.066,https://www.google.com/search?q=PedX%20Courier%20&%20Cargo%20703%20Pacific%20Ave,
Agile Monkey Pilates Studio,121 Walnut Ave,pilates_studio,0.062,https://www.google.com/search?q=Agile%20Monkey%20Pilates%20Studio%20121%20Walnut%20Ave,
Village Yoga,,yoga_studio,0.051,https://www.google.com/search?q=Village%20Yoga%20,
lululemon,1531 Pacific Ave,sports_wear,0.051,https://www.google.com/search?q=lululemon%201531%20Pacific%20Ave,
DELL WILLIAMS JEWELERS INC.,1320 Pacific Ave,jewelry_store,0.049,https://www.google.com/search?q=DELL%20WILLIAMS%20JEWELERS%20INC.%201320%20Pacific%20Ave,
Search Strategy Marketing,,business,0.049,https://www.google.com/search?q=Search%20Strategy%20Marketing%20,
Shaffer & Associates - Wayne Shaffer Real Estate,825 Cedar St,real_estate_agent,0.048,https://www.google.com/search?q=Shaffer%20&%20Associates%20-%20Wayne%20Shaffer%20Real%20Estate%20825%20Cedar%20St,
Mattress Nation - Santa Cruz,1101 Pacific Ave Ste F,retail,0.044,https://www.google.com/search?q=Mattress%20Nation%20-%20Santa%20Cruz%201101%20Pacific%20Ave%20Ste%20F,
Mattress Nation - Santa Cruz,1101 Pacific Ave Ste F,retail,0.044,https://www.google.com/search?q=Mattress%20Nation%20-%20Santa%20Cruz%201101%20Pacific%20Ave%20Ste%20F,
Aloha Fridays at Pono,120 Union St,wine_bar,0.044,https://www.google.com/search?q=Aloha%20Fridays%20at%20Pono%20120%20Union%20St,
Coldwell Banker Realty,824 Mission St Ste B,real_estate_agent,0.043,https://www.google.com/search?q=Coldwell%20Banker%20Realty%20824%20Mission%20St%20Ste%20B,
Redbox,602 Laurel St,video_and_video_game_rentals,0.043,https://www.google.com/search?q=Redbox%20602%20Laurel%20St,
The Blue Lagoon,923 Pacific Ave,bar,0.041,https://www.google.com/search?q=The%20Blue%20Lagoon%20923%20Pacific%20Ave,
Betty Noodles,431 Front St,restaurant,0.039,https://www.google.com/search?q=Betty%20Noodles%20431%20Front%20St,
Cruz Kitchen & Taps,145 Laurel St,restaurant,0.039,https://www.google.com/search?q=Cruz%20Kitchen%20&%20Taps%20145%20Laurel%20St,
SURF CITY KITCHEN,110 Cooper St Ste B,restaurant,0.039,https://www.google.com/search?q=SURF%20CITY%20KITCHEN%20110%20Cooper%20St%20Ste%20B,
Santa Cruz local foods,,asian_restaurant,0.037,https://www.google.com/search?q=Santa%20Cruz%20local%20foods%20,
Jack's Hamburgers,202 Lincoln St,burger_restaurant,0.036,https://www.google.com/search?q=Jack's%20Hamburgers%20202%20Lincoln%20St,
Belly Goat Beef Burgers,725 Front St,burger_restaurant,0.036,https://www.google.com/search?q=Belly%20Goat%20Beef%20Burgers%20725%20Front%20St,
Santa Cruz Gear Exchange,1306 Pacific Ave,outdoor_gear,0.035,https://www.google.com/search?q=Santa%20Cruz%20Gear%20Exchange%201306%20Pacific%20Ave,
Christie's International Real Estate Sereno - Santa Cruz Office,720 Front Street,real_estate_agent,0.035,https://www.google.com/search?q=Christie's%20International%20Real%20Estate%20Sereno%20-%20Santa%20Cruz%20Office%20720%20Front%20Street,
St GEORGE,833 Front St,real_estate_service,0.034,https://www.google.com/search?q=St%20GEORGE%20833%20Front%20St,
7-Eleven,602 Laurel St,convenience_store,0.031,https://www.google.com/search?q=7-Eleven%20602%20Laurel%20St,
Club Cruz Volleyball,877 Cedar St Ste 150,volleyball_club,0.031,https://www.google.com/search?q=Club%20Cruz%20Volleyball%20877%20Cedar%20St%20Ste%20150,
Sushi Mori,429 Front St,sushi_restaurant,0.031,https://www.google.com/search?q=Sushi%20Mori%20429%20Front%20St,
De La Hacienda Taqueria,354 Washington St,mexican_restaurant,0.03,https://www.google.com/search?q=De%20La%20Hacienda%20Taqueria%20354%20Washington%20St,
Studio 501,224 Walnut Ave,art_school,0.03,https://www.google.com/search?q=Studio%20501%20224%20Walnut%20Ave,
Realm,1526 Pacific Ave,clothing_store,0.03,https://www.google.com/search?q=Realm%201526%20Pacific%20Ave,
"Stewart Title of California, Inc. - South Bay Santa Cruz","1541 Pacific Ave, D",home_and_rental_insurance,0.028,"https://www.google.com/search?q=Stewart%20Title%20of%20California,%20Inc.%20-%20South%20Bay%20Santa%20Cruz%201541%20Pacific%20Ave,%20D",
Woodstock's Pizza Santa Cruz,710 Front St,gluten_free_restaurant,0.028,https://www.google.com/search?q=Woodstock's%20Pizza%20Santa%20Cruz%20710%20Front%20St,
Talent Fund,780 Main St,employment_agencies,0.028,https://www.google.com/search?q=Talent%20Fund%20780%20Main%20St,
Arslans Turkish Street Food,113 Walnut Ave,turkish_restaurant,0.027,https://www.google.com/search?q=Arslans%20Turkish%20Street%20Food%20113%20Walnut%20Ave,
Roots & Luxury Tailored Event Rentals,11 Meyer Dr,party_and_event_planning,0.026,https://www.google.com/search?q=Roots%20&%20Luxury%20Tailored%20Event%20Rentals%2011%20Meyer%20Dr,
Crossroads Trading,811 Pacific Ave,t_shirt_store,0.025,https://www.google.com/search?q=Crossroads%20Trading%20811%20Pacific%20Ave,
Hospitality Staffing Solutions,212 Laurel St Ste 200,employment_agencies,0.025,https://www.google.com/search?q=Hospitality%20Staffing%20Solutions%20212%20Laurel%20St%20Ste%20200,
MANPOWER,101 Cooper St Ste 201,employment_agencies,0.025,https://www.google.com/search?q=MANPOWER%20101%20Cooper%20St%20Ste%20201,
NahNa | Modern Eritrean Food,1520 Pacific Ave,african_restaurant,0.025,https://www.google.com/search?q=NahNa%20|%20Modern%20Eritrean%20Food%201520%20Pacific%20Ave,
Blue Rhino,335 Mission St,propane_supplier,0.024,https://www.google.com/search?q=Blue%20Rhino%20335%20Mission%20St,
Imagineer Design,841 Cedar St,real_estate_photography,0.024,https://www.google.com/search?q=Imagineer%20Design%20841%20Cedar%20St,
After Hours Cocktail Bar,1001 Center St,cocktail_bar,0.024,https://www.google.com/search?q=After%20Hours%20Cocktail%20Bar%201001%20Center%20St,
Alderwood Santa Cruz,155 Walnut Ave,restaurant,0.022,https://www.google.com/search?q=Alderwood%20Santa%20Cruz%20155%20Walnut%20Ave,
Mobile Kangaroo - Apple Authorized iPhone & Mac Repair,740 Front St Ste 140,mobile_phone_repair,0.022,https://www.google.com/search?q=Mobile%20Kangaroo%20-%20Apple%20Authorized%20iPhone%20&%20Mac%20Repair%20740%20Front%20St%20Ste%20140,
Allied Universal® Security Services,1200 Pacific Ave Ste 235,security_services,0.022,https://www.google.com/search?q=Allied%20Universal®%20Security%20Services%201200%20Pacific%20Ave%20Ste%20235,
Ulterior,110 Pearl Aly,cocktail_bar,0.021,https://www.google.com/search?q=Ulterior%20110%20Pearl%20Aly,
Daisuki Octagon Sushi,118 Cooper St,sushi_restaurant,0.021,https://www.google.com/search?q=Daisuki%20Octagon%20Sushi%20118%20Cooper%20St,
Hidden Peak Teahouse,1541 Pacific Ave,tea_room,0.021,https://www.google.com/search?q=Hidden%20Peak%20Teahouse%201541%20Pacific%20Ave,
Shogun Japanese Restaurant,1123 Pacific Ave,japanese_restaurant,0.021,https://www.google.com/search?q=Shogun%20Japanese%20Restaurant%201123%20Pacific%20Ave,
Oyuki Sushi & Peruvian Cuisine,1010 Pacific Ave,sushi_restaurant,0.021,https://www.google.com/search?q=Oyuki%20Sushi%20&%20Peruvian%20Cuisine%201010%20Pacific%20Ave,
Mobo Sushi,105 S River St,sushi_restaurant,0.021,https://www.google.com/search?q=Mobo%20Sushi%20105%20S%20River%20St,
"Christina Lynn Gaunce, RDN (Registered Dietitian Nutritionist)",520 Mission St,nutritionist,0.021,"https://www.google.com/search?q=Christina%20Lynn%20Gaunce,%20RDN%20(Registered%20Dietitian%20Nutritionist)%20520%20Mission%20St",
The Buzz sushi,1005 Cedar St,sushi_restaurant,0.021,https://www.google.com/search?q=The%20Buzz%20sushi%201005%20Cedar%20St,
So Fresh Clothing,911 Cedar St,clothing_store,0.02,https://www.google.com/search?q=So%20Fresh%20Clothing%20911%20Cedar%20St,
Zachary's Restaurant,819 Pacific Ave,restaurant,0.02,https://www.google.com/search?q=Zachary's%20Restaurant%20819%20Pacific%20Ave,
Mozaic,110 Church St,mediterranean_restaurant,0.02,https://www.google.com/search?q=Mozaic%20110%20Church%20St,
ATM 7ELEVEN-FCTI,602 LAUREL ST,atms,0.019,https://www.google.com/search?q=ATM%207ELEVEN-FCTI%20602%20LAUREL%20ST,
Laili Restaurant,101 Cooper St,mediterranean_restaurant,0.019,https://www.google.com/search?q=Laili%20Restaurant%20101%20Cooper%20St,
Santa Cruz Eco Green Cleaning,PO Box 1375,home_cleaning,0.019,https://www.google.com/search?q=Santa%20Cruz%20Eco%20Green%20Cleaning%20PO%20Box%201375,
Kiantis Pizza and Pasta Bar,1100 Pacific Ave,italian_restaurant,0.018,https://www.google.com/search?q=Kiantis%20Pizza%20and%20Pasta%20Bar%201100%20Pacific%20Ave,
Forever 21,1200 Pacific Ave,clothing_store,0.017,https://www.google.com/search?q=Forever%2021%201200%20Pacific%20Ave,
Asti,715 Pacific Ave,restaurant,0.017,https://www.google.com/search?q=Asti%20715%20Pacific%20Ave,
IT'SUGAR,110 Cooper St,candy_store,0.017,https://www.google.com/search?q=IT'SUGAR%20110%20Cooper%20St,
Kuumbwa Jazz Center,320 Cedar St,jazz_and_blues,0.017,https://www.google.com/search?q=Kuumbwa%20Jazz%20Center%20320%20Cedar%20St,
Hanloh ฮัลโหล,1011 Cedar St,thai_restaurant,0.017,https://www.google.com/search?q=Hanloh%20ฮัลโหล%201011%20Cedar%20St,
Oblò Cocktails & Kitchen,740 Front St,cocktail_bar,0.017,https://www.google.com/search?q=Oblò%20Cocktails%20&%20Kitchen%20740%20Front%20St,
515 Kitchen & Cocktails,515 Cedar St,cocktail_bar,0.017,https://www.google.com/search?q=515%20Kitchen%20&%20Cocktails%20515%20Cedar%20St,
Front & Cooper,725 Front St,cocktail_bar,0.017,https://www.google.com/search?q=Front%20&%20Cooper%20725%20Front%20St,
Lulu Carpenter's,1545 Pacific Ave,coffee_shop,0.016,https://www.google.com/search?q=Lulu%20Carpenter's%201545%20Pacific%20Ave,
Sentinel Cafe,877 Cedar St,coffee_shop,0.016,https://www.google.com/search?q=Sentinel%20Cafe%20877%20Cedar%20St,
Western Union,335 Mission St,money_transfer_services,0.016,https://www.google.com/search?q=Western%20Union%20335%20Mission%20St,
Mandarin Gourmet,1010 Cedar St,chinese_restaurant,0.016,https://www.google.com/search?q=Mandarin%20Gourmet%201010%20Cedar%20St,
The WeHive,1011 Center St,wellness_program,0.016,https://www.google.com/search?q=The%20WeHive%201011%20Center%20St,
::The Box::,923 Pacific Ave,dance_club,0.016,https://www.google.com/search?q=::The%20Box::%20923%20Pacific%20Ave,
Santa Cruz Coffee Roasting,1330 Pacific Ave,coffee_shop,0.016,https://www.google.com/search?q=Santa%20Cruz%20Coffee%20Roasting%201330%20Pacific%20Ave,
Monster Pot,431 Front St,chinese_restaurant,0.016,https://www.google.com/search?q=Monster%20Pot%20431%20Front%20St,
State Farm Insurance,346 Union St #2,auto_insurance,0.016,https://www.google.com/search?q=State%20Farm%20Insurance%20346%20Union%20St%20#2,
World Cup Soccer Camps,323 Church St Ste 14,soccer_club,0.016,https://www.google.com/search?q=World%20Cup%20Soccer%20Camps%20323%20Church%20St%20Ste%2014,
76,335 Mission St,gas_station,0.015,https://www.google.com/search?q=76%20335%20Mission%20St,
Woodstock's Pizza Santa Cruz,710 Front St,pizza_restaurant,0.014,https://www.google.com/search?q=Woodstock's%20Pizza%20Santa%20Cruz%20710%20Front%20St,
Pizza My Heart,1116 Pacific Ave,pizza_restaurant,0.014,https://www.google.com/search?q=Pizza%20My%20Heart%201116%20Pacific%20Ave,
Lupulo Craft Beer House,233 Cathcart St,beer_bar,0.014,https://www.google.com/search?q=Lupulo%20Craft%20Beer%20House%20233%20Cathcart%20St,
Pizzeria La Bufala,725 Front St,pizza_restaurant,0.014,https://www.google.com/search?q=Pizzeria%20La%20Bufala%20725%20Front%20St,
Free People,1531 Pacific Ave,womens_clothing_store,0.014,https://www.google.com/search?q=Free%20People%201531%20Pacific%20Ave,
Nectar Creations,1325 Pacific Ave,clothing_store,0.014,https://www.google.com/search?q=Nectar%20Creations%201325%20Pacific%20Ave,
Berdels,1233 Pacific Ave,clothing_store,0.014,https://www.google.com/search?q=Berdels%201233%20Pacific%20Ave,
El Palomar,1336 Pacific Ave,mexican_restaurant,0.014,https://www.google.com/search?q=El%20Palomar%201336%20Pacific%20Ave,
Pleasure Pizza,1415 Pacific Ave,pizza_restaurant,0.014,https://www.google.com/search?q=Pleasure%20Pizza%201415%20Pacific%20Ave,
Taqueria Jalapenos,206 Laurel St,mexican_restaurant,0.014,https://www.google.com/search?q=Taqueria%20Jalapenos%20206%20Laurel%20St,
Soif Wine Bar & Merchants,105 Walnut Ave,wine_bar,0.014,https://www.google.com/search?q=Soif%20Wine%20Bar%20&%20Merchants%20105%20Walnut%20Ave,
Roto-Rooter,310 Locust St,plumbing,0.013,https://www.google.com/search?q=Roto-Rooter%20310%20Locust%20St,
Far West Fungi,224 Laurel St,cafe,0.013,https://www.google.com/search?q=Far%20West%20Fungi%20224%20Laurel%20St,
Sesame Korean Grill,435 Front St,korean_restaurant,0.013,https://www.google.com/search?q=Sesame%20Korean%20Grill%20435%20Front%20St,
Three Birds,1349 Pacific Ave,clothing_store,0.013,https://www.google.com/search?q=Three%20Birds%201349%20Pacific%20Ave,
Roxa Hammock Cafe,110 Cooper St,cafe,0.013,https://www.google.com/search?q=Roxa%20Hammock%20Cafe%20110%20Cooper%20St,
The Walnut Avenue Cafe,106 Walnut Ave,cafe,0.013,https://www.google.com/search?q=The%20Walnut%20Avenue%20Cafe%20106%20Walnut%20Ave,
The Redroom Cocktail Lounge,1003 Cedar St,cocktail_bar,0.013,https://www.google.com/search?q=The%20Redroom%20Cocktail%20Lounge%201003%20Cedar%20St,
Hook & Line,105 Walnut Ave,seafood_restaurant,0.013,https://www.google.com/search?q=Hook%20&%20Line%20105%20Walnut%20Ave,
Jedzebel,703 Front St,womens_clothing_store,0.013,https://www.google.com/search?q=Jedzebel%20703%20Front%20St,
Gabriella Cafe,910 Cedar St,cafe,0.013,https://www.google.com/search?q=Gabriella%20Cafe%20910%20Cedar%20St,
Stagnaro Bros. Seafood,320 Washington St,seafood_restaurant,0.013,https://www.google.com/search?q=Stagnaro%20Bros.%20Seafood%20320%20Washington%20St,
Santa Cruz County Actors' Theatre,1001 Center St,lounge,0.013,https://www.google.com/search?q=Santa%20Cruz%20County%20Actors'%20Theatre%201001%20Center%20St,
Mariposa Coffee Bar,1010 Pacific Ave,cafe,0.013,https://www.google.com/search?q=Mariposa%20Coffee%20Bar%201010%20Pacific%20Ave,
Cafe Delmarette,1126 Pacific Ave,cafe,0.013,https://www.google.com/search?q=Cafe%20Delmarette%201126%20Pacific%20Ave,
Yan Flower,617 Pacific Ave,chinese_restaurant,0.012,https://www.google.com/search?q=Yan%20Flower%20617%20Pacific%20Ave,
Pono Hawaiian Grill,120 Union St,hawaiian_restaurant,0.012,https://www.google.com/search?q=Pono%20Hawaiian%20Grill%20120%20Union%20St,
11th Hour Coffee,1001 Center St,coffee_shop,0.012,https://www.google.com/search?q=11th%20Hour%20Coffee%201001%20Center%20St,
FedEx Office Print & Ship Center,712 Front St,courier_and_delivery_services,0.012,https://www.google.com/search?q=FedEx%20Office%20Print%20&%20Ship%20Center%20712%20Front%20St,
Portal of Love,1535 Pacific Ave,clothing_store,0.012,https://www.google.com/search?q=Portal%20of%20Love%201535%20Pacific%20Ave,
MOTIV,1209 Pacific Ave,dance_club,0.012,https://www.google.com/search?q=MOTIV%201209%20Pacific%20Ave,
Ibiza,1541 Pacific Ave,mediterranean_restaurant,0.012,https://www.google.com/search?q=Ibiza%201541%20Pacific%20Ave,
Mission Hill Creamery,1101 Pacific Ave,ice_cream_shop,0.012,https://www.google.com/search?q=Mission%20Hill%20Creamery%201101%20Pacific%20Ave,
Nova Portable Toilet Rentals,335 Mission St,business_equipment_and_supply,0.012,https://www.google.com/search?q=Nova%20Portable%20Toilet%20Rentals%20335%20Mission%20St,
Fusion Fare Restaurant,1003 Cedar St,chinese_restaurant,0.012,https://www.google.com/search?q=Fusion%20Fare%20Restaurant%201003%20Cedar%20St,
Nut Kreations,104 Lincoln St,specialty_foods,0.012,https://www.google.com/search?q=Nut%20Kreations%20104%20Lincoln%20St,
Central Coast Juicery,111 Locust St,smoothie_juice_bar,0.012,https://www.google.com/search?q=Central%20Coast%20Juicery%20111%20Locust%20St,
Izzy's Ices,106 Lincoln St,ice_cream_shop,0.012,https://www.google.com/search?q=Izzy's%20Ices%20106%20Lincoln%20St,
Luma Yoga,1010 Center St,gym,0.012,https://www.google.com/search?q=Luma%20Yoga%201010%20Center%20St,
MeloMelo Kava Bar,1101 Pacific Ave,bar,0.011,https://www.google.com/search?q=MeloMelo%20Kava%20Bar%201101%20Pacific%20Ave,
Heartline Massage,115 Maple St,acupuncture,0.011,https://www.google.com/search?q=Heartline%20Massage%20115%20Maple%20St,
Miss Jessie May's,1533 Pacific Ave,flowers_and_gifts_shop,0.011,https://www.google.com/search?q=Miss%20Jessie%20May's%201533%20Pacific%20Ave,
"Francis Kuo, O.D.",346 Union St,optometrist,0.011,"https://www.google.com/search?q=Francis%20Kuo,%20O.D.%20346%20Union%20St",
Ecological Concerns Incorporated,609 Pacific Ave Ste 101,landscape_architect,0.01,https://www.google.com/search?q=Ecological%20Concerns%20Incorporated%20609%20Pacific%20Ave%20Ste%20101,
"Santa Cruz Family Therapy, PC",841 Cedar St,psychiatrist,0.01,"https://www.google.com/search?q=Santa%20Cruz%20Family%20Therapy,%20PC%20841%20Cedar%20St",
Kaiser Permanente Santa Cruz Medical Offices,110 Cooper St Ste 500,medical_center,0.01,https://www.google.com/search?q=Kaiser%20Permanente%20Santa%20Cruz%20Medical%20Offices%20110%20Cooper%20St%20Ste%20500,
All Night Pizza Santa Cruz,332 Union St,pizza_restaurant,0.01,https://www.google.com/search?q=All%20Night%20Pizza%20Santa%20Cruz%20332%20Union%20St,
Munch,719 Pacific Ave,cafe,0.01,https://www.google.com/search?q=Munch%20719%20Pacific%20Ave,
The KEY IOP,725 Front St Ste 206,cancer_treatment_center,0.01,https://www.google.com/search?q=The%20KEY%20IOP%20725%20Front%20St%20Ste%20206,
Luminous Healing Center,2125 Delaware Ave Ste A,psychotherapist,0.01,https://www.google.com/search?q=Luminous%20Healing%20Center%202125%20Delaware%20Ave%20Ste%20A,
Variance,1537 Pacific Ave,jewelry_store,0.01,https://www.google.com/search?q=Variance%201537%20Pacific%20Ave,
Pediatrics: Downtown Office (Santa Cruz): Palo Alto Medical Foundation,115 Locust St,medical_center,0.01,https://www.google.com/search?q=Pediatrics:%20Downtown%20Office%20(Santa%20Cruz):%20Palo%20Alto%20Medical%20Foundation%20115%20Locust%20St,
Pacific Square,1407 Pacific Ave,rental_services,0.01,https://www.google.com/search?q=Pacific%20Square%201407%20Pacific%20Ave,
Reactic Restoration,310 Locust St Ste C,fire_and_water_damage_restoration,0.01,https://www.google.com/search?q=Reactic%20Restoration%20310%20Locust%20St%20Ste%20C,
Farmers Insurance - Ted Herzon,406 Mission St Ste F,auto_insurance,0.009,https://www.google.com/search?q=Farmers%20Insurance%20-%20Ted%20Herzon%20406%20Mission%20St%20Ste%20F,
Santa Cruz Security,501 Mission St Ste 1,key_and_locksmith,0.009,https://www.google.com/search?q=Santa%20Cruz%20Security%20501%20Mission%20St%20Ste%201,
Food Talk Santa Cruz,110 Pearl Aly,restaurant,0.009,https://www.google.com/search?q=Food%20Talk%20Santa%20Cruz%20110%20Pearl%20Aly,
Verve Coffee Roasters,1540 Pacific Ave,coffee_shop,0.009,https://www.google.com/search?q=Verve%20Coffee%20Roasters%201540%20Pacific%20Ave,
Health Projects Center,"9000 Soquel Ave., Suite103",social_service_organizations,0.009,"https://www.google.com/search?q=Health%20Projects%20Center%209000%20Soquel%20Ave.,%20Suite103",
Cat and Cloud Coffee,725 Front St,coffee_shop,0.009,https://www.google.com/search?q=Cat%20and%20Cloud%20Coffee%20725%20Front%20St,
Fairprice Movers - Santa Cruz,696 Pacific Ave Ste 6,packing_services,0.009,https://www.google.com/search?q=Fairprice%20Movers%20-%20Santa%20Cruz%20696%20Pacific%20Ave%20Ste%206,
Betty's Noodle House,920 Pacific Ave,asian_fusion_restaurant,0.009,https://www.google.com/search?q=Betty's%20Noodle%20House%20920%20Pacific%20Ave,
AlphaGraphics,525 Laurel St Ste 125,printing_services,0.009,https://www.google.com/search?q=AlphaGraphics%20525%20Laurel%20St%20Ste%20125,
Five Guys,"1101 Pacific Ave., Suite A",fast_food_restaurant,0.008,"https://www.google.com/search?q=Five%20Guys%201101%20Pacific%20Ave.,%20Suite%20A",
"Dr. Caitlin Fanning, ND",736 Chesnut St,doctor,0.008,"https://www.google.com/search?q=Dr.%20Caitlin%20Fanning,%20ND%20736%20Chesnut%20St",
Elizabeth Lee PsyD Licensed Clinical Pychologist,501 Mission St,psychologist,0.008,https://www.google.com/search?q=Elizabeth%20Lee%20PsyD%20Licensed%20Clinical%20Pychologist%20501%20Mission%20St,
Fosters Freeze,229 Laurel St,fast_food_restaurant,0.008,https://www.google.com/search?q=Fosters%20Freeze%20229%20Laurel%20St,
Addiction Rehab Santa Cruz,"226 Walnut Ave, 777",addiction_rehabilitation_center,0.007,"https://www.google.com/search?q=Addiction%20Rehab%20Santa%20Cruz%20226%20Walnut%20Ave,%20777",
Money Market Check Cashing,903 Pacific Ave Ste 102,check_cashing_payday_loans,0.007,https://www.google.com/search?q=Money%20Market%20Check%20Cashing%20903%20Pacific%20Ave%20Ste%20102,
Nick the Greek,1133 Pacific Ave,greek_restaurant,0.007,https://www.google.com/search?q=Nick%20the%20Greek%201133%20Pacific%20Ave,
BARE Studio,738 Chestnut St,day_spa,0.007,https://www.google.com/search?q=BARE%20Studio%20738%20Chestnut%20St,
Davenport Roadhouse,,bar,0.007,https://www.google.com/search?q=Davenport%20Roadhouse%20,
Santa Cruz Fit Body Boot Camp,175 Walnut Ave,boot_camp,0.007,https://www.google.com/search?q=Santa%20Cruz%20Fit%20Body%20Boot%20Camp%20175%20Walnut%20Ave,
Andy's Auto Supply,901 Pacific Ave,auto_parts_and_supply_store,0.007,https://www.google.com/search?q=Andy's%20Auto%20Supply%20901%20Pacific%20Ave,
MISSION VALERO,335 Mission St,banks,0.007,https://www.google.com/search?q=MISSION%20VALERO%20335%20Mission%20St,
"University of California, Santa Cruz Shared Print in Place",Univ of CA Santa Cruz Univ Libr Sharon Call,library,0.007,"https://www.google.com/search?q=University%20of%20California,%20Santa%20Cruz%20Shared%20Print%20in%20Place%20Univ%20of%20CA%20Santa%20Cruz%20Univ%20Libr%20Sharon%20Call",
Andy's Auto Supply,901 Pacific Ave,auto_parts_and_supply_store,0.007,https://www.google.com/search?q=Andy's%20Auto%20Supply%20901%20Pacific%20Ave,
Deacon Brody's Pub,110 Cedar St,pub,0.006,https://www.google.com/search?q=Deacon%20Brody's%20Pub%20110%20Cedar%20St,
Klim David P DDS,500 Mission St,general_dentistry,0.006,https://www.google.com/search?q=Klim%20David%20P%20DDS%20500%20Mission%20St,
Rosie McCann's Irish Pub & Restaurant,1220 Pacific Ave,irish_pub,0.006,https://www.google.com/search?q=Rosie%20McCann's%20Irish%20Pub%20&%20Restaurant%201220%20Pacific%20Ave,
Adobe On Green Street Bed and Breakfast,103 Green St,bed_and_breakfast,0.006,https://www.google.com/search?q=Adobe%20On%20Green%20Street%20Bed%20and%20Breakfast%20103%20Green%20St,
The Penny Ice Creamery,913 Cedar St,ice_cream_shop,0.006,https://www.google.com/search?q=The%20Penny%20Ice%20Creamery%20913%20Cedar%20St,
Soul Niche,,retail,0.006,https://www.google.com/search?q=Soul%20Niche%20,
Oranjeboom,700 Front St,brewery,0.006,https://www.google.com/search?q=Oranjeboom%20700%20Front%20St,
O'Neill Surf Shop,110 Cooper St,surf_shop,0.006,https://www.google.com/search?q=O'Neill%20Surf%20Shop%20110%20Cooper%20St,
LibertyX Bitcoin ATM,600 Front St,atms,0.006,https://www.google.com/search?q=LibertyX%20Bitcoin%20ATM%20600%20Front%20St,
Ted Egner Real Estate,720 Front St,real_estate_agent,0.006,https://www.google.com/search?q=Ted%20Egner%20Real%20Estate%20720%20Front%20St,
The Neighbor's Pub,711 Pacific Ave,pub,0.006,https://www.google.com/search?q=The%20Neighbor's%20Pub%20711%20Pacific%20Ave,
The Salty Otter Sports Grill,110 Walnut Ave,restaurant,0.006,https://www.google.com/search?q=The%20Salty%20Otter%20Sports%20Grill%20110%20Walnut%20Ave,
Barretini,1349 Pacific Ave,barre_classes,0.006,https://www.google.com/search?q=Barretini%201349%20Pacific%20Ave,
Sock Smith Design,108 Locust St,clothing_store,0.005,https://www.google.com/search?q=Sock%20Smith%20Design%20108%20Locust%20St,
"Black Diamond Paver Stones & Landscape, Inc.",101 Cooper St # 253,stone_and_masonry,0.005,"https://www.google.com/search?q=Black%20Diamond%20Paver%20Stones%20&%20Landscape,%20Inc.%20101%20Cooper%20St%20#%20253",
infiniRel Corporation,101 Cooper St,energy_equipment_and_solution,0.005,https://www.google.com/search?q=infiniRel%20Corporation%20101%20Cooper%20St,
Bookshop Santa Cruz,1520 Pacific Ave,bookstore,0.005,https://www.google.com/search?q=Bookshop%20Santa%20Cruz%201520%20Pacific%20Ave,
Sereno,720 Front St,real_estate_agent,0.005,https://www.google.com/search?q=Sereno%20720%20Front%20St,
Subway,825 Pacific Ave,sandwich_shop,0.005,https://www.google.com/search?q=Subway%20825%20Pacific%20Ave,
St George Apartments,833 Front St,rental_services,0.005,https://www.google.com/search?q=St%20George%20Apartments%20833%20Front%20St,
The Guitar Shop,1001 Center St,music_and_dvd_store,0.005,https://www.google.com/search?q=The%20Guitar%20Shop%201001%20Center%20St,
The Salvation Army Family Store & Donation Center,812 Pacific Ave,used_vintage_and_consignment,0.005,https://www.google.com/search?q=The%20Salvation%20Army%20Family%20Store%20&%20Donation%20Center%20812%20Pacific%20Ave,
Greyhound: Bus Station,920 Pacific Ave,bus_station,0.005,https://www.google.com/search?q=Greyhound:%20Bus%20Station%20920%20Pacific%20Ave,
Bad Animal,1011 Cedar St,bookstore,0.005,https://www.google.com/search?q=Bad%20Animal%201011%20Cedar%20St,
Comicopolis,829 Front St,comic_books_store,0.005,https://www.google.com/search?q=Comicopolis%20829%20Front%20St,
Blue Bunny,725 Front St,mexican_restaurant,0.005,https://www.google.com/search?q=Blue%20Bunny%20725%20Front%20St,
The Grunsky Law Firm PC,101 Cooper St,personal_injury_law,0.005,https://www.google.com/search?q=The%20Grunsky%20Law%20Firm%20PC%20101%20Cooper%20St,
Santa Cruz Food Tour,529 Chestnut St,food_tours,0.005,https://www.google.com/search?q=Santa%20Cruz%20Food%20Tour%20529%20Chestnut%20St,
Chestnut Street Apartments,143 Chestnut St,apartments,0.005,https://www.google.com/search?q=Chestnut%20Street%20Apartments%20143%20Chestnut%20St,
Pacific Cookie Company,1203 Pacific Ave,bakery,0.005,https://www.google.com/search?q=Pacific%20Cookie%20Company%201203%20Pacific%20Ave,
Don P Connolly Inc,824 Mission St,orthodontist,0.005,https://www.google.com/search?q=Don%20P%20Connolly%20Inc%20824%20Mission%20St,
Poet and Patriot Irish Pub,320 Cedar St,irish_pub,0.005,https://www.google.com/search?q=Poet%20and%20Patriot%20Irish%20Pub%20320%20Cedar%20St,
Monaco Night Club,200 Locust St,dance_club,0.005,https://www.google.com/search?q=Monaco%20Night%20Club%20200%20Locust%20St,
Now Open! - Santa Cruz,1134 Pacific Ave,clothing_store,0.005,https://www.google.com/search?q=Now%20Open!%20-%20Santa%20Cruz%201134%20Pacific%20Ave,
Santa Cruz Antique Faire,Lincoln St,antique_store,0.004,https://www.google.com/search?q=Santa%20Cruz%20Antique%20Faire%20Lincoln%20St,
Rainbowzend,1010 Pacific Ave,cinema,0.004,https://www.google.com/search?q=Rainbowzend%201010%20Pacific%20Ave,
"William Babcock III, Realtor CalBre# 01901811",1414 Soquel Ave,real_estate_agent,0.004,"https://www.google.com/search?q=William%20Babcock%20III,%20Realtor%20CalBre#%2001901811%201414%20Soquel%20Ave",
Trisha Christensen Realtor,720 Front St,real_estate_agent,0.004,https://www.google.com/search?q=Trisha%20Christensen%20Realtor%20720%20Front%20St,
"Sandra Lilly, Realtor",720 Front St,real_estate_agent,0.004,"https://www.google.com/search?q=Sandra%20Lilly,%20Realtor%20720%20Front%20St",
Graffix Pleasure,809 Pacific Ave,tobacco_shop,0.004,https://www.google.com/search?q=Graffix%20Pleasure%20809%20Pacific%20Ave,
Bagelry,320 Cedar St,bagel_shop,0.004,https://www.google.com/search?q=Bagelry%20320%20Cedar%20St,
Shen's Gallery,1521 Pacific Ave,antique_store,0.004,https://www.google.com/search?q=Shen's%20Gallery%201521%20Pacific%20Ave,
Victra — Verizon Authorized Retailer,110 Cooper St,electronics,0.004,https://www.google.com/search?q=Victra%20—%20Verizon%20Authorized%20Retailer%20110%20Cooper%20St,
H&H Fresh Fish Co.,700 Cedar St,fishmonger,0.004,https://www.google.com/search?q=H&H%20Fresh%20Fish%20Co.%20700%20Cedar%20St,
The Nick,210 Lincoln St,cinema,0.004,https://www.google.com/search?q=The%20Nick%20210%20Lincoln%20St,
Camouflage,1329 Pacific Ave,lingerie_store,0.004,https://www.google.com/search?q=Camouflage%201329%20Pacific%20Ave,
Janus of Santa Cruz - Enhanced Care Management (ECM JI),"200 7th Ave, Ste 150",walk_in_clinic,0.004,"https://www.google.com/search?q=Janus%20of%20Santa%20Cruz%20-%20Enhanced%20Care%20Management%20(ECM%20JI)%20200%207th%20Ave,%20Ste%20150",
Westside Video,175 Walnut Ave,rental_service,0.004,https://www.google.com/search?q=Westside%20Video%20175%20Walnut%20Ave,
Streetlight Records-Santa Cruz,939 Pacific Ave,music_and_dvd_store,0.004,https://www.google.com/search?q=Streetlight%20Records-Santa%20Cruz%20939%20Pacific%20Ave,
Santa Cruz Bodywork,740 Front St,massage_therapy,0.004,https://www.google.com/search?q=Santa%20Cruz%20Bodywork%20740%20Front%20St,
Flashbird | Abbott Square,725 Front St,chicken_restaurant,0.004,https://www.google.com/search?q=Flashbird%20|%20Abbott%20Square%20725%20Front%20St,
Anton Pacific,800 Pacific Ave,real_estate_agent,0.004,https://www.google.com/search?q=Anton%20Pacific%20800%20Pacific%20Ave,
SEI 38004,335 MISSION ST,gas_station,0.004,https://www.google.com/search?q=SEI%2038004%20335%20MISSION%20ST,
Chubbs Chicken Sandwiches,766 Chestnut St,chicken_restaurant,0.004,https://www.google.com/search?q=Chubbs%20Chicken%20Sandwiches%20766%20Chestnut%20St,
Agnus Dei Christian Book and Gift Store,138 Walnut Ave,bookstore,0.004,https://www.google.com/search?q=Agnus%20Dei%20Christian%20Book%20and%20Gift%20Store%20138%20Walnut%20Ave,
Santa Cruz Westside Wellness,406 Mission St,restaurant,0.004,https://www.google.com/search?q=Santa%20Cruz%20Westside%20Wellness%20406%20Mission%20St,
World of Stones and Mystics,835 Front St,gift_shop,0.004,https://www.google.com/search?q=World%20of%20Stones%20and%20Mystics%20835%20Front%20St,
Bien Miches,907 Cedar St,food_beverage_service_distribution,0.004,https://www.google.com/search?q=Bien%20Miches%20907%20Cedar%20St,
Golden Coast Brewing,1117 Pacific Ave,brewery,0.004,https://www.google.com/search?q=Golden%20Coast%20Brewing%201117%20Pacific%20Ave,
Shiri Gradek - Realtor,720 Front St,real_estate_agent,0.004,https://www.google.com/search?q=Shiri%20Gradek%20-%20Realtor%20720%20Front%20St,
Beach Vacation Rentals Santa Cruz,877 Cedar St,holiday_rental_home,0.004,https://www.google.com/search?q=Beach%20Vacation%20Rentals%20Santa%20Cruz%20877%20Cedar%20St,
flower bar,912 Cedar St,flowers_and_gifts_shop,0.004,https://www.google.com/search?q=flower%20bar%20912%20Cedar%20St,
Toadal Fitness,113 Lincoln St,gym,0.004,https://www.google.com/search?q=Toadal%20Fitness%20113%20Lincoln%20St,
Reliance Communications,603 Mission St,mobile_phone_store,0.003,https://www.google.com/search?q=Reliance%20Communications%20603%20Mission%20St,
Planned Parenthood,1119 Pacific Ave,fertility,0.003,https://www.google.com/search?q=Planned%20Parenthood%201119%20Pacific%20Ave,
Cloud Nine Mattress,175 Walnut Ave,furniture_store,0.003,https://www.google.com/search?q=Cloud%20Nine%20Mattress%20175%20Walnut%20Ave,
"The Wed. Farmers Market, Downtown SC",,farmers_market,0.003,"https://www.google.com/search?q=The%20Wed.%20Farmers%20Market,%20Downtown%20SC%20",
Pregnancy Resource Center Downtown Santa Cruz Clinic,138B Walnut Ave,obstetrician_and_gynecologist,0.003,https://www.google.com/search?q=Pregnancy%20Resource%20Center%20Downtown%20Santa%20Cruz%20Clinic%20138B%20Walnut%20Ave,
Oceanview Casino,709 Pacific Ave,casino,0.003,https://www.google.com/search?q=Oceanview%20Casino%20709%20Pacific%20Ave,
Gap,1225 Pacific Ave,clothing_store,0.003,https://www.google.com/search?q=Gap%201225%20Pacific%20Ave,
Professional LEGAL Coaching,1362 Pacific Ave,professional_services,0.003,https://www.google.com/search?q=Professional%20LEGAL%20Coaching%201362%20Pacific%20Ave,
Lauren Jones,520 Mission St,counseling_and_mental_health,0.003,https://www.google.com/search?q=Lauren%20Jones%20520%20Mission%20St,
"Distinct Property Management, Inc.",501 Soquel Ave Ste G,business_management_services,0.003,"https://www.google.com/search?q=Distinct%20Property%20Management,%20Inc.%20501%20Soquel%20Ave%20Ste%20G",
"Nourish, Santa Cruz",130 Walnut Ave,yoga_studio,0.003,"https://www.google.com/search?q=Nourish,%20Santa%20Cruz%20130%20Walnut%20Ave",
Real Estate in Santa Cruz County,101 Cooper St,real_estate_agent,0.003,https://www.google.com/search?q=Real%20Estate%20in%20Santa%20Cruz%20County%20101%20Cooper%20St,
Erick Contapay- NMLS #256771,101 Cooper St,financial_service,0.003,https://www.google.com/search?q=Erick%20Contapay-%20NMLS%20#256771%20101%20Cooper%20St,
CVS Beauty,600 Front St,shopping,0.003,https://www.google.com/search?q=CVS%20Beauty%20600%20Front%20St,
Moon Kissed,1360 Pacific Ave,flowers_and_gifts_shop,0.003,https://www.google.com/search?q=Moon%20Kissed%201360%20Pacific%20Ave,
UCSC Gamma Phi Beta,,college_university,0.003,https://www.google.com/search?q=UCSC%20Gamma%20Phi%20Beta%20,
Andren Homes,101 Cooper St,real_estate_agent,0.003,https://www.google.com/search?q=Andren%20Homes%20101%20Cooper%20St,
VibesUP,698 Front St,flowers_and_gifts_shop,0.003,https://www.google.com/search?q=VibesUP%20698%20Front%20St,
Santa Cruz Hotel,1003 Cedar St,hotel,0.003,https://www.google.com/search?q=Santa%20Cruz%20Hotel%201003%20Cedar%20St,
Santa Cruz Symphony,307 Church St,music_venue,0.003,https://www.google.com/search?q=Santa%20Cruz%20Symphony%20307%20Church%20St,
Wallflower Santa Cruz,107 Locust St,boutique,0.003,https://www.google.com/search?q=Wallflower%20Santa%20Cruz%20107%20Locust%20St,
Go Ask Alice,1125 Pacific Ave,health_food_store,0.003,https://www.google.com/search?q=Go%20Ask%20Alice%201125%20Pacific%20Ave,
Cold Stone Creamery,1129 Pacific Ave,ice_cream_shop,0.003,https://www.google.com/search?q=Cold%20Stone%20Creamery%201129%20Pacific%20Ave,
Redwood Records,320 Cedar St,music_and_dvd_store,0.003,https://www.google.com/search?q=Redwood%20Records%20320%20Cedar%20St,
Shay's Flowers and Gifts,411 Cedar St,flowers_and_gifts_shop,0.003,https://www.google.com/search?q=Shay's%20Flowers%20and%20Gifts%20411%20Cedar%20St,
Natasha Mingay - Santa Cruz Realtor #02012015,720 Front St,real_estate_agent,0.003,https://www.google.com/search?q=Natasha%20Mingay%20-%20Santa%20Cruz%20Realtor%20#02012015%20720%20Front%20St,
Joe Prather Realtor - Who's Next Real Estate - Powered by eXp Realty,101 Cooper St,real_estate_agent,0.003,https://www.google.com/search?q=Joe%20Prather%20Realtor%20-%20Who's%20Next%20Real%20Estate%20-%20Powered%20by%20eXp%20Realty%20101%20Cooper%20St,
Lynda West Scott/Realtor Christie's Int'l Real Estate-Sereno  DRE 01954617,720 Front St,real_estate_agent,0.003,https://www.google.com/search?q=Lynda%20West%20Scott/Realtor%20Christie's%20Int'l%20Real%20Estate-Sereno%20%20DRE%2001954617%20720%20Front%20St,
Santa Cruz Public Libraries,117 Union Street,library,0.003,https://www.google.com/search?q=Santa%20Cruz%20Public%20Libraries%20117%20Union%20Street,
Jeremy Duterte,720 Front St,real_estate_agent,0.003,https://www.google.com/search?q=Jeremy%20Duterte%20720%20Front%20St,
Scarlett Wolford,720 Front St,real_estate_agent,0.003,https://www.google.com/search?q=Scarlett%20Wolford%20720%20Front%20St,
Toque Blanche,1527 Pacific Ave,home_and_garden,0.003,https://www.google.com/search?q=Toque%20Blanche%201527%20Pacific%20Ave,
Turiya Blanchette Realtor,720 Front St,real_estate_agent,0.003,https://www.google.com/search?q=Turiya%20Blanchette%20Realtor%20720%20Front%20St,
Five Guys,1101 Pacific Ave,fast_food_restaurant,0.003,https://www.google.com/search?q=Five%20Guys%201101%20Pacific%20Ave,
Daniel Wolford,720 Front St,real_estate_agent,0.003,https://www.google.com/search?q=Daniel%20Wolford%20720%20Front%20St,
Yoso Wellness Spa,740 Front St,spas,0.003,https://www.google.com/search?q=Yoso%20Wellness%20Spa%20740%20Front%20St,
Well Within Spa,417 Cedar St,spas,0.003,https://www.google.com/search?q=Well%20Within%20Spa%20417%20Cedar%20St,
Metavinyl,320 Cedar St,music_and_dvd_store,0.003,https://www.google.com/search?q=Metavinyl%20320%20Cedar%20St,
Green Magic Yoga,738 Chestnut St,yoga_studio,0.003,https://www.google.com/search?q=Green%20Magic%20Yoga%20738%20Chestnut%20St,
United Nations Association,903 Pacific Ave,social_service_organizations,0.003,https://www.google.com/search?q=United%20Nations%20Association%20903%20Pacific%20Ave,
Landmark's Del Mar Theatre,1124 Pacific Ave,cinema,0.003,https://www.google.com/search?q=Landmark's%20Del%20Mar%20Theatre%201124%20Pacific%20Ave,
Del Mar Theatre,1124 Pacific Ave,drive_in_theater,0.003,https://www.google.com/search?q=Del%20Mar%20Theatre%201124%20Pacific%20Ave,
Full Steam Dumpling,1001 Center St,dim_sum_restaurant,0.003,https://www.google.com/search?q=Full%20Steam%20Dumpling%201001%20Center%20St,
Santa Cruz Warriors,903 Pacific Ave,professional_sports_team,0.003,https://www.google.com/search?q=Santa%20Cruz%20Warriors%20903%20Pacific%20Ave,
Vaughn Marketing Group,118 Union St,advertising_agency,0.003,https://www.google.com/search?q=Vaughn%20Marketing%20Group%20118%20Union%20St,
"Money Market Check Cashing in Santa Cruz and Capitola, CA",903 Pacific Ave,financial_service,0.003,"https://www.google.com/search?q=Money%20Market%20Check%20Cashing%20in%20Santa%20Cruz%20and%20Capitola,%20CA%20903%20Pacific%20Ave",
The Catalyst,1011 Pacific Ave,music_venue,0.003,https://www.google.com/search?q=The%20Catalyst%201011%20Pacific%20Ave,
Body and Soul,738 Chestnut St,yoga_studio,0.003,https://www.google.com/search?q=Body%20and%20Soul%20738%20Chestnut%20St,
Old School Shoes,1017 Pacific Ave,shoe_store,0.003,https://www.google.com/search?q=Old%20School%20Shoes%201017%20Pacific%20Ave,
Marti Pepito Meyer - Realtor,720 Front St,real_estate_agent,0.003,https://www.google.com/search?q=Marti%20Pepito%20Meyer%20-%20Realtor%20720%20Front%20St,
Connections Santa Cruz,1121 Pacific Ave,health_and_medical,0.003,https://www.google.com/search?q=Connections%20Santa%20Cruz%201121%20Pacific%20Ave,
Pipeline,1130 Pacific Ave,tobacco_shop,0.003,https://www.google.com/search?q=Pipeline%201130%20Pacific%20Ave,
Jamba Santa Cruz,1550 Pacific Ave,smoothie_juice_bar,0.003,https://www.google.com/search?q=Jamba%20Santa%20Cruz%201550%20Pacific%20Ave,
Santacruzjamba,,restaurant,0.003,https://www.google.com/search?q=Santacruzjamba%20,
Shannon Shaffer,824 Mission St,real_estate_agent,0.003,https://www.google.com/search?q=Shannon%20Shaffer%20824%20Mission%20St,
Alistair Craft,720 Front St,real_estate_agent,0.003,https://www.google.com/search?q=Alistair%20Craft%20720%20Front%20St,
Sugaree Sands Realtor,824 Mission St,real_estate_agent,0.003,https://www.google.com/search?q=Sugaree%20Sands%20Realtor%20824%20Mission%20St,
Red Restaurant and Bar,200 Locust St,bar_and_grill_restaurant,0.003,https://www.google.com/search?q=Red%20Restaurant%20and%20Bar%20200%20Locust%20St,
Centro Internacional Mas FÉ De Sandra Parra y Jhon porras,120 Emmett St,catholic_church,0.003,https://www.google.com/search?q=Centro%20Internacional%20Mas%20FÉ%20De%20Sandra%20Parra%20y%20Jhon%20porras%20120%20Emmett%20St,
SC Pacific Station,,arts_and_entertainment,0.003,https://www.google.com/search?q=SC%20Pacific%20Station%20,
Super Silver,1301 Pacific Ave,jewelry_store,0.003,https://www.google.com/search?q=Super%20Silver%201301%20Pacific%20Ave,
Botanic and Luxe,110 Cooper St,home_and_garden,0.003,https://www.google.com/search?q=Botanic%20and%20Luxe%20110%20Cooper%20St,
Elm Street Mission,117 Elm St,mission,0.003,https://www.google.com/search?q=Elm%20Street%20Mission%20117%20Elm%20St,
"Hallie Anzalone, Realtor",720 Front St,real_estate_agent,0.003,"https://www.google.com/search?q=Hallie%20Anzalone,%20Realtor%20720%20Front%20St",
"Pleasure Point, Santa Cruz, California",,arts_and_entertainment,0.003,"https://www.google.com/search?q=Pleasure%20Point,%20Santa%20Cruz,%20California%20",
The Balanced Leaders,101 Cooper St,professional_services,0.003,https://www.google.com/search?q=The%20Balanced%20Leaders%20101%20Cooper%20St,
Urban Outfitters,1401 Pacific Ave,clothing_store,0.003,https://www.google.com/search?q=Urban%20Outfitters%201401%20Pacific%20Ave,
Amba Jane DesJardins,824 Mission St,real_estate_agent,0.003,https://www.google.com/search?q=Amba%20Jane%20DesJardins%20824%20Mission%20St,
Rip Curl,1395 Pacific Ave,surf_shop,0.003,https://www.google.com/search?q=Rip%20Curl%201395%20Pacific%20Ave,
Frank Body,"Urban Outfitters, 1401 Pacific Ave",cosmetic_and_beauty_supplies,0.003,"https://www.google.com/search?q=Frank%20Body%20Urban%20Outfitters,%201401%20Pacific%20Ave",
Santa Cruz Staffing,312 Locust St,employment_agencies,0.003,https://www.google.com/search?q=Santa%20Cruz%20Staffing%20312%20Locust%20St,
Parking,Walnut Ave,parking,0.003,https://www.google.com/search?q=Parking%20Walnut%20Ave,
Anina Van Alstine - Realtor,824 Mission St,real_estate_agent,0.003,https://www.google.com/search?q=Anina%20Van%20Alstine%20-%20Realtor%20824%20Mission%20St,
"Lorrie Malley, Coldwell Banker Realty",824 Mission St,real_estate_agent,0.003,"https://www.google.com/search?q=Lorrie%20Malley,%20Coldwell%20Banker%20Realty%20824%20Mission%20St",
Terry Ballantyne,720 Front St,real_estate_agent,0.003,https://www.google.com/search?q=Terry%20Ballantyne%20720%20Front%20St,
VCA Animal Hospital of Santa Cruz,815 Mission St,veterinarian,0.003,https://www.google.com/search?q=VCA%20Animal%20Hospital%20of%20Santa%20Cruz%20815%20Mission%20St,
Paul Coutts Realtor.,824 Mission St,real_estate_agent,0.003,https://www.google.com/search?q=Paul%20Coutts%20Realtor.%20824%20Mission%20St,
Water Supply Advisory Committee,212 Locust St,public_and_government_association,0.003,https://www.google.com/search?q=Water%20Supply%20Advisory%20Committee%20212%20Locust%20St,
Daniel Oster,824 Mission St,real_estate_agent,0.003,https://www.google.com/search?q=Daniel%20Oster%20824%20Mission%20St,
Willie Eagleton,824 Mission St,real_estate_agent,0.003,https://www.google.com/search?q=Willie%20Eagleton%20824%20Mission%20St,
Santa Cruz Cinema,1405 Pacific Ave,cinema,0.003,https://www.google.com/search?q=Santa%20Cruz%20Cinema%201405%20Pacific%20Ave,
Sockshop and Shoe Company,1515 Pacific Ave,shoe_store,0.003,https://www.google.com/search?q=Sockshop%20and%20Shoe%20Company%201515%20Pacific%20Ave,
Michael Tierra,912 Center St,naturopathic_holistic,0.003,https://www.google.com/search?q=Michael%20Tierra%20912%20Center%20St,
Westside Animal Hospital,411 Laurel St,veterinarian,0.002,https://www.google.com/search?q=Westside%20Animal%20Hospital%20411%20Laurel%20St,
Jireh Boxing Kickboxing Cardio and Competition LLC,1101 Pacific Ave,martial_arts_club,0.002,https://www.google.com/search?q=Jireh%20Boxing%20Kickboxing%20Cardio%20and%20Competition%20LLC%201101%20Pacific%20Ave,
Ultramat Santa Cruz Laundromat,501 Laurel St,laundromat,0.002,https://www.google.com/search?q=Ultramat%20Santa%20Cruz%20Laundromat%20501%20Laurel%20St,
Holden QiGong Center,1119 Pacific Ave,naturopathic_holistic,0.002,https://www.google.com/search?q=Holden%20QiGong%20Center%201119%20Pacific%20Ave,
Cruz511 Traveler Information,1101 Pacific Ave,travel,0.002,https://www.google.com/search?q=Cruz511%20Traveler%20Information%201101%20Pacific%20Ave,
Hernandez Market II,525 Laurel St,supermarket,0.002,https://www.google.com/search?q=Hernandez%20Market%20II%20525%20Laurel%20St,
Santa Cruz County Regional Transportation Commission (RTC),1101 Pacific Ave,transportation,0.002,https://www.google.com/search?q=Santa%20Cruz%20County%20Regional%20Transportation%20Commission%20(RTC)%201101%20Pacific%20Ave,
Comcourse,1101 Pacific Ave,education,0.002,https://www.google.com/search?q=Comcourse%201101%20Pacific%20Ave,
Santa Cruz Police Department,155 Center St,police_department,0.002,https://www.google.com/search?q=Santa%20Cruz%20Police%20Department%20155%20Center%20St,
University Town Center,1101 Pacific Ave,college_university,0.002,https://www.google.com/search?q=University%20Town%20Center%201101%20Pacific%20Ave,
Open Studios Art Tour,1101 Pacific Ave,amusement_park,0.002,https://www.google.com/search?q=Open%20Studios%20Art%20Tour%201101%20Pacific%20Ave,
Cypress Health Institute,1119 Pacific Ave,massage_school,0.002,https://www.google.com/search?q=Cypress%20Health%20Institute%201119%20Pacific%20Ave,
Felix Kulpa Gallery,107 Elm St,art_gallery,0.002,https://www.google.com/search?q=Felix%20Kulpa%20Gallery%20107%20Elm%20St,
The Bike Church,703 Pacific Ave,bicycle_shop,0.002,https://www.google.com/search?q=The%20Bike%20Church%20703%20Pacific%20Ave,
CB Builders Inc.,712 California St,contractor,0.002,https://www.google.com/search?q=CB%20Builders%20Inc.%20712%20California%20St,
Mara Alverson,133 Towne Ter,counseling_and_mental_health,0.002,https://www.google.com/search?q=Mara%20Alverson%20133%20Towne%20Ter,
Paul Schraub Photography,320 Cedar St,professional_services,0.002,https://www.google.com/search?q=Paul%20Schraub%20Photography%20320%20Cedar%20St,
Computer Zone,314 Laurel St,it_service_and_computer_repair,0.002,https://www.google.com/search?q=Computer%20Zone%20314%20Laurel%20St,
Sea Glass Orthodontics,824 Mission St,orthodontist,0.002,https://www.google.com/search?q=Sea%20Glass%20Orthodontics%20824%20Mission%20St,
"Katrin Tobin, Realtor, Coldwell Banker-CA Re#01356724",824 Mission St,real_estate,0.002,"https://www.google.com/search?q=Katrin%20Tobin,%20Realtor,%20Coldwell%20Banker-CA%20Re#01356724%20824%20Mission%20St",
Santa Cruz Teen Center | Santa Cruz CA,301 Center St,central_government_office,0.002,https://www.google.com/search?q=Santa%20Cruz%20Teen%20Center%20|%20Santa%20Cruz%20CA%20301%20Center%20St,
Jessica Wallace Realtor,824 Mission St,real_estate,0.002,https://www.google.com/search?q=Jessica%20Wallace%20Realtor%20824%20Mission%20St,
World Harmony Chorus,301 Center St,choir,0.002,https://www.google.com/search?q=World%20Harmony%20Chorus%20301%20Center%20St,
Motion Pacific,301 Center St,dance_school,0.002,https://www.google.com/search?q=Motion%20Pacific%20301%20Center%20St,
The Vision Sanctuary,313 Cedar St,art_gallery,0.002,https://www.google.com/search?q=The%20Vision%20Sanctuary%20313%20Cedar%20St,
Green Smoke Shop,411 Cedar St,e_cigarette_store,0.002,https://www.google.com/search?q=Green%20Smoke%20Shop%20411%20Cedar%20St,
Walnut Avenue Family & Women's Center,303 Walnut Ave,social_service_organizations,0.002,https://www.google.com/search?q=Walnut%20Avenue%20Family%20&%20Women's%20Center%20303%20Walnut%20Ave,
Santa Cruz High School,415 Walnut Ave,high_school,0.002,https://www.google.com/search?q=Santa%20Cruz%20High%20School%20415%20Walnut%20Ave,
Santa Cruz High School Tennis Courts,,tennis_court,0.002,https://www.google.com/search?q=Santa%20Cruz%20High%20School%20Tennis%20Courts%20,
Terra Nova Ecological Landscaping,815 Almar Ave,landscaping,0.002,https://www.google.com/search?q=Terra%20Nova%20Ecological%20Landscaping%20815%20Almar%20Ave,
Date With Intention,730 Mission St,psychotherapist,0.002,https://www.google.com/search?q=Date%20With%20Intention%20730%20Mission%20St,
Santa Cruz Residential Recovery,125 Rigg St,abuse_and_addiction_treatment,0.002,https://www.google.com/search?q=Santa%20Cruz%20Residential%20Recovery%20125%20Rigg%20St,
PMBC Church,,church_cathedral,0.002,https://www.google.com/search?q=PMBC%20Church%20,
Progressive Missionary Baptist Church,517 Center St,baptist_church,0.002,https://www.google.com/search?q=Progressive%20Missionary%20Baptist%20Church%20517%20Center%20St,
Sin Sisters Burlesque & Drag,320 Cedar St,theatre,0.002,https://www.google.com/search?q=Sin%20Sisters%20Burlesque%20&%20Drag%20320%20Cedar%20St,
Crossroads Trading,811 Pacific Ave,used_vintage_and_consignment,0.002,https://www.google.com/search?q=Crossroads%20Trading%20811%20Pacific%20Ave,
The Moon Salon,507 Cedar St,beauty_salon,0.002,https://www.google.com/search?q=The%20Moon%20Salon%20507%20Cedar%20St,
Spokesman Bikes,231 Cathcart St,bicycle_shop,0.002,https://www.google.com/search?q=Spokesman%20Bikes%20231%20Cathcart%20St,
The Cedar Street Free Parking Lot,270 Cathcart St,parking,0.002,https://www.google.com/search?q=The%20Cedar%20Street%20Free%20Parking%20Lot%20270%20Cathcart%20St,
Hula's Island Grill,221 Cathcart St,bar_and_grill_restaurant,0.002,https://www.google.com/search?q=Hula's%20Island%20Grill%20221%20Cathcart%20St,
Cognito Clothing,821 Pacific Ave,used_vintage_and_consignment,0.002,https://www.google.com/search?q=Cognito%20Clothing%20821%20Pacific%20Ave,
The Starving Musician,1003 Pacific Ave,musical_instrument_store,0.002,https://www.google.com/search?q=The%20Starving%20Musician%201003%20Pacific%20Ave,
theteahousespa,,spas,0.002,https://www.google.com/search?q=theteahousespa%20,
Tea House Spa,112 Elm St,massage,0.002,https://www.google.com/search?q=Tea%20House%20Spa%20112%20Elm%20St,
Surf City Billiards Bar and Cafe,931 Pacific Ave,pool_billiards,0.002,https://www.google.com/search?q=Surf%20City%20Billiards%20Bar%20and%20Cafe%20931%20Pacific%20Ave,
Cynthia Baker Coaching and Psychotherapy,730 Mission St,life_coach,0.002,https://www.google.com/search?q=Cynthia%20Baker%20Coaching%20and%20Psychotherapy%20730%20Mission%20St,
Full Moon Birth and Family Wellness Center,701 Mission St,maternity_centers,0.002,https://www.google.com/search?q=Full%20Moon%20Birth%20and%20Family%20Wellness%20Center%20701%20Mission%20St,
Santa Cruz Farmers' Market,825 Cedar St,farmers_market,0.002,https://www.google.com/search?q=Santa%20Cruz%20Farmers'%20Market%20825%20Cedar%20St,
City of Santa Cruz Parks and Recreation,323 Church St,public_and_government_association,0.002,https://www.google.com/search?q=City%20of%20Santa%20Cruz%20Parks%20and%20Recreation%20323%20Church%20St,
Downtown Farmer's Market,Cedar St,farmers_market,0.002,https://www.google.com/search?q=Downtown%20Farmer's%20Market%20Cedar%20St,
Calvary Preschool,532 Center St,preschool,0.002,https://www.google.com/search?q=Calvary%20Preschool%20532%20Center%20St,
The Hub for Sustainable Living,703 Pacific Ave,social_service_organizations,0.002,https://www.google.com/search?q=The%20Hub%20for%20Sustainable%20Living%20703%20Pacific%20Ave,
Code Naturally Academy,181 Walnut Ave,education,0.002,https://www.google.com/search?q=Code%20Naturally%20Academy%20181%20Walnut%20Ave,
Social Security Administration,169 Walnut Ave,public_and_government_association,0.002,https://www.google.com/search?q=Social%20Security%20Administration%20169%20Walnut%20Ave,
Laird's Academy of Martial Arts,175 Walnut Ave,martial_arts_club,0.002,https://www.google.com/search?q=Laird's%20Academy%20of%20Martial%20Arts%20175%20Walnut%20Ave,
Fibroplasma Blushing,175 Walnut Ave,beauty_and_spa,0.002,https://www.google.com/search?q=Fibroplasma%20Blushing%20175%20Walnut%20Ave,
Pacific Coast Judo,175 Walnut Ave,martial_arts_club,0.002,https://www.google.com/search?q=Pacific%20Coast%20Judo%20175%20Walnut%20Ave,
Lepore Associates,605 Center St,private_investigation,0.002,https://www.google.com/search?q=Lepore%20Associates%20605%20Center%20St,
1010 Pacific,1010 Pacific Ave,landmark_and_historical_building,0.002,https://www.google.com/search?q=1010%20Pacific%201010%20Pacific%20Ave,
Peter Binnings: Therapist Specializing in Anxiety,500 Chestnut St,counseling_and_mental_health,0.002,https://www.google.com/search?q=Peter%20Binnings:%20Therapist%20Specializing%20in%20Anxiety%20500%20Chestnut%20St,
Feeling Good Wellness Center,343 Church St,counseling_and_mental_health,0.002,https://www.google.com/search?q=Feeling%20Good%20Wellness%20Center%20343%20Church%20St,
ACR Academy,327 Church St,preschool,0.002,https://www.google.com/search?q=ACR%20Academy%20327%20Church%20St,
Santa Cruz Metro Station,920 Pacific Ave,transportation,0.002,https://www.google.com/search?q=Santa%20Cruz%20Metro%20Station%20920%20Pacific%20Ave,
Ancient Forest,Pacific Ave,skate_park,0.002,https://www.google.com/search?q=Ancient%20Forest%20Pacific%20Ave,
Sit Walk and Wag,455 Locust St,dog_walkers,0.002,https://www.google.com/search?q=Sit%20Walk%20and%20Wag%20455%20Locust%20St,
Santa Cruz Civic Auditorium,307 Church St,auditorium,0.002,https://www.google.com/search?q=Santa%20Cruz%20Civic%20Auditorium%20307%20Church%20St,
Cruzio Internet,877 Cedar St,internet_service_provider,0.002,https://www.google.com/search?q=Cruzio%20Internet%20877%20Cedar%20St,
Techmagick Business Solutions,877 Cedar St STE 150,web_designer,0.002,https://www.google.com/search?q=Techmagick%20Business%20Solutions%20877%20Cedar%20St%20STE%20150,
Santa Cruz Planning & Zoning,809 Center St,public_and_government_association,0.002,https://www.google.com/search?q=Santa%20Cruz%20Planning%20&%20Zoning%20809%20Center%20St,
City of Santa Cruz Public Works,809 Center St,central_government_office,0.002,https://www.google.com/search?q=City%20of%20Santa%20Cruz%20Public%20Works%20809%20Center%20St,
Santa Cruz City Hall,809 Center St,town_hall,0.002,https://www.google.com/search?q=Santa%20Cruz%20City%20Hall%20809%20Center%20St,
Surfing Museum Lighthouse Point,809 Center St,history_museum,0.002,https://www.google.com/search?q=Surfing%20Museum%20Lighthouse%20Point%20809%20Center%20St,
City of Santa Cruz Economic Development Office,337 Locust St,public_and_government_association,0.002,https://www.google.com/search?q=City%20of%20Santa%20Cruz%20Economic%20Development%20Office%20337%20Locust%20St,
Azores.com Travel & Tours,500 Cathedral Dr,travel_services,0.002,https://www.google.com/search?q=Azores.com%20Travel%20&%20Tours%20500%20Cathedral%20Dr,
Above & Beyond Fire Protection,13575 Empire Grade,fire_protection_service,0.002,https://www.google.com/search?q=Above%20&%20Beyond%20Fire%20Protection%2013575%20Empire%20Grade,
Merge4,,fashion,0.002,https://www.google.com/search?q=Merge4%20,
831 Builders,,construction_services,0.002,https://www.google.com/search?q=831%20Builders%20,
YES Cacao,1001 Center St,chocolatier,0.002,https://www.google.com/search?q=YES%20Cacao%201001%20Center%20St,
Santa Cruz Food Tour,529 Chestnut St,food_tours,0.002,https://www.google.com/search?q=Santa%20Cruz%20Food%20Tour%20529%20Chestnut%20St,
Birichino,204 Church St,winery,0.002,https://www.google.com/search?q=Birichino%20204%20Church%20St,
Babbling Brook Inn,1025 Laurel St,inn,0.002,https://www.google.com/search?q=Babbling%20Brook%20Inn%201025%20Laurel%20St,
The Santa Cruzer - Beach & Downtown Shuttle,The Santa Cruzer Beach And Downtown Shuttle,beach,0.002,https://www.google.com/search?q=The%20Santa%20Cruzer%20-%20Beach%20&%20Downtown%20Shuttle%20The%20Santa%20Cruzer%20Beach%20And%20Downtown%20Shuttle,
Daniel Matthew Silvernail Architect,501 Mission St,architectural_designer,0.002,https://www.google.com/search?q=Daniel%20Matthew%20Silvernail%20Architect%20501%20Mission%20St,
Monterey Bay Conservancy,501 Mission St,environmental_conservation_organization,0.002,https://www.google.com/search?q=Monterey%20Bay%20Conservancy%20501%20Mission%20St,
Launch Brigade,101 Cooper St,web_designer,0.002,https://www.google.com/search?q=Launch%20Brigade%20101%20Cooper%20St,
Power2Sustain,312 Locust St,educational_services,0.002,https://www.google.com/search?q=Power2Sustain%20312%20Locust%20St,
Wynn Capital Management,101 Cooper St,financial_advising,0.002,https://www.google.com/search?q=Wynn%20Capital%20Management%20101%20Cooper%20St,
Perfect Glass Window Cleaning,101 Cooper St,windows_installation,0.002,https://www.google.com/search?q=Perfect%20Glass%20Window%20Cleaning%20101%20Cooper%20St,
The AIP Group,101 Cooper St,professional_services,0.002,https://www.google.com/search?q=The%20AIP%20Group%20101%20Cooper%20St,
City of Santa Cruz Water Department,212 Locust St,public_utility_company,0.002,https://www.google.com/search?q=City%20of%20Santa%20Cruz%20Water%20Department%20212%20Locust%20St,
Odden Creative,101 Cooper St,web_designer,0.002,https://www.google.com/search?q=Odden%20Creative%20101%20Cooper%20St,
Santa Cruz Community Health Centers,250 Locust St,medical_center,0.002,https://www.google.com/search?q=Santa%20Cruz%20Community%20Health%20Centers%20250%20Locust%20St,
Pagoda Technologies,101 Cooper St,it_service_and_computer_repair,0.002,https://www.google.com/search?q=Pagoda%20Technologies%20101%20Cooper%20St,
Jules Holdsworth Photography,101 Cooper St,professional_services,0.002,https://www.google.com/search?q=Jules%20Holdsworth%20Photography%20101%20Cooper%20St,
Embraced IDEA,101 Cooper St,professional_services,0.002,https://www.google.com/search?q=Embraced%20IDEA%20101%20Cooper%20St,
OurEnergy,101 Cooper St,energy_company,0.002,https://www.google.com/search?q=OurEnergy%20101%20Cooper%20St,
Bay Spa,918 Center St,massage_therapy,0.002,https://www.google.com/search?q=Bay%20Spa%20918%20Center%20St,
Matthew Falconer - Branch Manager / Loan Officer,101 Cooper St,mortgage_broker,0.002,https://www.google.com/search?q=Matthew%20Falconer%20-%20Branch%20Manager%20/%20Loan%20Officer%20101%20Cooper%20St,
The Wedding Connection,120 Church St,wedding_planning,0.002,https://www.google.com/search?q=The%20Wedding%20Connection%20120%20Church%20St,
Santa Cruz Gamers,208 Locust St,museum,0.002,https://www.google.com/search?q=Santa%20Cruz%20Gamers%20208%20Locust%20St,
Santa Cruz Real Estate,501 Mission St,real_estate,0.002,https://www.google.com/search?q=Santa%20Cruz%20Real%20Estate%20501%20Mission%20St,
Art-O-Rama,,fashion,0.002,https://www.google.com/search?q=Art-O-Rama%20,
Heit Family Dentistry DDS,903 Cedar St,dentist,0.002,https://www.google.com/search?q=Heit%20Family%20Dentistry%20DDS%20903%20Cedar%20St,
Yoso the Annex,109 Cooper St,spas,0.002,https://www.google.com/search?q=Yoso%20the%20Annex%20109%20Cooper%20St,
The Key Addiction Treatment Center,725 Front St,abuse_and_addiction_treatment,0.002,https://www.google.com/search?q=The%20Key%20Addiction%20Treatment%20Center%20725%20Front%20St,
University California Santa Cruz,725 Front St,college_university,0.002,https://www.google.com/search?q=University%20California%20Santa%20Cruz%20725%20Front%20St,
Crime Alert,602 Mission St,professional_services,0.002,https://www.google.com/search?q=Crime%20Alert%20602%20Mission%20St,
Dr. Liz Esalen,603 Mission St,psychotherapist,0.002,https://www.google.com/search?q=Dr.%20Liz%20Esalen%20603%20Mission%20St,
Veg On The Edge,725 Front St,vegetarian_restaurant,0.002,https://www.google.com/search?q=Veg%20On%20The%20Edge%20725%20Front%20St,
Lookout Santa Cruz,725 Front St,media_news_website,0.002,https://www.google.com/search?q=Lookout%20Santa%20Cruz%20725%20Front%20St,
Peggy's Thai Massage,501 Mission St,massage,0.002,https://www.google.com/search?q=Peggy's%20Thai%20Massage%20501%20Mission%20St,
Mind in Motion Counseling,501 Mission St,counseling_and_mental_health,0.002,https://www.google.com/search?q=Mind%20in%20Motion%20Counseling%20501%20Mission%20St,
Abbott Square Market,725 Front St,public_plaza,0.002,https://www.google.com/search?q=Abbott%20Square%20Market%20725%20Front%20St,
Balance Into Health,501 Mission St,naturopathic_holistic,0.002,https://www.google.com/search?q=Balance%20Into%20Health%20501%20Mission%20St,
Game Santa Cruz,1101 Cedar St,video_game_store,0.002,https://www.google.com/search?q=Game%20Santa%20Cruz%201101%20Cedar%20St,
Roux Dat Cajun Creole,118 Cooper St Unit B,cajun_and_creole_restaurant,0.002,https://www.google.com/search?q=Roux%20Dat%20Cajun%20Creole%20118%20Cooper%20St%20Unit%20B,
"Shawna Ristic, BCTMB, MA, CIMI, CMT",501 Mission St,naturopathic_holistic,0.002,"https://www.google.com/search?q=Shawna%20Ristic,%20BCTMB,%20MA,%20CIMI,%20CMT%20501%20Mission%20St",
Roux Dat Stew Shack,1520 Pacific Ave,cajun_and_creole_restaurant,0.002,https://www.google.com/search?q=Roux%20Dat%20Stew%20Shack%201520%20Pacific%20Ave,
Annieglass Retail Stores,110 Cooper St,flowers_and_gifts_shop,0.002,https://www.google.com/search?q=Annieglass%20Retail%20Stores%20110%20Cooper%20St,
Faust Salon Downtown,110 Cooper St,hair_salon,0.002,https://www.google.com/search?q=Faust%20Salon%20Downtown%20110%20Cooper%20St,
Productops,110 Cooper St,professional_services,0.002,https://www.google.com/search?q=Productops%20110%20Cooper%20St,
LV Hair Extensions Salon,1013 Cedar St,hair_salon,0.002,https://www.google.com/search?q=LV%20Hair%20Extensions%20Salon%201013%20Cedar%20St,
Get Faded Barbershop,907 Cedar St,barber,0.002,https://www.google.com/search?q=Get%20Faded%20Barbershop%20907%20Cedar%20St,
Santa Cruz Museum of Art & History,705 Front St,art_museum,0.002,https://www.google.com/search?q=Santa%20Cruz%20Museum%20of%20Art%20&%20History%20705%20Front%20St,
Rebecca Stark Photography,805 Front St,professional_services,0.002,https://www.google.com/search?q=Rebecca%20Stark%20Photography%20805%20Front%20St,
Journeyworks Publishing,763 Chestnut St,topic_publisher,0.002,https://www.google.com/search?q=Journeyworks%20Publishing%20763%20Chestnut%20St,
Sentinel Printers Inc,1025 Center St,printing_services,0.002,https://www.google.com/search?q=Sentinel%20Printers%20Inc%201025%20Center%20St,
Resolve Medical and Sports Massage,1011 Center St,massage_therapy,0.002,https://www.google.com/search?q=Resolve%20Medical%20and%20Sports%20Massage%201011%20Center%20St,
Learning in Motion,113 Cooper St,educational_services,0.002,https://www.google.com/search?q=Learning%20in%20Motion%20113%20Cooper%20St,
Center Stage Theater,1001 Center St,theatre,0.002,https://www.google.com/search?q=Center%20Stage%20Theater%201001%20Center%20St,
Six Animals Kung Fu,738 Chestnut St,martial_arts_club,0.002,https://www.google.com/search?q=Six%20Animals%20Kung%20Fu%20738%20Chestnut%20St,
Santa Cruz Todo Kai,738 Chestnut St,sports_and_fitness_instruction,0.002,https://www.google.com/search?q=Santa%20Cruz%20Todo%20Kai%20738%20Chestnut%20St,
Surf City Barber Shop,831 Front St,barber,0.002,https://www.google.com/search?q=Surf%20City%20Barber%20Shop%20831%20Front%20St,
Santa Cruz Stucco and Plastering,"7 Squid Row, 738 Chestnut St",masonry_concrete,0.002,"https://www.google.com/search?q=Santa%20Cruz%20Stucco%20and%20Plastering%207%20Squid%20Row,%20738%20Chestnut%20St",
7 Squid Row,"7 Squid Row, 738 Chestnut St",topic_concert_venue,0.002,"https://www.google.com/search?q=7%20Squid%20Row%207%20Squid%20Row,%20738%20Chestnut%20St",
Cornucopia Real Estate,1001 Center St,real_estate,0.002,https://www.google.com/search?q=Cornucopia%20Real%20Estate%201001%20Center%20St,
Santa Cruz Art Expressions,1545 Pacific Ave,art_gallery,0.002,https://www.google.com/search?q=Santa%20Cruz%20Art%20Expressions%201545%20Pacific%20Ave,
Nanda on Pacific,1547 Pacific Ave,landmark_and_historical_building,0.002,https://www.google.com/search?q=Nanda%20on%20Pacific%201547%20Pacific%20Ave,
Santa Cruz Art Center,1001 Center St,art_gallery,0.002,https://www.google.com/search?q=Santa%20Cruz%20Art%20Center%201001%20Center%20St,
Beyond the Box,1001 Center St,contractor,0.002,https://www.google.com/search?q=Beyond%20the%20Box%201001%20Center%20St,
Zoccoli's Delicatessen,1534 Pacific Ave,delicatessen,0.002,https://www.google.com/search?q=Zoccoli's%20Delicatessen%201534%20Pacific%20Ave,
Alchemy Haus of Hair,1021 Center St,beauty_salon,0.002,https://www.google.com/search?q=Alchemy%20Haus%20of%20Hair%201021%20Center%20St,
Thrifty Cuts Barber Shop,805 Front St,barber,0.002,https://www.google.com/search?q=Thrifty%20Cuts%20Barber%20Shop%20805%20Front%20St,
Tumbleweed Found,1025 Center St,thrift_store,0.002,https://www.google.com/search?q=Tumbleweed%20Found%201025%20Center%20St,
Santa Cruz Police Auditor,915 Cedar St,public_and_government_association,0.002,https://www.google.com/search?q=Santa%20Cruz%20Police%20Auditor%20915%20Cedar%20St,
Santa Cruz Naturopathic Medical Center,736 Chestnut St,naturopathic_holistic,0.002,https://www.google.com/search?q=Santa%20Cruz%20Naturopathic%20Medical%20Center%20736%20Chestnut%20St,
Awe Sum Organics,123 Locust St,farmers_market,0.002,https://www.google.com/search?q=Awe%20Sum%20Organics%20123%20Locust%20St,
Level Up Video Games,113 Locust St,video_game_store,0.002,https://www.google.com/search?q=Level%20Up%20Video%20Games%20113%20Locust%20St,
Peach Parlor,1007 Cedar St,hair_removal,0.002,https://www.google.com/search?q=Peach%20Parlor%201007%20Cedar%20St,
There's No Place Like Om,108 Locust St,massage,0.002,https://www.google.com/search?q=There's%20No%20Place%20Like%20Om%20108%20Locust%20St,
Santa Cruz Travel,1519 Pacific Ave,travel_services,0.002,https://www.google.com/search?q=Santa%20Cruz%20Travel%201519%20Pacific%20Ave,
Lanakila Iesu,108 Locust St,massage_therapy,0.002,https://www.google.com/search?q=Lanakila%20Iesu%20108%20Locust%20St,
Atlantis Fantasyworld,1020 Cedar St,flowers_and_gifts_shop,0.002,https://www.google.com/search?q=Atlantis%20Fantasyworld%201020%20Cedar%20St,
Studio About Her ,1001 Center St,boutique,0.002,https://www.google.com/search?q=Studio%20About%20Her%20%201001%20Center%20St,
Downtown Pacific Avenue Santa Cruz.,,arts_and_entertainment,0.002,https://www.google.com/search?q=Downtown%20Pacific%20Avenue%20Santa%20Cruz.%20,
Peter Spellman Architecture,102 Green St,architectural_designer,0.002,https://www.google.com/search?q=Peter%20Spellman%20Architecture%20102%20Green%20St,
Pacific Wave Surf Shop,1502 Pacific Ave,surf_shop,0.002,https://www.google.com/search?q=Pacific%20Wave%20Surf%20Shop%201502%20Pacific%20Ave,
Clouds Air Duct Cleaning,706 Chestnut St,hvac_services,0.002,https://www.google.com/search?q=Clouds%20Air%20Duct%20Cleaning%20706%20Chestnut%20St,
Erica Pittman Realtor,101 Cooper St,appraisal_services,0.002,https://www.google.com/search?q=Erica%20Pittman%20Realtor%20101%20Cooper%20St,
Bank of America ATM,1128-A Pacific Ave,bank_credit_union,0.002,https://www.google.com/search?q=Bank%20of%20America%20ATM%201128-A%20Pacific%20Ave,
Pacific Sun Properties,734 Chestnut St,real_estate,0.002,https://www.google.com/search?q=Pacific%20Sun%20Properties%20734%20Chestnut%20St,
Wildflower Landscape Design,101 Cooper St,landscaping,0.002,https://www.google.com/search?q=Wildflower%20Landscape%20Design%20101%20Cooper%20St,
Equinox,113 Cooper St,health_and_medical,0.002,https://www.google.com/search?q=Equinox%20113%20Cooper%20St,
Angela Rose,517 Mission St,psychotherapist,0.002,https://www.google.com/search?q=Angela%20Rose%20517%20Mission%20St,
Marisa Abzug-Callender - The Fork In The Road Coach,501 Mission St,counseling_and_mental_health,0.002,https://www.google.com/search?q=Marisa%20Abzug-Callender%20-%20The%20Fork%20In%20The%20Road%20Coach%20501%20Mission%20St,
SEIU Local,517 Mission St b,labor_union,0.002,https://www.google.com/search?q=SEIU%20Local%20517%20Mission%20St%20b,
Santa Cruz Live Scan,841 Cedar St,professional_services,0.002,https://www.google.com/search?q=Santa%20Cruz%20Live%20Scan%20841%20Cedar%20St,
Santa Cruz Integrative Medicine,740 Front St,naturopathic_holistic,0.002,https://www.google.com/search?q=Santa%20Cruz%20Integrative%20Medicine%20740%20Front%20St,
Romero Institute,740 Front St,charity_organization,0.002,https://www.google.com/search?q=Romero%20Institute%20740%20Front%20St,
Southern Yosemite Mountain Guides,130 Pearl Aly,tours,0.002,https://www.google.com/search?q=Southern%20Yosemite%20Mountain%20Guides%20130%20Pearl%20Aly,
Mindpath College Health,740 Front St,counseling_and_mental_health,0.002,https://www.google.com/search?q=Mindpath%20College%20Health%20740%20Front%20St,
Evolve Wellness Studio,120 Pearl Aly,naturopathic_holistic,0.002,https://www.google.com/search?q=Evolve%20Wellness%20Studio%20120%20Pearl%20Aly,
Petroglyph Ceramic Lounge,125 Walnut Ave,arts_and_crafts,0.002,https://www.google.com/search?q=Petroglyph%20Ceramic%20Lounge%20125%20Walnut%20Ave,
Workbench,189 Walnut Ave,contractor,0.002,https://www.google.com/search?q=Workbench%20189%20Walnut%20Ave,
"Andrea A. Seitz, MFT",841 Cedar St,psychotherapist,0.002,"https://www.google.com/search?q=Andrea%20A.%20Seitz,%20MFT%20841%20Cedar%20St",
Santa Cruz County Democratic Party,740 Front St,political_party_office,0.002,https://www.google.com/search?q=Santa%20Cruz%20County%20Democratic%20Party%20740%20Front%20St,
A Taste of Santa Cruz,705 Front St,winery,0.002,https://www.google.com/search?q=A%20Taste%20of%20Santa%20Cruz%20705%20Front%20St,
Rēf,1349 Pacific Ave,yoga_studio,0.002,https://www.google.com/search?q=Rēf%201349%20Pacific%20Ave,
The Footprint Shop,1349 Pacific Ave,home_goods_store,0.002,https://www.google.com/search?q=The%20Footprint%20Shop%201349%20Pacific%20Ave,
Dream Home Images,877 Cedar St,professional_services,0.002,https://www.google.com/search?q=Dream%20Home%20Images%20877%20Cedar%20St,
Insight Santa Cruz,740 Front St,meditation_center,0.002,https://www.google.com/search?q=Insight%20Santa%20Cruz%20740%20Front%20St,
Holly Hughes and Co.,740 Front St,professional_services,0.002,https://www.google.com/search?q=Holly%20Hughes%20and%20Co.%20740%20Front%20St,
Community Life Services,740 Front St,social_service_organizations,0.002,https://www.google.com/search?q=Community%20Life%20Services%20740%20Front%20St,
Mary Jo Aloi,740 Front St,naturopathic_holistic,0.002,https://www.google.com/search?q=Mary%20Jo%20Aloi%20740%20Front%20St,
Stephan's Fine Jewelry,102 Walnut Ave,jewelry_store,0.002,https://www.google.com/search?q=Stephan's%20Fine%20Jewelry%20102%20Walnut%20Ave,
Iversen Design,877 Cedar St,graphic_designer,0.002,https://www.google.com/search?q=Iversen%20Design%20877%20Cedar%20St,
Downtown Santa Cruz Info Kiosk,1130 Pacific Ave,travel_services,0.002,https://www.google.com/search?q=Downtown%20Santa%20Cruz%20Info%20Kiosk%201130%20Pacific%20Ave,
Wisdom Healing Tarot,1125 Pacific Ave,psychic,0.002,https://www.google.com/search?q=Wisdom%20Healing%20Tarot%201125%20Pacific%20Ave,
Best Thai Spa,147 River St S,massage,0.002,https://www.google.com/search?q=Best%20Thai%20Spa%20147%20River%20St%20S,
Santa Cruz Essential Health,740 Front St,physical_therapy,0.002,https://www.google.com/search?q=Santa%20Cruz%20Essential%20Health%20740%20Front%20St,
True Olive Connection/Outside-In Aptos,106 Lincoln St,grocery_store,0.002,https://www.google.com/search?q=True%20Olive%20Connection/Outside-In%20Aptos%20106%20Lincoln%20St,
Om Gallery,1201 Pacific Ave,flowers_and_gifts_shop,0.002,https://www.google.com/search?q=Om%20Gallery%201201%20Pacific%20Ave,
Lynne MacFarlane Homes,720 Front St,real_estate_agent,0.002,https://www.google.com/search?q=Lynne%20MacFarlane%20Homes%20720%20Front%20St,
Melissa Hansen Real Estate,720 Front St,real_estate,0.002,https://www.google.com/search?q=Melissa%20Hansen%20Real%20Estate%20720%20Front%20St,
New Leaf Community Markets,1134 Pacific Ave,grocery_store,0.002,https://www.google.com/search?q=New%20Leaf%20Community%20Markets%201134%20Pacific%20Ave,
Ride The Wave Recovery,104 Walnut Ave,counseling_and_mental_health,0.002,https://www.google.com/search?q=Ride%20The%20Wave%20Recovery%20104%20Walnut%20Ave,
The Corman Law Offices,740 Front St,wills_trusts_and_probate,0.002,https://www.google.com/search?q=The%20Corman%20Law%20Offices%20740%20Front%20St,
Tsinta Mani Choling,740 Front St,meditation_center,0.002,https://www.google.com/search?q=Tsinta%20Mani%20Choling%20740%20Front%20St,
Santa Cruz SEO,1200 Pacific Ave,internet_marketing_service,0.002,https://www.google.com/search?q=Santa%20Cruz%20SEO%201200%20Pacific%20Ave,
Jennifer Alexander MFT,147 River St S,counseling_and_mental_health,0.002,https://www.google.com/search?q=Jennifer%20Alexander%20MFT%20147%20River%20St%20S,
California Finest CBD,1315 Pacific Ave,cannabis_clinic,0.002,https://www.google.com/search?q=California%20Finest%20CBD%201315%20Pacific%20Ave,
Jodi Skin Wax,1315 Pacific Ave,waxing,0.002,https://www.google.com/search?q=Jodi%20Skin%20Wax%201315%20Pacific%20Ave,
Ksaok Digital Asset Center,101 Cooper St,financial_service,0.002,https://www.google.com/search?q=Ksaok%20Digital%20Asset%20Center%20101%20Cooper%20St,
Wisdom Center of Santa Cruz,740 Front St,meditation_center,0.002,https://www.google.com/search?q=Wisdom%20Center%20of%20Santa%20Cruz%20740%20Front%20St,
Santa Cruz Ayurveda,833 Cedar St,naturopathic_holistic,0.002,https://www.google.com/search?q=Santa%20Cruz%20Ayurveda%20833%20Cedar%20St,
Eliot Nemzer,406 Mission St,naturopathic_holistic,0.002,https://www.google.com/search?q=Eliot%20Nemzer%20406%20Mission%20St,
Head Heart Hands Healing,"406 Mission Street, Suite E Westside Healing Arts Center",massage,0.002,"https://www.google.com/search?q=Head%20Heart%20Hands%20Healing%20406%20Mission%20Street,%20Suite%20E%20Westside%20Healing%20Arts%20Center",
Bunny's Shoes,1350 Pacific Ave,shoe_store,0.002,https://www.google.com/search?q=Bunny's%20Shoes%201350%20Pacific%20Ave,
Hat Co of Santa Cruz,1346 Pacific Ave,hat_shop,0.002,https://www.google.com/search?q=Hat%20Co%20of%20Santa%20Cruz%201346%20Pacific%20Ave,
Paper Vision,1345 Pacific Ave,flowers_and_gifts_shop,0.002,https://www.google.com/search?q=Paper%20Vision%201345%20Pacific%20Ave,
Vital Fertility,406 Mission St,fertility,0.002,https://www.google.com/search?q=Vital%20Fertility%20406%20Mission%20St,
Homeless Garden Project Store,1338 Pacific Ave,flowers_and_gifts_shop,0.002,https://www.google.com/search?q=Homeless%20Garden%20Project%20Store%201338%20Pacific%20Ave,
Long Meadow Holistic,406 Mission St,massage,0.002,https://www.google.com/search?q=Long%20Meadow%20Holistic%20406%20Mission%20St,
Five Gables Family Dentistry,500 Mission St,dentist,0.002,https://www.google.com/search?q=Five%20Gables%20Family%20Dentistry%20500%20Mission%20St,
"Santa Cruz Family Counseling- Bruce L. Ross, LMFT",406 Mission St,counseling_and_mental_health,0.002,"https://www.google.com/search?q=Santa%20Cruz%20Family%20Counseling-%20Bruce%20L.%20Ross,%20LMFT%20406%20Mission%20St",
Superior Alarm Co,602 Mission St,home_security,0.002,https://www.google.com/search?q=Superior%20Alarm%20Co%20602%20Mission%20St,
Alyssa Danielle Therapeutics,520 Mission St,massage_therapy,0.002,https://www.google.com/search?q=Alyssa%20Danielle%20Therapeutics%20520%20Mission%20St,
Natural Bridges Therapy,520 Mission St,psychotherapist,0.002,https://www.google.com/search?q=Natural%20Bridges%20Therapy%20520%20Mission%20St,
United Nations Associates Unicef,1330 Pacific Ave,social_service_organizations,0.002,https://www.google.com/search?q=United%20Nations%20Associates%20Unicef%201330%20Pacific%20Ave,
The Spine Works,520 Mission St,naturopathic_holistic,0.002,https://www.google.com/search?q=The%20Spine%20Works%20520%20Mission%20St,
m.k. contemporary art,703 Front St,art_gallery,0.002,https://www.google.com/search?q=m.k.%20contemporary%20art%20703%20Front%20St,
Artisans & Agency,1368 Pacific Ave,flowers_and_gifts_shop,0.002,https://www.google.com/search?q=Artisans%20&%20Agency%201368%20Pacific%20Ave,
Defib This,1543 Pacific Ave,first_aid_class,0.002,https://www.google.com/search?q=Defib%20This%201543%20Pacific%20Ave,
Paystand,101 Church St,professional_services,0.002,https://www.google.com/search?q=Paystand%20101%20Church%20St,
Adobe on Green Street Inn,103 Green St,bed_and_breakfast,0.002,https://www.google.com/search?q=Adobe%20on%20Green%20Street%20Inn%20103%20Green%20St,
Santa Cruz Record,877 Cedar St,print_media,0.002,https://www.google.com/search?q=Santa%20Cruz%20Record%20877%20Cedar%20St,
Christiania Bikes America,1368 Pacific Ave,bicycle_shop,0.002,https://www.google.com/search?q=Christiania%20Bikes%20America%201368%20Pacific%20Ave,
Trader Joes,700 Front St,grocery_store,0.002,https://www.google.com/search?q=Trader%20Joes%20700%20Front%20St,
ROW Collective,738 Chestnut St,art_gallery,0.001,https://www.google.com/search?q=ROW%20Collective%20738%20Chestnut%20St,
Needful Things Smoke Shop,823 Pacific Ave,tobacco_shop,0.001,https://www.google.com/search?q=Needful%20Things%20Smoke%20Shop%20823%20Pacific%20Ave,
Momo Acupuncture,740 Front St,acupuncture,0.001,https://www.google.com/search?q=Momo%20Acupuncture%20740%20Front%20St,
Larson Don W DDS,916 Center St,dentist,0.001,https://www.google.com/search?q=Larson%20Don%20W%20DDS%20916%20Center%20St,
Santa Cruz Wellness Center,501 Mission St,health_and_medical,0.001,https://www.google.com/search?q=Santa%20Cruz%20Wellness%20Center%20501%20Mission%20St,
Body Resultz Skin Care,1001 Center St,skin_care,0.001,https://www.google.com/search?q=Body%20Resultz%20Skin%20Care%201001%20Center%20St,
Re-Cycle Garage,348 Washington St,community_services_non_profits,0.001,https://www.google.com/search?q=Re-Cycle%20Garage%20348%20Washington%20St,
L Kershner Design,911 Center St,interior_design,0.001,https://www.google.com/search?q=L%20Kershner%20Design%20911%20Center%20St,
"Dr. Craig Eymann / Aloha Sports Chiropractic, Santa Cruz CA",903 Pacific Ave,chiropractor,0.001,"https://www.google.com/search?q=Dr.%20Craig%20Eymann%20/%20Aloha%20Sports%20Chiropractic,%20Santa%20Cruz%20CA%20903%20Pacific%20Ave",
Cardinal Construction,903 Pacific Ave,construction_services,0.001,https://www.google.com/search?q=Cardinal%20Construction%20903%20Pacific%20Ave,
Sarah's Chop Shop,426 Locust St,beauty_salon,0.001,https://www.google.com/search?q=Sarah's%20Chop%20Shop%20426%20Locust%20St,
Dr. Francis Kuo Family Eyecare,346 Union St,optometrist,0.001,https://www.google.com/search?q=Dr.%20Francis%20Kuo%20Family%20Eyecare%20346%20Union%20St,
Tiny Dancer Ballet Studio,1001 Center St,dance_school,0.001,https://www.google.com/search?q=Tiny%20Dancer%20Ballet%20Studio%201001%20Center%20St,
Action Chiropractic Center,406 Mission St,chiropractor,0.001,https://www.google.com/search?q=Action%20Chiropractic%20Center%20406%20Mission%20St,
East West Acupuncture and Herb Clinic,912 Center St,acupuncture,0.001,https://www.google.com/search?q=East%20West%20Acupuncture%20and%20Herb%20Clinic%20912%20Center%20St,
Mbd Consulting,310 Locust St Ste C,marketing_consultant,0.001,https://www.google.com/search?q=Mbd%20Consulting%20310%20Locust%20St%20Ste%20C,
Lifestyle Culinary Arts,1001 Center St,caterer,0.001,https://www.google.com/search?q=Lifestyle%20Culinary%20Arts%201001%20Center%20St,
Charmian Traynor,108 Locust St,acupuncture,0.001,https://www.google.com/search?q=Charmian%20Traynor%20108%20Locust%20St,
Metro Santa Cruz,,train_station,0.001,https://www.google.com/search?q=Metro%20Santa%20Cruz%20,
Octagon Building,Front Cooper Sts,monument,0.001,https://www.google.com/search?q=Octagon%20Building%20Front%20Cooper%20Sts,
Alana Ramey-Bernardi,1011 Center St,acupuncture,0.001,https://www.google.com/search?q=Alana%20Ramey-Bernardi%201011%20Center%20St,
UC Santa Cruz Undergraduate Admissions,"University of California at Santa Cruz, 1156 High St",college_university,0.001,"https://www.google.com/search?q=UC%20Santa%20Cruz%20Undergraduate%20Admissions%20University%20of%20California%20at%20Santa%20Cruz,%201156%20High%20St",
The Salvation Army Santa Cruz Corps Community Center,721 Laurel St,charity_organization,0.001,https://www.google.com/search?q=The%20Salvation%20Army%20Santa%20Cruz%20Corps%20Community%20Center%20721%20Laurel%20St,
Sounding Heart,310 Locust St,counseling_and_mental_health,0.001,https://www.google.com/search?q=Sounding%20Heart%20310%20Locust%20St,
"Dr Kristina Hanley, DAOM, LAc",740 Front St,acupuncture,0.001,"https://www.google.com/search?q=Dr%20Kristina%20Hanley,%20DAOM,%20LAc%20740%20Front%20St",
76,335 Mission St,gas_station,0.001,https://www.google.com/search?q=76%20335%20Mission%20St,
Coastline Pilates,406 Mission St,pilates_studio,0.001,https://www.google.com/search?q=Coastline%20Pilates%20406%20Mission%20St,
Project Pollinate,703 Pacific Ave,community_services_non_profits,0.001,https://www.google.com/search?q=Project%20Pollinate%20703%20Pacific%20Ave,
London Nelson Community Center,301 Center St,community_center,0.001,https://www.google.com/search?q=London%20Nelson%20Community%20Center%20301%20Center%20St,
FortyThree,740 Front St,public_relations,0.001,https://www.google.com/search?q=FortyThree%20740%20Front%20St,
Kenville Locksmith and Security,111 Union St,key_and_locksmith,0.001,https://www.google.com/search?q=Kenville%20Locksmith%20and%20Security%20111%20Union%20St,
Amanda E. Fargo,501 Mission St,psychologist,0.001,https://www.google.com/search?q=Amanda%20E.%20Fargo%20501%20Mission%20St,
Hard Core Compost,703 Pacific Ave,garbage_collection_service,0.001,https://www.google.com/search?q=Hard%20Core%20Compost%20703%20Pacific%20Ave,
The 24 Hours of Lemons,1015 Cedar St,race_track,0.001,https://www.google.com/search?q=The%2024%20Hours%20of%20Lemons%201015%20Cedar%20St,
Adrianna Gonzalez Acupuncture,740 Front St,acupuncture,0.001,https://www.google.com/search?q=Adrianna%20Gonzalez%20Acupuncture%20740%20Front%20St,
Schooner Realty,1015 Cedar St,property_management,0.001,https://www.google.com/search?q=Schooner%20Realty%201015%20Cedar%20St,
Club Pilates,1010 Center St,pilates_studio,0.001,https://www.google.com/search?q=Club%20Pilates%201010%20Center%20St,
Big Brothers Big Sisters of Santa Cruz County,740 Front St,community_services_non_profits,0.001,https://www.google.com/search?q=Big%20Brothers%20Big%20Sisters%20of%20Santa%20Cruz%20County%20740%20Front%20St,
Goodwill Central Coast,204 Union St,thrift_store,0.001,https://www.google.com/search?q=Goodwill%20Central%20Coast%20204%20Union%20St,
"Spalding Digital Edge, LLC",1013 Cedar St,internet_marketing_service,0.001,"https://www.google.com/search?q=Spalding%20Digital%20Edge,%20LLC%201013%20Cedar%20St",
SubRosa Community Space,703 Pacific Ave,community_center,0.001,https://www.google.com/search?q=SubRosa%20Community%20Space%20703%20Pacific%20Ave,
Kumon Math and Reading Center,740 Front St,tutoring_center,0.001,https://www.google.com/search?q=Kumon%20Math%20and%20Reading%20Center%20740%20Front%20St,
Botanical Reflexology,740 Front St,reflexology,0.001,https://www.google.com/search?q=Botanical%20Reflexology%20740%20Front%20St,
Community Law & Mediation Services,310 Locust St Suite F,lawyer,0.001,https://www.google.com/search?q=Community%20Law%20&%20Mediation%20Services%20310%20Locust%20St%20Suite%20F,
Avatar Imports,814 Pacific Ave,womens_clothing_store,0.001,https://www.google.com/search?q=Avatar%20Imports%20814%20Pacific%20Ave,
Birth Point Acupuncture,406 Mission St,acupuncture,0.001,https://www.google.com/search?q=Birth%20Point%20Acupuncture%20406%20Mission%20St,
Downtown Association,740 Front St,community_services_non_profits,0.001,https://www.google.com/search?q=Downtown%20Association%20740%20Front%20St,
Conscious Current Hypnotherapy,501 Mission St,naturopathic_holistic,0.001,https://www.google.com/search?q=Conscious%20Current%20Hypnotherapy%20501%20Mission%20St,
Art Research Office,1025 Center St,art_gallery,0.001,https://www.google.com/search?q=Art%20Research%20Office%201025%20Center%20St,
Rachel Farber Wellness,406 Mission St,acupuncture,0.001,https://www.google.com/search?q=Rachel%20Farber%20Wellness%20406%20Mission%20St,
Kyle R. Keene,740 Front St,naturopathic_holistic,0.001,https://www.google.com/search?q=Kyle%20R.%20Keene%20740%20Front%20St,
College Nine Senate,,college_university,0.001,https://www.google.com/search?q=College%20Nine%20Senate%20,
Leaf and Vine Urban Plant Shop,1532 Pacific Ave,nursery_and_gardening,0.001,https://www.google.com/search?q=Leaf%20and%20Vine%20Urban%20Plant%20Shop%201532%20Pacific%20Ave,
A Child's Reflection,327 Church St,day_care_preschool,0.001,https://www.google.com/search?q=A%20Child's%20Reflection%20327%20Church%20St,
Glatfelter-Jones & Decker Architecture,312 Lincoln St,professional_services,0.001,https://www.google.com/search?q=Glatfelter-Jones%20&%20Decker%20Architecture%20312%20Lincoln%20St,
Boys & Girls Clubs of Santa Cruz County,543 Center St,community_services_non_profits,0.001,https://www.google.com/search?q=Boys%20&%20Girls%20Clubs%20of%20Santa%20Cruz%20County%20543%20Center%20St,
SSS Pearls,543 Center St,youth_organizations,0.001,https://www.google.com/search?q=SSS%20Pearls%20543%20Center%20St,
Penrose Chun & Gorman LLP,1200 Pacific Ave,lawyer,0.001,https://www.google.com/search?q=Penrose%20Chun%20&%20Gorman%20LLP%201200%20Pacific%20Ave,
Cowell Beach Termite Removal Expert,1200 Pacific Ave,pest_control_service,0.001,https://www.google.com/search?q=Cowell%20Beach%20Termite%20Removal%20Expert%201200%20Pacific%20Ave,
Palomar Ballroom Santa Cruz,1344 Pacific Ave,dance_school,0.001,https://www.google.com/search?q=Palomar%20Ballroom%20Santa%20Cruz%201344%20Pacific%20Ave,
Avila Dance Instruction,1344 Pacific Ave,dance_school,0.001,https://www.google.com/search?q=Avila%20Dance%20Instruction%201344%20Pacific%20Ave,
Chestnut Street Apartment,530 Chestnut St,landmark_and_historical_building,0.001,https://www.google.com/search?q=Chestnut%20Street%20Apartment%20530%20Chestnut%20St,
City of Santa Cruz Sister Cities Committee,323 Church St,community_services_non_profits,0.001,https://www.google.com/search?q=City%20of%20Santa%20Cruz%20Sister%20Cities%20Committee%20323%20Church%20St,
Healing Coast Chiropractic,528 Chestnut St,chiropractor,0.001,https://www.google.com/search?q=Healing%20Coast%20Chiropractic%20528%20Chestnut%20St,
Awakening Wild,,active_life,0.001,https://www.google.com/search?q=Awakening%20Wild%20,
Sage Float Spa,230 Walnut Ave,spas,0.001,https://www.google.com/search?q=Sage%20Float%20Spa%20230%20Walnut%20Ave,
Laura Price Holistic Health Care,,naturopathic_holistic,0.001,https://www.google.com/search?q=Laura%20Price%20Holistic%20Health%20Care%20,
Santa Cruz Fire Department Station 1,711 Center St,fire_department,0.001,https://www.google.com/search?q=Santa%20Cruz%20Fire%20Department%20Station%201%20711%20Center%20St,
Santa Cruz Area Chamber of Commerce,725 Front St,community_services_non_profits,0.001,https://www.google.com/search?q=Santa%20Cruz%20Area%20Chamber%20of%20Commerce%20725%20Front%20St,
Santa Cruz Software,877 Cedar St,software_development,0.001,https://www.google.com/search?q=Santa%20Cruz%20Software%20877%20Cedar%20St,
Prophet Elias Greek Orthodox Church,223 Church St,church_cathedral,0.001,https://www.google.com/search?q=Prophet%20Elias%20Greek%20Orthodox%20Church%20223%20Church%20St,
Byzantine Jewelry,1530 Pacific Ave,jewelry_store,0.001,https://www.google.com/search?q=Byzantine%20Jewelry%201530%20Pacific%20Ave,
Kinship Hair Co.,114 Pearl Aly,hair_salon,0.001,https://www.google.com/search?q=Kinship%20Hair%20Co.%20114%20Pearl%20Aly,
Fonda Technologies,877 Cedar St,software_development,0.001,https://www.google.com/search?q=Fonda%20Technologies%20877%20Cedar%20St,
Benevolently,877 Cedar St,community_services_non_profits,0.001,https://www.google.com/search?q=Benevolently%20877%20Cedar%20St,
Santa Cruz Public Libraries,224 Church St,library,0.001,https://www.google.com/search?q=Santa%20Cruz%20Public%20Libraries%20224%20Church%20St,
Genealogical Society Library,244 Church St,library,0.001,https://www.google.com/search?q=Genealogical%20Society%20Library%20244%20Church%20St,
Pana Food Truck,118 Cooper St,food_truck,0.001,https://www.google.com/search?q=Pana%20Food%20Truck%20118%20Cooper%20St,
Capitola Advanced Aesthetics,304 Lincoln St,beauty_salon,0.001,https://www.google.com/search?q=Capitola%20Advanced%20Aesthetics%20304%20Lincoln%20St,
Dell Williams Jewelers,1320 Pacific Ave,jewelry_store,0.001,https://www.google.com/search?q=Dell%20Williams%20Jewelers%201320%20Pacific%20Ave,
Santa Cruz Dentists,1200 Pacific Ave,dentist,0.001,https://www.google.com/search?q=Santa%20Cruz%20Dentists%201200%20Pacific%20Ave,
Inboard Technology,1347 Pacific Ave,event_planning,0.001,https://www.google.com/search?q=Inboard%20Technology%201347%20Pacific%20Ave,
GO Santa Cruz County,,travel,0.001,https://www.google.com/search?q=GO%20Santa%20Cruz%20County%20,
Stripe,107 Walnut Ave,interior_design,0.001,https://www.google.com/search?q=Stripe%20107%20Walnut%20Ave,
Family Service Agency of the Central Coast,104 Walnut Ave,counseling_and_mental_health,0.001,https://www.google.com/search?q=Family%20Service%20Agency%20of%20the%20Central%20Coast%20104%20Walnut%20Ave,
"Evergreen Historical Cemetery, Santa Cruz CA",,public_service_and_government,0.001,"https://www.google.com/search?q=Evergreen%20Historical%20Cemetery,%20Santa%20Cruz%20CA%20",
Pacific Trading Co.,1224 Pacific Ave,womens_clothing_store,0.001,https://www.google.com/search?q=Pacific%20Trading%20Co.%201224%20Pacific%20Ave,
Fullpower Technologies,1200 Pacific Ave,information_technology_company,0.001,https://www.google.com/search?q=Fullpower%20Technologies%201200%20Pacific%20Ave,
Digital Opportunity,1071 41st Ave,childrens_clothing_store,0.001,https://www.google.com/search?q=Digital%20Opportunity%201071%2041st%20Ave,
Edgewater Health Center,portola dr,professional_services,0.001,https://www.google.com/search?q=Edgewater%20Health%20Center%20portola%20dr,
Jade,117 Walnut Ave,womens_clothing_store,0.001,https://www.google.com/search?q=Jade%20117%20Walnut%20Ave,
Kaplan Sharon,144 Walnut Ave,psychotherapist,0.001,https://www.google.com/search?q=Kaplan%20Sharon%20144%20Walnut%20Ave,
Calvary Episcopal Church,532 Center St,church_cathedral,0.001,https://www.google.com/search?q=Calvary%20Episcopal%20Church%20532%20Center%20St,
Maureen Rozenn,845 Cedar St,naturopathic_holistic,0.001,https://www.google.com/search?q=Maureen%20Rozenn%20845%20Cedar%20St,
Little Red Church,532 Center St,church_cathedral,0.001,https://www.google.com/search?q=Little%20Red%20Church%20532%20Center%20St,
Santa Cruz Refillery,1349 Pacific Ave,shopping,0.001,https://www.google.com/search?q=Santa%20Cruz%20Refillery%201349%20Pacific%20Ave,
Friends of the Rail & Trail,877 Cedar St,community_services_non_profits,0.001,https://www.google.com/search?q=Friends%20of%20the%20Rail%20&%20Trail%20877%20Cedar%20St,
Voosh Technologies Inc,877 Cedar St,software_development,0.001,https://www.google.com/search?q=Voosh%20Technologies%20Inc%20877%20Cedar%20St,
Pulse Productions,120 Pearl Aly,topic_concert_venue,0.001,https://www.google.com/search?q=Pulse%20Productions%20120%20Pearl%20Aly,
12 AM Design,877 Cedar St,printing_services,0.001,https://www.google.com/search?q=12%20AM%20Design%20877%20Cedar%20St,
Ecology Action,877 Cedar St,community_services_non_profits,0.001,https://www.google.com/search?q=Ecology%20Action%20877%20Cedar%20St,
Sasha Brodsky,1362 Pacific Ave,lawyer,0.001,https://www.google.com/search?q=Sasha%20Brodsky%201362%20Pacific%20Ave,
Brereton Law Office,1362 Pacific Ave,lawyer,0.001,https://www.google.com/search?q=Brereton%20Law%20Office%201362%20Pacific%20Ave,
Avatar Imports,1364 Pacific Ave,wholesale_store,0.001,https://www.google.com/search?q=Avatar%20Imports%201364%20Pacific%20Ave,
Asphera Incorporated,629 Center St,event_planning,0.001,https://www.google.com/search?q=Asphera%20Incorporated%20629%20Center%20St,
BURL AUDIO,,b2b_electronic_equipment,0.001,https://www.google.com/search?q=BURL%20AUDIO%20,
First Class Cleaning Services,,home_cleaning,0.001,https://www.google.com/search?q=First%20Class%20Cleaning%20Services%20,
Santa Cruz High School Pool,006 501-01,swimming_pool,0.001,https://www.google.com/search?q=Santa%20Cruz%20High%20School%20Pool%20006%20501-01,
West Coast Community Bank,75 River St,bank_credit_union,0.001,https://www.google.com/search?q=West%20Coast%20Community%20Bank%2075%20River%20St,
Eye Q,1101 Pacific Ave,optometrist,0.001,https://www.google.com/search?q=Eye%20Q%201101%20Pacific%20Ave,
Monterey Bay Fisheries Trust,101 Cooper St,community_services_non_profits,0.001,https://www.google.com/search?q=Monterey%20Bay%20Fisheries%20Trust%20101%20Cooper%20St,
Santa Cruz High School Baseball Field,,baseball_field,0.001,https://www.google.com/search?q=Santa%20Cruz%20High%20School%20Baseball%20Field%20,
Santa Cruz High Softball Field,"Santa Cruz High School, 415 Walnut Ave",attractions_and_activities,0.001,"https://www.google.com/search?q=Santa%20Cruz%20High%20Softball%20Field%20Santa%20Cruz%20High%20School,%20415%20Walnut%20Ave",
KeyMe Locksmiths,602 Laurel St,key_and_locksmith,0.001,https://www.google.com/search?q=KeyMe%20Locksmiths%20602%20Laurel%20St,
Pacific Avenue Historic District,,landmark_and_historical_building,0.001,https://www.google.com/search?q=Pacific%20Avenue%20Historic%20District%20,
Forte Vocal Performance Acad,418 Maple St,performing_arts,0.001,https://www.google.com/search?q=Forte%20Vocal%20Performance%20Acad%20418%20Maple%20St,
Fine Point Law,113 Cooper St,lawyer,0.001,https://www.google.com/search?q=Fine%20Point%20Law%20113%20Cooper%20St,
New Street Dental,525 Center St,dentist,0.001,https://www.google.com/search?q=New%20Street%20Dental%20525%20Center%20St,
NAACP Santa Cruz County,,community_services_non_profits,0.001,https://www.google.com/search?q=NAACP%20Santa%20Cruz%20County%20,
Project Daraja Inc. ,113 Cooper St,community_services_non_profits,0.001,https://www.google.com/search?q=Project%20Daraja%20Inc.%20%20113%20Cooper%20St,
Galleria Wellness Center,740 Front St,naturopathic_holistic,0.001,https://www.google.com/search?q=Galleria%20Wellness%20Center%20740%20Front%20St,
Cloud Brigade,101 Cooper St,information_technology_company,0.001,https://www.google.com/search?q=Cloud%20Brigade%20101%20Cooper%20St,
Mobile Kangaroo,740 Front St,it_service_and_computer_repair,0.001,https://www.google.com/search?q=Mobile%20Kangaroo%20740%20Front%20St,
Pacific Garden Mall,1424 Pacific Ave,shopping_center,0.001,https://www.google.com/search?q=Pacific%20Garden%20Mall%201424%20Pacific%20Ave,
Comerica Bank,25 River St,bank_credit_union,0.001,https://www.google.com/search?q=Comerica%20Bank%2025%20River%20St,
Veterans of Foreign Wars,846 Front St,community_services_non_profits,0.001,https://www.google.com/search?q=Veterans%20of%20Foreign%20Wars%20846%20Front%20St,
"Courtney's Colors, Cuts, Highlights & Waxing",507 Cedar St,beauty_salon,0.001,"https://www.google.com/search?q=Courtney's%20Colors,%20Cuts,%20Highlights%20&%20Waxing%20507%20Cedar%20St",
Santa Cruz Libraries Central Library,1543 Pacific Ave,library,0.001,https://www.google.com/search?q=Santa%20Cruz%20Libraries%20Central%20Library%201543%20Pacific%20Ave,
Poke House,1543 Pacific Ave,poke_restaurant,0.001,https://www.google.com/search?q=Poke%20House%201543%20Pacific%20Ave,
Giavaneers Inc,1545 Pacific Ave,software_development,0.001,https://www.google.com/search?q=Giavaneers%20Inc%201545%20Pacific%20Ave,
Santa Cruz City-County Library,1543 Pacific Ave,library,0.001,https://www.google.com/search?q=Santa%20Cruz%20City-County%20Library%201543%20Pacific%20Ave,
Friends of Santa Cruz State Parks,1543 Pacific Ave,community_services_non_profits,0.001,https://www.google.com/search?q=Friends%20of%20Santa%20Cruz%20State%20Parks%201543%20Pacific%20Ave,
Plaza Lane Optometry,1537 Pacific Ave,optometrist,0.001,https://www.google.com/search?q=Plaza%20Lane%20Optometry%201537%20Pacific%20Ave,
Bandit Systems,101 Cooper St,information_technology_company,0.001,https://www.google.com/search?q=Bandit%20Systems%20101%20Cooper%20St,
Survivors Healing Center,104 Walnut Ave,counseling_and_mental_health,0.001,https://www.google.com/search?q=Survivors%20Healing%20Center%20104%20Walnut%20Ave,
St George Residences,833 Front St,real_estate_service,0.001,https://www.google.com/search?q=St%20George%20Residences%20833%20Front%20St,
Fybr Bamboo,1528 Pacific Ave,womens_clothing_store,0.001,https://www.google.com/search?q=Fybr%20Bamboo%201528%20Pacific%20Ave,
ScratchSpace Inc,101 Cooper St,information_technology_company,0.001,https://www.google.com/search?q=ScratchSpace%20Inc%20101%20Cooper%20St,
PowerWest Properties Santa Cruz,118 Pearl Aly,property_management,0.001,https://www.google.com/search?q=PowerWest%20Properties%20Santa%20Cruz%20118%20Pearl%20Aly,
Santa Cruz,101 Cooper St,community_services_non_profits,0.001,https://www.google.com/search?q=Santa%20Cruz%20101%20Cooper%20St,
Moe's Alley,,topic_concert_venue,0.001,https://www.google.com/search?q=Moe's%20Alley%20,
Santa Cruz Chamber Players,P.O. Box 4174,community_services_non_profits,0.001,https://www.google.com/search?q=Santa%20Cruz%20Chamber%20Players%20P.O.%20Box%204174,
Wrist Rocket Creative,,graphic_designer,0.001,https://www.google.com/search?q=Wrist%20Rocket%20Creative%20,
Palookaville,1133 Pacific Ave,topic_concert_venue,0.001,https://www.google.com/search?q=Palookaville%201133%20Pacific%20Ave,
Event Santa Cruz,101 Cooper St,event_planning,0.001,https://www.google.com/search?q=Event%20Santa%20Cruz%20101%20Cooper%20St,
Scoot Science,877 Cedar St,software_development,0.001,https://www.google.com/search?q=Scoot%20Science%20877%20Cedar%20St,
Pixeltools Corporation,1205 Pacific Ave,software_development,0.001,https://www.google.com/search?q=Pixeltools%20Corporation%201205%20Pacific%20Ave,
Santa Cruz Indian Council,121 Rincon St,community_services_non_profits,0.001,https://www.google.com/search?q=Santa%20Cruz%20Indian%20Council%20121%20Rincon%20St,
Law Offices of Myra J Prestidge,101 Cooper St,lawyer,0.001,https://www.google.com/search?q=Law%20Offices%20of%20Myra%20J%20Prestidge%20101%20Cooper%20St,
Mission Hill Dental,615 Mission St,dentist,0.001,https://www.google.com/search?q=Mission%20Hill%20Dental%20615%20Mission%20St,
NextSpace Coworking Santa Cruz,101 Cooper St,event_planning,0.001,https://www.google.com/search?q=NextSpace%20Coworking%20Santa%20Cruz%20101%20Cooper%20St,
Santa Cruz Optometric Center,904 Cedar St,optometrist,0.001,https://www.google.com/search?q=Santa%20Cruz%20Optometric%20Center%20904%20Cedar%20St,
Spex,124 Church St,optometrist,0.001,https://www.google.com/search?q=Spex%20124%20Church%20St,
Paul Nelson Insurance Services,730 Mission St,insurance_agency,0.001,https://www.google.com/search?q=Paul%20Nelson%20Insurance%20Services%20730%20Mission%20St,
Tom Scribner statue,1520 Pacific Ave,fountain,0.001,https://www.google.com/search?q=Tom%20Scribner%20statue%201520%20Pacific%20Ave,
Agency,1368 Pacific Ave,home_goods_store,0.001,https://www.google.com/search?q=Agency%201368%20Pacific%20Ave,
Maria Fernandez Orthopedic Massage and Manual Therapy,108 Locust St,massage_therapy,0.001,https://www.google.com/search?q=Maria%20Fernandez%20Orthopedic%20Massage%20and%20Manual%20Therapy%20108%20Locust%20St,
Locust Street Garage,124 Locust St,parking,0.001,https://www.google.com/search?q=Locust%20Street%20Garage%20124%20Locust%20St,
Farmers Insurance - District Office 86,1521 Pacific Ave,insurance_agency,0.001,https://www.google.com/search?q=Farmers%20Insurance%20-%20District%20Office%2086%201521%20Pacific%20Ave,
Downtown Santa Cruz Makers Market,1520 Pacific Ave,grocery_store,0.001,https://www.google.com/search?q=Downtown%20Santa%20Cruz%20Makers%20Market%201520%20Pacific%20Ave,
Lama Lekshey Zangpo Rinpoche,740 Front St,meditation_center,0.0,https://www.google.com/search?q=Lama%20Lekshey%20Zangpo%20Rinpoche%20740%20Front%20St,
Leadership Santa Cruz County,101 Cooper St,community_services_non_profits,0.0,https://www.google.com/search?q=Leadership%20Santa%20Cruz%20County%20101%20Cooper%20St,
Think Local First Santa Cruz,1515 Pacific Ave,community_services_non_profits,0.0,https://www.google.com/search?q=Think%20Local%20First%20Santa%20Cruz%201515%20Pacific%20Ave,
Neurolutions,1101 Pacific Ave,medical_research_and_development,0.0,https://www.google.com/search?q=Neurolutions%201101%20Pacific%20Ave,
EDI Educators,175 Walnut Ave,community_services_non_profits,0.0,https://www.google.com/search?q=EDI%20Educators%20175%20Walnut%20Ave,
The Fábrica,703 Pacific Ave,community_services_non_profits,0.0,https://www.google.com/search?q=The%20Fábrica%20703%20Pacific%20Ave,
Free Skool Santa Cruz,703 Pacific Ave,community_services_non_profits,0.0,https://www.google.com/search?q=Free%20Skool%20Santa%20Cruz%20703%20Pacific%20Ave,
Smart Legal Solutions,406 Mission St,lawyer,0.0,https://www.google.com/search?q=Smart%20Legal%20Solutions%20406%20Mission%20St,
Santa Cruz Downtown Historic District,,park,0.0,https://www.google.com/search?q=Santa%20Cruz%20Downtown%20Historic%20District%20,
MME Civil and Structural Engineering,224 Walnut Ave,engineering_services,0.0,https://www.google.com/search?q=MME%20Civil%20and%20Structural%20Engineering%20224%20Walnut%20Ave,
Santa Cruz Property Management-Utopia ,343 Church St,property_management,0.0,https://www.google.com/search?q=Santa%20Cruz%20Property%20Management-Utopia%20%20343%20Church%20St,
Amtrak-Santa Cruz,920 Pacific Ave,bus_station,0.0,https://www.google.com/search?q=Amtrak-Santa%20Cruz%20920%20Pacific%20Ave,
Epiphany Recording Studio,341 Union St,music_production,0.0,https://www.google.com/search?q=Epiphany%20Recording%20Studio%20341%20Union%20St,
Authentic,310 Locust St,property_management,0.0,https://www.google.com/search?q=Authentic%20310%20Locust%20St,
Bobcat Technologies,101 Cooper St,software_development,0.0,https://www.google.com/search?q=Bobcat%20Technologies%20101%20Cooper%20St,
Psychedelic Santa Cruz,738 Chestnut St,community_services_non_profits,0.0,https://www.google.com/search?q=Psychedelic%20Santa%20Cruz%20738%20Chestnut%20St,
Laurel Park,301 Center St,park,0.0,https://www.google.com/search?q=Laurel%20Park%20301%20Center%20St,
FedEx Office Print & Ship Center,712 Front St,shipping_center,0.0,https://www.google.com/search?q=FedEx%20Office%20Print%20&%20Ship%20Center%20712%20Front%20St,
