id,name,category_primary,address_freeform,website,url_alive,days_since_update,source_count,has_website,has_phone,has_email,has_address,category_primary,category_alt_count,website_count,has_website,phone_count,has_phone,email_count,has_email,social_count,has_social,brand_name,has_brand,has_address,source_count,url_alive,osm_disused,osm_dist_m,url_status_code,url_is_4xx,url_is_error,consumer_cat,consumer_dead_url,contact_richness,src_AllThePlaces,src_DAC,src_Microsoft,src_Overture,src_PinMeTo,src_meta,meta_dead_url,probability_closed,prediction
af66790a-f086-435d-bd0f-6888d2f8ef29,Saturn Cafe,vegan_restaurant,145 Laurel St,http://santacruz.saturncafe.com,0.0,190,2,1,1,0,1,vegan_restaurant,0,1,1,1,1,0,0,2,1,,0,1,2,0.0,0,,-1.0,0.0,1.0,0.0,0.0,3,0,0,0,1,0,0,0.0,0.9983594,Closed
dabd9878-90cc-4539-8434-f1fa44a39d48,Diego Dennis Architect AIA,building_supply_store,500 Chestnut St,http://dennisdiegoarchitect.com,0.0,225,2,1,1,0,1,building_supply_store,0,1,1,1,1,0,0,0,0,,0,1,2,0.0,0,,-1.0,0.0,1.0,0.0,0.0,3,0,0,0,1,0,0,0.0,0.987694,Closed
50e6dfcb-9c8d-461c-989f-fb65777a8794,LibertyX Bitcoin ATM,atms,1330 Pacific Ave,https://libertyx.com/a/buy-bitcoin/locations/4CzYosfahNO6,0.0,1887,2,1,1,0,1,atms,0,1,1,1,1,0,0,2,1,,0,1,2,0.0,0,,-2.0,0.0,1.0,0.0,0.0,3,0,0,0,1,0,0,0.0,0.9807232,Closed
347bcb30-3ebf-4c72-8fae-7c53e4755f36,Quiznos,sandwich_shop,1010 Pacific Ave Ste E,http://quiznos.com,1.0,1804,2,1,1,0,1,sandwich_shop,0,1,1,1,1,0,0,2,1,,0,1,2,1.0,0,,200.0,0.0,0.0,1.0,0.0,3,0,0,0,1,0,0,0.0,0.97841257,Closed
86acc187-4d59-4f52-ac65-cdaf769fae29,The Buzz Sushi,sushi_restaurant,1010 Pacific Ave Ste F,http://www.thebuzzsushi.com,1.0,237,2,1,1,0,1,sushi_restaurant,0,1,1,1,1,0,0,1,1,,0,1,2,1.0,1,16.650326142689355,200.0,0.0,0.0,0.0,0.0,3,0,0,0,1,0,0,0.0,0.95799404,Closed
44cb7b60-b09e-4dce-a4e4-3e8f2b728f4d,Erik's DeliCafe,sandwich_shop,155 Walnut Ave,http://www.eriksdelicafe.com/,1.0,190,2,1,1,0,1,sandwich_shop,0,1,1,1,1,0,0,1,1,,0,1,2,1.0,0,,200.0,0.0,0.0,1.0,0.0,3,0,0,0,1,0,0,0.0,0.9574316,Closed
9c920715-b51f-4377-bced-a731c8829895,Tose Supply Co.,building_supply_store,144 Walnut Ave Ste B,http://tosesupply.com,1.0,925,2,1,1,0,1,building_supply_store,0,1,1,1,1,0,0,0,0,,0,1,2,1.0,0,,200.0,0.0,0.0,0.0,0.0,3,0,0,0,1,0,0,0.0,0.93119174,Closed
8e564a12-4a1a-4333-8129-34ea90ced96f,Assembly,american_restaurant,1108 Pacific Ave,http://assembleforfood.com,1.0,190,2,1,0,0,1,american_restaurant,0,1,1,0,0,0,0,0,0,,0,1,2,1.0,0,,405.0,0.0,0.0,1.0,0.0,2,0,0,0,1,0,0,0.0,0.9084659,Closed
01614380-c35c-407b-b0a9-f6d889549c83,Milk & Wood,desserts,725 Front St,http://www.milkandwood.com,1.0,1060,2,1,1,0,1,desserts,0,1,1,1,1,0,0,1,1,,0,1,2,1.0,0,,200.0,0.0,0.0,0.0,0.0,3,0,0,0,1,0,0,0.0,0.9058658,Closed
d6ca57ed-98a8-4099-a87d-00b0bad47512,Center Street Grill,american_restaurant,1001 Center St,http://www.thecenterstreetgrill.com/,0.0,341,2,1,1,0,1,american_restaurant,0,1,1,1,1,0,0,0,0,,0,1,2,0.0,0,,404.0,1.0,0.0,1.0,1.0,3,0,0,0,1,0,0,0.0,0.85261935,Closed
cacde43e-2f7a-462b-9583-434dbe525b2c,99 Bottles of Beer on the Wall,bar,110 Walnut Ave,http://99bottles.com,0.0,341,2,1,1,0,1,bar,0,1,1,1,1,0,0,0,0,,0,1,2,0.0,0,,-1.0,0.0,1.0,1.0,1.0,3,0,0,0,1,0,0,0.0,0.84856266,Closed
047ff9f2-a4c0-481d-8c60-abd609d0d9d8,all about theatre,country_dance_hall,325 Washington St,http://www.allabouttheatre.org/index.php,0.0,1299,2,1,1,0,1,country_dance_hall,0,1,1,1,1,0,0,1,1,,0,1,2,0.0,0,,404.0,1.0,0.0,0.0,0.0,3,0,0,0,1,0,0,0.0,0.8471459,Closed
60c3adca-990f-4eb4-8dea-0442355111d2,Mr. Beast Burger,restaurant,229 Laurel St,https://www.mrbeastburger.com,1.0,1828,2,1,1,0,1,restaurant,0,1,1,1,1,0,0,2,1,,0,1,2,1.0,0,,200.0,0.0,0.0,1.0,0.0,3,0,0,0,1,0,0,0.0,0.8193586,Closed
5a7d4ced-0b0b-4d6e-aefd-09f16265ffcc,The Sandwich Spot Santa Cruz,sandwich_shop,1010 Pacific Ave Ste E,http://thesandwichspot.com,1.0,142,2,1,1,1,1,sandwich_shop,0,1,1,1,1,1,1,1,1,,0,1,2,1.0,1,11.275224174109654,200.0,0.0,0.0,1.0,0.0,4,0,0,0,1,0,0,0.0,0.8192486,Closed
6e704a93-c2ab-4629-83cf-d7941d60e8e4,Oswald Restaurant,american_restaurant,121 Soquel Ave,http://www.oswaldrestaurant.com,1.0,278,2,1,1,0,1,american_restaurant,0,1,1,1,1,0,0,0,0,,0,1,2,1.0,0,,200.0,0.0,0.0,1.0,0.0,3,0,0,0,1,0,0,0.0,0.8123668,Closed
efea59a8-fc7d-4348-8d95-f0360b86d93a,Marini's Candies,desserts,1308 Pacific Ave,http://www.mariniscandies.com,1.0,190,2,1,1,1,1,desserts,0,1,1,1,1,1,1,1,1,,0,1,2,1.0,1,5.094172757879531,200.0,0.0,0.0,0.0,0.0,4,0,0,0,1,0,0,0.0,0.7866367,Closed
2453ab1c-5a54-454c-8d78-69ede0922dcd,Cafe Mare,italian_restaurant,740 Front St Ste 100,http://www.cafemare.com,0.0,128,2,1,1,1,1,italian_restaurant,0,1,1,1,1,1,1,1,1,,0,1,2,0.0,0,,-1.0,0.0,1.0,0.0,0.0,4,0,0,0,1,0,0,0.0,0.7744031,Closed
9a7a52b0-fe5e-4667-b82a-96b5777ba97e,Falafel House Downtown,falafel_restaurant,113 Walnut Ave,http://www.santacruzfalafelhouse.com/,0.0,14,2,1,1,0,1,falafel_restaurant,4,1,1,1,1,0,0,0,0,,0,1,2,0.0,0,,-1.0,0.0,1.0,0.0,0.0,3,0,0,1,1,0,0,0.0,0.7626466,Closed
fc000da2-cd05-4869-ad50-f712bc26f11d,Press Juices & Sandwiches,fast_food_restaurant,1520 Pacific Ave # K1,http://www.pressjuicesandsandwiches.com,0.0,190,2,1,1,0,1,fast_food_restaurant,0,1,1,1,1,0,0,0,0,,0,1,2,0.0,0,,-1.0,0.0,1.0,1.0,1.0,3,0,0,0,1,0,0,0.0,0.7460446,Closed
282f8903-cd56-48f5-b59b-46270ec1e598,Ty's Eatery,fast_food_restaurant,1001 Center St,http://tyseatery.com,0.0,190,2,1,1,0,1,fast_food_restaurant,0,1,1,1,1,0,0,0,0,,0,1,2,0.0,0,,-1.0,0.0,1.0,1.0,1.0,3,0,0,0,1,0,0,0.0,0.7460446,Closed
84e21348-2eab-4751-8e7c-db842f236a98,Mad Yolks,breakfast_and_brunch_restaurant,1411 Pacific Ave,http://madyolks.com,1.0,53,2,1,1,0,1,breakfast_and_brunch_restaurant,0,1,1,1,1,0,0,0,0,,0,1,2,1.0,0,,200.0,0.0,0.0,1.0,0.0,3,0,0,0,1,0,0,0.0,0.74440175,Closed
5242ea8b-c06c-4b07-93e2-b749dd019edd,Fusion,bar,110 Pearl Aly,http://bloofusion.com,1.0,308,2,1,1,0,1,bar,0,1,1,1,1,0,0,0,0,,0,1,2,1.0,0,,200.0,0.0,0.0,1.0,0.0,3,0,0,0,1,0,0,0.0,0.74440175,Closed
20d9a5bd-a97f-42f8-928c-3b2e309c34a2,Lee's Sandwich Shop,sandwich_shop,1101 Pacific Ave,http://www.leessandwiches.com,1.0,237,2,1,1,0,1,sandwich_shop,0,1,1,1,1,0,0,0,0,,0,1,2,1.0,0,,200.0,0.0,0.0,1.0,0.0,3,0,0,0,1,0,0,0.0,0.74307984,Closed
3e45c179-e77b-4521-a9ce-758363798869,Surfrider Cafe,burger_restaurant,429 Front St,http://surfridercafe.net,1.0,190,2,1,1,0,1,burger_restaurant,0,1,1,1,1,0,0,0,0,,0,1,2,1.0,0,,200.0,0.0,0.0,1.0,0.0,3,0,0,0,1,0,0,0.0,0.74307984,Closed
d8888850-1801-4f5d-a916-b6f21fc95688,Bad Ass Coffee Co.,coffee_shop,1207 Pacific Ave,http://www.scbadasscoffee.com/,0.0,236,2,1,1,0,1,coffee_shop,0,1,1,1,1,0,0,0,0,,0,1,2,0.0,0,,-1.0,0.0,1.0,0.0,0.0,3,0,0,0,1,0,0,0.0,0.71623087,Closed
fb54711a-ec75-424c-a93e-be3793858543,Barceloneta,spanish_restaurant,1541 Pacific Ave Ste B,http://www.eatbarceloneta.com,1.0,543,2,1,1,0,1,spanish_restaurant,0,1,1,1,1,0,0,0,0,,0,1,2,1.0,0,,200.0,0.0,0.0,0.0,0.0,3,0,0,0,1,0,0,0.0,0.71194893,Closed
e7b03311-e97c-4f67-830f-76f515baf21f,Baja Fresh,mexican_restaurant,1133 Pacific Ave,,,237,2,0,1,0,1,mexican_restaurant,0,0,0,1,1,0,0,1,1,,0,1,2,,0,,,,,1.0,0.0,2,0,0,0,1,0,0,0.0,0.7090549,Closed
8607c50a-ff87-4991-814f-fb37e9d59d8f,Caffe Pergolesi,coffee_shop,418 Cedar St.,http://www.theperg.com,1.0,190,2,1,1,0,1,coffee_shop,0,1,1,1,1,0,0,0,0,,0,1,2,1.0,0,,405.0,0.0,0.0,0.0,0.0,3,0,0,0,1,0,0,0.0,0.69883424,Closed
5d80d800-68a7-45e8-99be-2c12daec391a,Mumbai Delights,indian_restaurant,810 Pacific Ave,http://www.mumbaidelightssantacruz.com,0.0,190,2,1,1,1,1,indian_restaurant,0,1,1,1,1,1,1,0,0,,0,1,2,0.0,0,,-1.0,0.0,1.0,0.0,0.0,4,0,0,0,1,0,0,0.0,0.6985251,Closed
028a9817-7397-44f2-81a9-26bed541e374,Salty Otter,pub,110 Walnut Ave,http://www.saltyottersportsgrill.com,1.0,134,2,1,1,0,1,pub,0,1,1,1,1,0,0,0,0,,0,1,2,1.0,0,,200.0,0.0,0.0,0.0,0.0,3,0,0,0,1,0,0,0.0,0.6851436,Closed
f1e2185b-2baa-4105-aab7-a9f2163b3197,The Reef,bar,120 Union St,http://www.myreefbar.com,0.0,190,2,1,1,1,1,bar,0,1,1,1,1,1,1,1,1,,0,1,2,0.0,0,,-1.0,0.0,1.0,1.0,1.0,4,0,0,0,1,0,0,0.0,0.6848537,Closed
390f1d50-f45e-49b0-8f71-4bddec590952,Cafe Limelight,sandwich_shop,1016 Cedar St,,,190,2,0,1,1,1,sandwich_shop,0,0,0,1,1,1,1,1,1,,0,1,2,,0,,,,,1.0,0.0,3,0,0,0,1,0,0,0.0,0.68429166,Closed
372c2081-d61b-4383-8401-a61ba5e45ca1,Costa Brava,restaurant,1222 Pacific Ave,http://fr.costabrava.org,1.0,341,2,1,1,0,1,restaurant,0,1,1,1,1,0,0,0,0,,0,1,2,1.0,1,16.648051137618715,200.0,0.0,0.0,1.0,0.0,3,0,0,0,1,0,0,0.0,0.65409195,Closed
bcb0a9e8-721b-463c-883b-e9cfdbf7588c,Imarc,financial_service,111 Cooper St,https://www.imarc.com,1.0,924,2,1,1,0,1,financial_service,0,1,1,1,1,0,0,0,0,,0,1,2,1.0,0,,403.0,0.0,0.0,0.0,0.0,3,0,0,0,1,0,0,0.0,0.6426843,Closed
dbcfa53a-abe8-4101-8bf0-640871338123,Pour Taproom,beer_bar,110 Cooper St,http://www.pourtaproomsantacruz.com,1.0,190,2,1,1,0,1,beer_bar,0,1,1,1,1,0,0,0,0,,0,1,2,1.0,0,,200.0,0.0,0.0,0.0,0.0,3,0,0,0,1,0,0,0.0,0.63687617,Closed
2f1dbc88-2940-4773-865c-3857d7228602,Body & Soul Yoga Studio,yoga_studio,738 Chestnut St,http://www.bodyandsoulsantacruz.com,0.0,341,2,1,1,0,1,yoga_studio,0,1,1,1,1,0,0,0,0,,0,1,2,0.0,0,,-1.0,0.0,1.0,0.0,0.0,3,0,0,0,1,0,0,0.0,0.6361117,Closed
72f1df34-b73d-4c29-8da6-874caa840428,Little Shanghai,chinese_restaurant,1010 Cedar St,http://www.littleshanghai.com/,1.0,341,2,1,1,0,1,chinese_restaurant,0,1,1,1,1,0,0,0,0,,0,1,2,1.0,0,,403.0,0.0,0.0,0.0,0.0,3,0,0,0,1,0,0,0.0,0.6262611,Closed
d7f7688f-a857-4f2d-8deb-c9efda86d1a8,The Red Room,bar,1003 Cedar St,http://www.redsantacruz.com,1.0,109,2,1,1,1,1,bar,0,1,1,1,1,1,1,1,1,,0,1,2,1.0,0,,200.0,0.0,0.0,1.0,0.0,4,0,0,0,1,0,0,0.0,0.6201878,Closed
f864908e-f464-43fc-b9d1-b256c64ee298,Pacific Thai Santa Cruz,thai_restaurant,1319 Pacific Ave,https://pacificthaisantacruz.com,1.0,190,2,1,1,1,1,thai_restaurant,0,1,1,1,1,1,1,2,1,,0,1,2,1.0,0,,200.0,0.0,0.0,1.0,0.0,4,0,0,0,1,0,0,0.0,0.6141937,Closed
97de55c1-9748-45ad-931e-dd03edf536ce,Tanglewood,restaurant,1001 Center St,http://www.tanglewood.org,1.0,190,2,1,1,0,1,restaurant,0,1,1,1,1,0,0,0,0,,0,1,2,1.0,0,,200.0,0.0,0.0,1.0,0.0,3,0,0,0,1,0,0,0.0,0.60289687,Closed
e232a5cf-541d-4a36-9471-e2b7a21879ef,Mane Kitchen & Cocktails,restaurant,1222 Pacific Ave,https://manekc.com,1.0,46,2,1,1,0,1,restaurant,0,1,1,1,1,0,0,0,0,,0,1,2,1.0,0,,200.0,0.0,0.0,1.0,0.0,3,0,0,0,1,0,0,0.0,0.60289687,Closed
77b44f94-1f18-4816-9ee1-c862fb025935,Queen of All Trades,advertising_agency,101 Cooper St,http://www.kayalindsay.com,0.0,190,2,1,1,0,1,advertising_agency,0,1,1,1,1,0,0,0,0,,0,1,2,0.0,0,,404.0,1.0,0.0,0.0,0.0,3,0,0,0,1,0,0,0.0,0.60151535,Closed
002bcbbf-69c8-4175-9d86-126ef9705bf0,Apollo Roofing Company,roofing,1414 Soquel Ave Ste 214,https://www.apolloroofingcompany.com/santa-cruz-ca,1.0,242,2,1,1,0,1,roofing,0,1,1,1,1,0,0,0,0,,0,1,2,1.0,0,,200.0,0.0,0.0,0.0,0.0,3,0,0,0,1,0,0,0.0,0.59594357,Closed
1119f9a1-5a15-4387-893a-5336422f2064,Santa Cruz Pawn,pawn_shop,765 Cedar St Ste 101,http://www.santacruzpawn.com,0.0,187,2,1,1,0,1,pawn_shop,0,1,1,1,1,0,0,0,0,,0,1,2,0.0,0,,404.0,1.0,0.0,0.0,0.0,3,0,0,0,1,0,0,0.0,0.59514457,Closed
7a2cdf1a-3094-4161-a377-0e1c5d76a0e7,All Aboard,seafood_restaurant,725 Front St Ste 108,http://www.abbottsquaremarket.com,1.0,341,2,1,1,0,1,seafood_restaurant,0,1,1,1,1,0,0,0,0,,0,1,2,1.0,0,,200.0,0.0,0.0,0.0,0.0,3,0,0,0,1,0,0,0.0,0.58414763,Closed
d22e8580-401a-4568-98c3-a94fd136068a,Tampico Kitchen & Lounge,mexican_restaurant,822 Pacific Ave,http://www.tampicokitchen.net/,1.0,237,2,1,1,1,1,mexican_restaurant,0,1,1,1,1,1,1,2,1,,0,1,2,1.0,0,,200.0,0.0,0.0,1.0,0.0,4,0,0,0,1,0,0,0.0,0.58159924,Closed
e768b7a6-c602-48e1-becf-8ab543c06a07,Cafe La Vie,fast_food_restaurant,429 Front St,http://www.lavie.us/,1.0,237,2,1,1,0,1,fast_food_restaurant,0,1,1,1,1,0,0,0,0,,0,1,2,1.0,0,,429.0,0.0,0.0,1.0,0.0,3,0,0,0,1,0,0,0.0,0.5807228,Closed
434a45f2-c5b3-484f-b795-0dfec660c275,Jed Traders,clothing_store,703 Front St,http://www.jedzebel.com,1.0,298,2,1,1,0,1,clothing_store,0,1,1,1,1,0,0,0,0,,0,1,2,1.0,0,,200.0,0.0,0.0,1.0,0.0,3,0,0,0,1,0,0,0.0,0.5716966,Closed
05ef418c-503e-4d49-b90c-5fa4ca7681c2,Gilman Brewing Company Santa Cruz,brewery,817 Soquel Ave,https://gilmanbrew.com/location/santa-cruz,1.0,90,2,1,1,0,1,brewery,0,1,1,1,1,0,0,0,0,,0,1,2,1.0,0,,200.0,0.0,0.0,0.0,0.0,3,0,0,0,1,0,0,0.0,0.5594863,Closed
f1815e2d-e32d-41ff-946d-607b51fe00be,Wave Crest Development,real_estate_agent,530 Chestnut St,http://www.wavecrestdevelopment.com,1.0,925,2,1,1,0,1,real_estate_agent,0,1,1,1,1,0,0,0,0,,0,1,2,1.0,0,,200.0,0.0,0.0,0.0,0.0,3,0,0,0,1,0,0,0.0,0.5574443,Closed
5a213ddc-29b9-4ab4-958d-a4d26c19e5b6,Mutari Craft Chocolate House,chocolatier,"504 Front St Suite A, Santa Cruz, CA 95060-4506",https://www.mutarichocolate.com,1.0,283,2,1,1,0,1,chocolatier,0,1,1,1,1,0,0,0,0,,0,1,2,1.0,0,,200.0,0.0,0.0,0.0,0.0,3,0,0,0,1,0,0,0.0,0.54722303,Closed
0a7c590e-64b6-4dff-a94b-5194f0b478eb,Thrift Center,antique_store,521 Front St,http://www.thriftcenters.com/locations/santa-cruz,0.0,596,2,1,1,0,1,antique_store,0,1,1,1,1,0,0,0,0,,0,1,2,0.0,0,,404.0,1.0,0.0,0.0,0.0,3,0,0,0,1,0,0,0.0,0.54534143,Closed
abb97d83-88ea-4a7c-b1b7-de0acb13bd0f,Chubbs Chicken Sandwiches,chicken_restaurant,766 Chestnut Street,https://www.chubbschickensandwiches.com,1.0,199,2,1,1,0,1,chicken_restaurant,0,1,1,1,1,0,0,0,0,,0,1,2,1.0,0,,200.0,0.0,0.0,1.0,0.0,3,0,0,0,1,0,0,0.0,0.54233634,Closed
f09b0b63-c050-48aa-9339-9917447786ff,Cat’s Meow,antique_store,104 Lincoln St,http://www.catsmeowfashion.com,1.0,148,2,1,1,0,1,antique_store,0,1,1,1,1,0,0,0,0,,0,1,2,1.0,0,,200.0,0.0,0.0,0.0,0.0,3,0,0,0,1,0,0,0.0,0.540345,Closed
b6659f54-47db-4a78-aa00-7c6a70e74a87,Serpent's Kiss,antique_store,703 Pacific Ave,http://www.serpents-kiss.com,1.0,190,2,1,1,0,1,antique_store,0,1,1,1,1,0,0,0,0,,0,1,2,1.0,0,,200.0,0.0,0.0,0.0,0.0,3,0,0,0,1,0,0,0.0,0.540345,Closed
e7c49625-9957-4dd9-a22d-823478fe8edf,Motherlode,antique_store,1101 Pacific Ave,,,185,2,0,1,0,1,antique_store,0,0,0,1,1,0,0,1,1,,0,1,2,,0,,,,,0.0,0.0,2,0,0,0,1,0,0,0.0,0.5374536,Closed
a90bb064-0451-4068-a05f-54b31fb42605,Poke House,hawaiian_restaurant,1543 Pacific Ave,http://www.poke.house,1.0,53,2,1,1,0,1,hawaiian_restaurant,0,1,1,1,1,0,0,0,0,,0,1,2,1.0,0,,200.0,0.0,0.0,0.0,0.0,3,0,0,0,1,0,0,0.0,0.53285,Closed
ec8a47de-06c0-4248-afce-a68b0d71a33c,Oyuki Sushi Peruvian & Japanese Fusion,sushi_restaurant,1010 Pacific Ave,http://oyukisushi.com,1.0,70,2,1,0,0,1,sushi_restaurant,0,1,1,0,0,0,0,0,0,,0,1,2,1.0,0,,200.0,0.0,0.0,0.0,0.0,2,0,0,0,1,0,0,0.0,0.52478254,Closed
5e0498bb-6ee9-4ca4-a3bd-3d200dcd62e4,The Del Mar Theatre,cinema,1124 Pacific Ave,https://www.landmarktheatres.com,1.0,52,2,1,1,0,1,cinema,0,1,1,1,1,0,0,0,0,,0,1,2,1.0,0,,200.0,0.0,0.0,0.0,0.0,3,0,0,0,1,0,0,0.0,0.5133869,Closed
06523bb6-7a3f-4ca9-8678-08ea55337a53,Saucony,shoe_store,1017 Pacific Ave,https://www.saucony.com,1.0,926,2,1,1,0,1,shoe_store,0,1,1,1,1,0,0,0,0,,0,1,2,1.0,0,,200.0,0.0,0.0,0.0,0.0,3,0,0,0,1,0,0,0.0,0.5130826,Closed
842794cb-6079-47e5-be45-3617a516a42d,Eco Goods,clothing_store,1130 Pacific Ave,http://www.ecogoods.com,1.0,190,2,1,1,1,1,clothing_store,0,1,1,1,1,1,1,1,1,,0,1,2,1.0,0,,405.0,0.0,0.0,1.0,0.0,4,0,0,0,1,0,0,0.0,0.4786849,Open
de10e16e-f416-4767-b07f-45387823b89f,Cat Cloud Companion,coffee_shop,705 Front St,https://catandcloud.com,1.0,47,2,1,0,0,1,coffee_shop,0,1,1,0,0,0,0,0,0,,0,1,2,1.0,0,,200.0,0.0,0.0,0.0,0.0,2,0,0,0,1,0,0,0.0,0.4711473,Open
ad2bfc6a-6add-4933-bbf8-67ff83d9a671,Hoffman's: Bistro & Patisserie,breakfast_and_brunch_restaurant,1102 Pacific Ave,,,14,2,1,1,0,1,breakfast_and_brunch_restaurant,1,1,1,1,1,0,0,0,0,,0,1,2,,0,,,,,1.0,0.0,3,0,0,1,1,0,0,0.0,0.4689163,Open
3c72481b-acf7-4da6-9b76-e1af31a580d9,Hoffman's Bistro & Patisserie,breakfast_and_brunch_restaurant,1102 Pacific Ave,,,14,2,1,1,0,1,breakfast_and_brunch_restaurant,1,1,1,1,1,0,0,0,0,,0,1,2,,0,,,,,1.0,0.0,3,0,0,1,1,0,0,0.0,0.4689163,Open
d7376ee0-9611-4122-8272-4df2cc30fad1,Verve Coffee Roasters,coffee_shop,1540 Pacific Ave,https://www.vervecoffee.com,1.0,46,2,1,1,1,1,coffee_shop,0,1,1,1,1,1,1,3,1,,0,1,2,1.0,0,,200.0,0.0,0.0,0.0,0.0,4,0,0,0,1,0,0,0.0,0.4684012,Open
e69b72bf-4a1e-4ec9-bfcd-ac8c0b76ee05,Childish Toy Shop,toy_store,1122 Pacific Ave,http://childishsantacruz.com,1.0,180,2,1,0,0,1,toy_store,0,1,1,0,0,0,0,0,0,,0,1,2,1.0,0,,200.0,0.0,0.0,0.0,0.0,2,0,0,0,1,0,0,0.0,0.44141304,Open
601d8985-1182-4814-9c54-083297e99510,CORNER STORE,convenience_store,335 Mission St,http://cornerstore4u.com,1.0,1804,2,1,1,0,1,convenience_store,0,1,1,1,1,0,0,2,1,,0,1,2,1.0,0,,200.0,0.0,0.0,0.0,0.0,3,0,0,0,1,0,0,0.0,0.4361678,Open
0292831e-d261-4491-bca3-11bb94df8fd8,George J Gigarjian Attorney at Law,legal_services,108 Locust St Ste 13,http://www.georgeglaw.com,1.0,278,2,1,1,0,1,legal_services,0,1,1,1,1,0,0,0,0,,0,1,2,1.0,0,,200.0,0.0,0.0,1.0,0.0,3,0,0,0,1,0,0,0.0,0.42135152,Open
32a76765-7e63-41af-857d-8d566ba65785,The Asti,dive_bar,715 Pacific Ave,http://www.astisandiego.com,1.0,150,2,1,1,1,1,dive_bar,0,1,1,1,1,1,1,0,0,,0,1,2,1.0,0,,200.0,0.0,0.0,0.0,0.0,4,0,0,0,1,0,0,0.0,0.41124287,Open
e1a69dc1-6624-4b85-b49b-9dc2bc98ee40,Wallflower,retail,103 Locust St,http://wallflowersantacruz.com,1.0,390,2,1,1,1,1,retail,0,1,1,1,1,1,1,0,0,,0,1,2,1.0,0,,200.0,0.0,0.0,1.0,0.0,4,0,0,0,1,0,0,0.0,0.40159354,Open
bc2aa921-298c-40dd-a038-567383f9741b,Taqueria Jalapeños,mexican_restaurant,206 Laurel St,http://www.taqueriajalapenos.com,1.0,60,2,1,1,1,1,mexican_restaurant,0,1,1,1,1,1,1,0,0,,0,1,2,1.0,0,,200.0,0.0,0.0,1.0,0.0,4,0,0,0,1,0,0,0.0,0.39732113,Open
a9f8f654-c6fd-4ec5-bc21-6272f57c685e,Glow Candle Lounge,arts_and_crafts,1101 Pacific Ave,http://www.glowlounge.biz,1.0,190,2,1,1,0,1,arts_and_crafts,0,1,1,1,1,0,0,0,0,,0,1,2,1.0,0,,200.0,0.0,0.0,0.0,0.0,3,0,0,0,1,0,0,0.0,0.3783542,Open
5cdca686-4e86-47a7-96ae-21d17272f0f9,yarn shop santa cruz,arts_and_crafts,765 Cedar St,http://yarnshopsantacruz.com,1.0,466,2,1,1,0,1,arts_and_crafts,0,1,1,1,1,0,0,0,0,,0,1,2,1.0,0,,200.0,0.0,0.0,0.0,0.0,3,0,0,0,1,0,0,0.0,0.3783542,Open
833d8ef1-5938-45a0-9430-0d2afeaebd68,Louie's Cajun Kitchen & Bourbon Bar,bar,110 Church St,,,14,2,1,1,0,1,bar,3,1,1,1,1,0,0,0,0,,0,1,2,,0,,,,,1.0,0.0,3,0,0,1,1,0,0,0.0,0.37820435,Open
b72d842c-b6a3-46a4-b1d0-6c964f44b1f3,The True Olive Connection,restaurant,106 Lincoln St,http://www.trueoliveconnection.com,1.0,117,2,1,1,1,1,restaurant,0,1,1,1,1,1,1,1,1,,0,1,2,1.0,0,,200.0,0.0,0.0,1.0,0.0,4,0,0,0,1,0,0,0.0,0.37698457,Open
339ac585-8803-4e9f-9358-5e1e6e793d28,Pop Up,restaurant,1108 Pacific Avenue,http://heypopup.com,1.0,190,2,1,1,1,1,restaurant,0,1,1,1,1,1,1,1,1,,0,1,2,1.0,0,,200.0,0.0,0.0,1.0,0.0,4,0,0,0,1,0,0,0.0,0.37698457,Open
7cc4ef7f-88e6-4104-9167-763e7185ad17,The Homeless Garden Project Store,gift_shop,30 W Cliff Dr,http://www.homelessgardenproject.org,1.0,264,2,1,1,0,1,gift_shop,0,1,1,1,1,0,0,0,0,,0,1,2,1.0,1,18.306915543966046,200.0,0.0,0.0,1.0,0.0,3,0,0,0,1,0,0,0.0,0.37465063,Open
eab93c5e-272e-49a3-a9ab-e7bfddbed09b,Record Nations,business_office_supplies_and_stationery,525 Laurel St Ste 125,http://www.recordnations.com/dropoff/location/santa-cruz/7a2adb30-fe66-8cc8-7aa0-5249b248404d,1.0,200,2,1,1,1,1,business_office_supplies_and_stationery,0,1,1,1,1,1,1,2,1,,0,1,2,1.0,0,,200.0,0.0,0.0,0.0,0.0,4,0,0,0,1,0,0,0.0,0.35796216,Open
d89734c6-14b5-4892-bfb0-97242b1fe106,The Hat Co.,clothing_store,1346 Pacific Ave,http://www.hatcompanysantacruz.com,1.0,95,2,1,1,1,1,clothing_store,0,1,1,1,1,1,1,1,1,,0,1,2,1.0,0,,200.0,0.0,0.0,1.0,0.0,4,0,0,0,1,0,0,0.0,0.3510524,Open
035f5bd5-9dfd-4619-8ba8-8f538201b137,"Silva Injury Law, Inc.",legal_services,903 Pacific Ave #301,https://silvainjurylaw.com,1.0,495,2,1,1,0,1,legal_services,0,1,1,1,1,0,0,1,1,,0,1,2,1.0,0,,200.0,0.0,0.0,1.0,0.0,3,0,0,0,1,0,0,0.0,0.34209073,Open
82374520-f37f-44e8-ba79-f07b285ff8b7,Azhar Hair Design,hair_salon,507 Cedar St,http://azharhairdesign.com,0.0,341,2,1,1,0,1,hair_salon,0,1,1,1,1,0,0,0,0,,0,1,2,0.0,0,,-1.0,0.0,1.0,0.0,0.0,3,0,0,0,1,0,0,0.0,0.33346352,Open
b0a75a75-2613-419b-ac40-9ac9a4b0237d,Lahina's Hair Studio,hair_salon,1021 Center St,http://www.lahinashairstudio.com,0.0,341,2,1,1,0,1,hair_salon,0,1,1,1,1,0,0,0,0,,0,1,2,0.0,0,,-1.0,0.0,1.0,0.0,0.0,3,0,0,0,1,0,0,0.0,0.33346352,Open
4885728d-f085-4c08-987a-52ec0d6cd8f0,Debra Cady Hair Designer,hair_salon,740 Front St Suite 110,http://httpdebrahaircare.com,0.0,341,2,1,1,0,1,hair_salon,0,1,1,1,1,0,0,0,0,,0,1,2,0.0,0,,-1.0,0.0,1.0,0.0,0.0,3,0,0,0,1,0,0,0.0,0.33346352,Open
2be64e53-0f6e-4bdf-a019-2bd0c5cd70e9,Rare Bird Salon,hair_salon,227 Cathcart St,http://www.rarebirdsalon.com,0.0,190,2,1,1,0,1,hair_salon,0,1,1,1,1,0,0,0,0,,0,1,2,0.0,0,,-1.0,0.0,1.0,0.0,0.0,3,0,0,0,1,0,0,0.0,0.33346352,Open
ad8f7b6f-0298-47cf-97dc-bf70a6629840,Union Grove Music,music_and_dvd_store,1003 Pacific Ave,http://www.uniongrovemusic.com,1.0,264,2,1,1,1,1,music_and_dvd_store,0,1,1,1,1,1,1,1,1,,0,1,2,1.0,0,,200.0,0.0,0.0,0.0,0.0,4,0,0,0,1,0,0,0.0,0.28727567,Open
6d8deede-19ef-429a-b1a6-7d532c22f73b,fungus fair,science_museum,301 Center St,http://www.groovaroo.com,0.0,187,2,1,0,0,1,science_museum,0,1,1,0,0,0,0,0,0,,0,1,2,0.0,0,,404.0,1.0,0.0,0.0,0.0,2,0,0,0,1,0,0,0.0,0.2827859,Open
dd84659e-9185-4690-bb8f-c03cbf8ae9ac,Kumon Math and Reading Center of Santa Cruz,education,189 Walnut Ave,http://www.kumon.com/SANTA-CRUZ-CA,1.0,1804,2,1,1,0,1,education,0,1,1,1,1,0,0,3,1,,0,1,2,1.0,0,,403.0,0.0,0.0,0.0,0.0,3,0,0,0,1,0,0,0.0,0.2744036,Open
2b7027bb-8205-48ed-8114-92b3de88457a,Quickly,bubble_tea,1010 Pacific Ave,http://www.quicklyusa.com,1.0,68,2,1,1,1,1,bubble_tea,0,1,1,1,1,1,1,1,1,,0,1,2,1.0,1,19.141235484088142,200.0,0.0,0.0,0.0,0.0,4,0,0,0,1,0,0,0.0,0.24725959,Open
c6434bfd-a1be-4fc0-b4fd-f32121fb3927,SEIU Santa Cruz,corporate_office,Mission Street,http://seiu.org,1.0,187,2,1,0,0,1,corporate_office,0,1,1,0,0,0,0,0,0,,0,1,2,1.0,0,,200.0,0.0,0.0,0.0,0.0,2,0,0,0,1,0,0,0.0,0.24208407,Open
d2938c2f-f063-4de5-b4d1-d0dab85adc22,Dunbar & Craig Land Surveys,land_surveying,1011 Cedar St,http://www.bowmanandwilliams.com,0.0,225,2,1,1,1,1,land_surveying,0,1,1,1,1,1,1,0,0,,0,1,2,0.0,0,,-2.0,0.0,1.0,0.0,0.0,4,0,0,0,1,0,0,0.0,0.23953195,Open
df16899c-7401-4454-816b-4a35a1703839,Vickie,hair_salon,625 Center St,http://www.downtownsantacruz.com,1.0,925,2,1,1,0,1,hair_salon,0,1,1,1,1,0,0,0,0,,0,1,2,1.0,0,,200.0,0.0,0.0,0.0,0.0,3,0,0,0,1,0,0,0.0,0.23640619,Open
18760e97-b80e-433d-9415-8eea63ed9bc5,Cafe Mare Italian Restaurant,seafood_restaurant,740 Front St Ste 100,http://www.cafemare.com/,0.0,14,2,1,1,0,1,seafood_restaurant,2,1,1,1,1,0,0,0,0,,0,1,2,0.0,0,,-1.0,0.0,1.0,0.0,0.0,3,0,0,1,1,0,0,0.0,0.23582923,Open
8e4e949d-757c-4830-aa59-a208f3fa24dc,Regal Santa Cruz,cinema,1405 Pacific Ave,https://www.santacruzcinema.com/locations/santacruz,1.0,46,2,1,1,1,1,cinema,0,1,1,1,1,1,1,2,1,,0,1,2,1.0,0,,200.0,0.0,0.0,0.0,0.0,4,0,0,0,1,0,0,0.0,0.22921477,Open
47bda1d5-64c8-49fe-ab13-f6537febdfb4,Artisans Gallery,art_gallery,1368 Pacific Ave,http://www.artisanssantacruz.com,1.0,46,2,1,1,0,1,art_gallery,0,1,1,1,1,0,0,0,0,,0,1,2,1.0,0,,200.0,0.0,0.0,0.0,0.0,3,0,0,0,1,0,0,0.0,0.22614329,Open
5aa1a1c3-5705-4fee-8d74-3405b59776c5,Taco Bell,taco_restaurant,802 Pacific Ave,,,14,2,1,1,0,1,taco_restaurant,3,1,1,1,1,0,0,0,0,,0,1,2,,0,,,,,0.0,0.0,3,0,0,1,1,0,0,0.0,0.22400889,Open
0824cbaa-aa83-4320-a094-0854d9e21fb7,Holiday Muffler And Brake,automotive_repair,309 Front St,http://www.holidaymuffler.com,1.0,300,2,1,1,1,1,automotive_repair,0,1,1,1,1,1,1,0,0,,0,1,2,1.0,0,,405.0,0.0,0.0,0.0,0.0,4,0,0,0,1,0,0,0.0,0.22301862,Open
bad69a50-2e2f-40d9-a733-e4c97c394a5e,Santa Cruz Motorsports Inc.,automotive_repair,211 Cedar St,http://www.santacruzmotorsports.info,1.0,332,2,1,1,1,1,automotive_repair,0,1,1,1,1,1,1,0,0,,0,1,2,1.0,0,,405.0,0.0,0.0,0.0,0.0,4,0,0,0,1,0,0,0.0,0.22301862,Open
7b63f399-4caf-42a5-abb0-6d370be6767b,Bike Church,bicycle_shop,703 Pacific Ave,http://thebikechurch.com,1.0,148,2,1,1,1,1,bicycle_shop,0,1,1,1,1,1,1,0,0,,0,1,2,1.0,0,,405.0,0.0,0.0,0.0,0.0,4,0,0,0,1,0,0,0.0,0.20667456,Open
30f03fdd-82f8-4418-b474-aaa46ec98ac5,Bubble Lounge,boutique,Pacific,http://bubbleloungesc.com,1.0,292,2,1,1,1,1,boutique,0,1,1,1,1,1,1,0,0,,0,1,2,1.0,0,,200.0,0.0,0.0,0.0,0.0,4,0,0,0,1,0,0,0.0,0.19935164,Open
8cf7406b-3ddf-47f2-90c6-b02f2bcb0618,Planet Fresh Gourmet Burritos,mexican_restaurant,1003 Cedar St,,,14,2,1,1,0,1,mexican_restaurant,1,1,1,1,1,0,0,0,0,,0,1,2,,0,,,,,1.0,0.0,3,0,0,1,1,0,0,0.0,0.19868422,Open
1c55211e-045a-46c5-a982-8f0b043c9d8e,The Lotus Collaborative,medical_center,701 Mission St,http://www.thelotuscollaborative.com,1.0,341,2,1,1,0,1,medical_center,0,1,1,1,1,0,0,0,0,,0,1,2,1.0,0,,200.0,0.0,0.0,0.0,0.0,3,0,0,0,1,0,0,0.0,0.19439578,Open
874b5dee-6402-408b-b75a-f9bf0ada69eb,Kaiser Santa Cruz,medical_center,115 Locust St,https://healthy.kaiserpermanente.org,1.0,169,2,1,1,0,1,medical_center,0,1,1,1,1,0,0,0,0,,0,1,2,1.0,0,,200.0,0.0,0.0,0.0,0.0,3,0,0,0,1,0,0,0.0,0.19439578,Open
003aaa0e-1b2f-4be6-be6a-52b569f59e94,Hetherington Margaret Pt,physical_therapy,517 Mission St Ste D,http://westsidept.com,0.0,148,2,1,1,0,1,physical_therapy,0,1,1,1,1,0,0,0,0,,0,1,2,0.0,0,,406.0,1.0,0.0,0.0,0.0,3,0,0,0,1,0,0,0.0,0.19396073,Open
79609acf-4fd0-4ec3-9ed4-93331b274f0e,The Treehouse,corporate_office,108 LINCOLN AVE,http://www.sarahjoyzell.com,0.0,187,2,1,1,0,1,corporate_office,0,1,1,1,1,0,0,0,0,,0,1,2,0.0,0,,-1.0,0.0,1.0,0.0,0.0,3,0,0,0,1,0,0,0.0,0.19170745,Open
3920cfe9-1c44-4111-8624-d930703b431e,Mission Hill Jr High,education,425 King St,http://missionhill.sccs.net,1.0,145,2,1,0,0,1,education,0,1,1,0,0,0,0,0,0,,0,1,2,1.0,0,,200.0,0.0,0.0,0.0,0.0,2,0,0,0,1,0,0,0.0,0.18310133,Open
c4273d2d-9fb8-4c52-bd93-7e1aa5c32fad,Front Street Parking Garage,parking,701-703 Front St,https://www.cityofsantacruz.com/government/city-departments/public-works/parking-services/downtown-parking-lot-facilities-map/soquel-front-parking-garage,1.0,189,2,1,1,0,1,parking,0,1,1,1,1,0,0,0,0,,0,1,2,1.0,0,,403.0,0.0,0.0,0.0,0.0,3,0,0,0,1,0,0,0.0,0.17229144,Open
d8d60ffd-ca67-4cc5-a031-46355425c9f9,Santa Cruz Parking Office,parking,124 Locust St,http://cityofsantacruz.com,1.0,468,2,1,1,0,1,parking,0,1,1,1,1,0,0,0,0,,0,1,2,1.0,0,,403.0,0.0,0.0,0.0,0.0,3,0,0,0,1,0,0,0.0,0.17229144,Open
2e9c3e17-1df3-44e9-86cd-c248bbdc5f11,Taylor Property Management,real_estate_agent,118 Pearl Aly Ste C,http://www.taylorpropertymgmt.com,0.0,242,2,1,1,1,1,real_estate_agent,0,1,1,1,1,1,1,0,0,,0,1,2,0.0,0,,406.0,1.0,0.0,0.0,0.0,4,0,0,0,1,0,0,0.0,0.17155096,Open
3d44ff45-d0cc-4b4e-acb2-dc26a077595d,Chronic Logic,it_service_and_computer_repair,501 Mission St Ste 6,http://www.chroniclogic.com,1.0,818,2,1,1,0,1,it_service_and_computer_repair,0,1,1,1,1,0,0,0,0,,0,1,2,1.0,0,,200.0,0.0,0.0,0.0,0.0,3,0,0,0,1,0,0,0.0,0.16327195,Open
691f71df-e99d-4666-9aad-582d620a2e27,Nanda on Pacific,condominium,1457 Pacific Avenue,https://www.nandaonpacific.com,1.0,52,2,1,1,0,1,condominium,0,1,1,1,1,0,0,1,1,,0,1,2,1.0,0,,200.0,0.0,0.0,0.0,0.0,3,0,0,0,1,0,0,0.0,0.16128716,Open
5df80701-538c-47bf-9b4d-4c3439ee6a82,Kaiwa Art and Play Space,education,185 Walnut Ave,http://www.kaiwaspace.org,0.0,187,2,1,1,1,1,education,0,1,1,1,1,1,1,0,0,,0,1,2,0.0,0,,-1.0,0.0,1.0,0.0,0.0,4,0,0,0,1,0,0,0.0,0.15424292,Open
d403936d-252d-4b83-9ad7-ba2cee60c970,Starbucks,coffee_shop,1335 Pacific Ave,,,14,2,1,1,0,1,coffee_shop,1,1,1,1,1,0,0,0,0,,0,1,2,,0,,,,,0.0,0.0,3,0,0,1,1,0,0,0.0,0.1457227,Open
82194933-4446-482b-94be-e3c7d6144f84,"Leilani Jefferies, LCSW",social_and_human_services,501 Mission St Ste 100,http://www.leilanijefferies.com,1.0,190,2,1,1,0,1,social_and_human_services,0,1,1,1,1,0,0,0,0,,0,1,2,1.0,0,,200.0,0.0,0.0,0.0,0.0,3,0,0,0,1,0,0,0.0,0.1408789,Open
377f9a44-63f9-471e-89f5-9c0b2b4244ec,Zachary's Restaurant,coffee_shop,819 Pacific Ave,,,14,2,1,1,0,1,coffee_shop,2,1,1,1,1,0,0,0,0,,0,1,2,,0,,,,,0.0,0.0,3,0,0,1,1,0,0,0.0,0.14027722,Open
6a6beec2-1e95-4ac7-9d5f-05b1bbab0fa5,Jalapeños Taqueria,taco_restaurant,206 Laurel St,,,14,2,1,1,0,1,taco_restaurant,2,1,1,1,1,0,0,0,0,,0,1,2,,0,,,,,0.0,0.0,3,0,0,1,1,0,0,0.0,0.1389052,Open
809b2ac8-6ea0-4fc9-a3ec-e5c0653e3435,Metropolitan Market,grocery_store,920 Pacific Ave Ste 14,https://metropolitan-market.com,1.0,817,2,1,1,1,1,grocery_store,0,1,1,1,1,1,1,0,0,,0,1,2,1.0,0,,200.0,0.0,0.0,0.0,0.0,4,0,0,0,1,0,0,0.0,0.13742241,Open
8e6dd545-76b6-41ea-9df9-3de55cb9b57c,Garver Mark A Attorney at Law,legal_services,331 Soquel Ave Ste 201,https://www.santacruzcriminaldefense.net,1.0,242,2,1,1,1,1,legal_services,0,1,1,1,1,1,1,0,0,,0,1,2,1.0,0,,200.0,0.0,0.0,1.0,0.0,4,0,0,0,1,0,0,0.0,0.13583972,Open
c4f6cdbc-9ccc-4ab0-bad7-0f5721aff8d7,Pacific Dry Cleaners,laundry_services,511 Cedar St,http://www.pacificdrycleaners.com,0.0,1281,2,1,1,1,1,laundry_services,0,1,1,1,1,1,1,1,1,,0,1,2,0.0,0,,-1.0,0.0,1.0,0.0,0.0,4,0,0,0,1,0,0,0.0,0.13505456,Open
8eeb8a9a-cbc9-433d-ae04-07817bc9d307,Legs,lingerie_store,1517 Pacific Ave,http://www.santacruzlegs.com,1.0,244,2,1,1,1,1,lingerie_store,0,1,1,1,1,1,1,1,1,,0,1,2,1.0,0,,200.0,0.0,0.0,0.0,0.0,4,0,0,0,1,0,0,0.0,0.1325103,Open
440869b8-71e0-4159-b95d-28c8ea92596f,The Literary Guillotine,academic_bookstore,204 Locust St,http://www.literaryguillotine.com,0.0,190,2,1,1,1,1,academic_bookstore,0,1,1,1,1,1,1,1,1,,0,1,2,0.0,0,,-1.0,0.0,1.0,0.0,0.0,4,0,0,0,1,0,0,0.0,0.1271597,Open
de098dd2-4897-4ce4-b398-fa541e1fe4dd,Sandra Hill Fiduciary,financial_advising,740 Front St Ste 210,http://sandrahillfiduciary.com,0.0,148,2,1,1,0,1,financial_advising,0,1,1,1,1,0,0,0,0,,0,1,2,0.0,0,,-1.0,0.0,1.0,0.0,0.0,3,0,0,0,1,0,0,0.0,0.12591518,Open
269b999d-63f0-40d5-b8c3-c31d2cbc36fd,Lairds Academy Of Martial Arts Santa Cruz,martial_arts_club,"175 Walnut Ave Ste C, Santa Cruz, CA 95060",http://www.lairdsacademy.com,1.0,286,2,1,1,1,1,martial_arts_club,0,1,1,1,1,1,1,0,0,,0,1,2,1.0,0,,200.0,0.0,0.0,0.0,0.0,4,0,0,0,1,0,0,0.0,0.122633815,Open
43eec82d-32e6-47af-a5e3-226743d8198d,W Plus W Designs,web_designer,735 Chestnut St Ste A,http://www.wplusw.com,1.0,204,2,1,1,1,1,web_designer,0,1,1,1,1,1,1,0,0,,0,1,2,1.0,0,,200.0,0.0,0.0,0.0,0.0,4,0,0,0,1,0,0,0.0,0.122633815,Open
a00aabf7-e5a0-4fa8-8605-f8d37cc91427,Looker Data Sciences,corporate_office,101 Church St Fl 4,http://www.looker.com,1.0,187,2,1,1,0,1,corporate_office,0,1,1,1,1,0,0,0,0,,0,1,2,1.0,0,,200.0,0.0,0.0,0.0,0.0,3,0,0,0,1,0,0,0.0,0.120626315,Open
1405324d-a3d8-4c6d-bbd0-242a588802cf,Pacific Coast Integrative Health,doctor,1595 38th Ave,http://www.drcaitlinfanning.com,0.0,286,2,1,1,0,1,doctor,0,1,1,1,1,0,0,0,0,,0,1,2,0.0,0,,-1.0,0.0,1.0,0.0,0.0,3,0,0,0,1,0,0,0.0,0.11897477,Open
0b7d41fe-096c-41ad-ad0c-50fbadbc13d7,Salon On The Square,hair_salon,110 Cooper St Ste 100E,http://www.salononthesquare-sc.com,1.0,279,2,1,1,1,1,hair_salon,0,1,1,1,1,1,1,1,1,,0,1,2,1.0,1,12.06753554257915,200.0,0.0,0.0,0.0,0.0,4,0,0,0,1,0,0,0.0,0.11749327,Open
06e675d2-7021-45c2-b79b-0d8cba8b6f6a,"Don W. Larson, DDS",dentist,916 Center St,https://www.toprankdental.com/don-w-larson-dds-santa-cruz-ca-dentist-office,0.0,142,2,1,1,0,1,dentist,0,1,1,1,1,0,0,0,0,,0,1,2,0.0,0,,-2.0,0.0,1.0,0.0,0.0,3,0,0,0,1,0,0,0.0,0.11389135,Open
215a9450-e9c1-4753-851d-307fe828f00d,Thermal Body Scan Santa Cruz,public_health_clinic,740 Front St Ste 335,http://www.thermalsc.com,0.0,203,2,1,1,1,1,public_health_clinic,0,1,1,1,1,1,1,0,0,,0,1,2,0.0,0,,406.0,1.0,0.0,0.0,0.0,4,0,0,0,1,0,0,0.0,0.11069481,Open
73d6bbc7-c908-42cf-85b0-d0704ec5b6ff,Santa Cruz Thread,hair_salon,605 Front St,http://www.santacruzthread.com,1.0,392,2,1,1,1,1,hair_salon,0,1,1,1,1,1,1,0,0,,0,1,2,1.0,0,,200.0,0.0,0.0,0.0,0.0,4,0,0,0,1,0,0,0.0,0.11017475,Open
c459e92d-8941-47d6-a1ad-597b5ec4a3c1,Habitat For Humanity,social_and_human_services,1007 Cedar St,http://www.habitat.org,1.0,225,2,1,1,1,1,social_and_human_services,0,1,1,1,1,1,1,0,0,,0,1,2,1.0,0,,200.0,0.0,0.0,0.0,0.0,4,0,0,0,1,0,0,0.0,0.09404387,Open
091b6b66-5fb4-455b-a89a-0879a87d234e,Coast Concrete,contractor,5940 Soquel Ave,http://www.coastconcrete.com,1.0,264,2,1,1,1,1,contractor,0,1,1,1,1,1,1,0,0,,0,1,2,1.0,0,,200.0,0.0,0.0,0.0,0.0,4,0,0,0,1,0,0,0.0,0.09404387,Open
02ae9487-42d0-458c-b50f-43ed1bb14b2e,Peet's Coffee & Tea,coffee_shop,1409 Pacific Ave,http://www.peets.com/,1.0,14,2,1,1,0,1,coffee_shop,1,1,1,1,1,0,0,0,0,,0,1,2,1.0,0,,200.0,0.0,0.0,0.0,0.0,3,0,0,1,1,0,0,0.0,0.09349214,Open
fffa62aa-6de6-4eea-b3b0-ed350c4d0c88,Betty's Eat Inn,burger_restaurant,1222 Pacific Ave,http://www.bettyburgers.com,0.0,14,2,1,1,0,1,burger_restaurant,2,1,1,1,1,0,0,1,1,,0,1,2,0.0,0,,406.0,1.0,0.0,1.0,1.0,3,0,0,0,1,0,1,1.0,0.09302893,Open
4090949f-cec9-46af-aad5-cc98a60c0d53,Farmers Insurance - Michael Baxter,insurance_agency,730 Mission St Ste 201 Ste 201,https://agents.farmers.com/ca/santa-cruz/michael-baxter,1.0,51,2,1,1,1,1,insurance_agency,0,1,1,1,1,1,1,0,0,,0,1,2,1.0,0,,200.0,0.0,0.0,0.0,0.0,4,0,0,0,1,0,0,0.0,0.09253485,Open
2bfba036-d713-494f-bc0a-ca973f4eddc8,TriYoga Center Santa Cruz,community_services_non_profits,708 Washington St,http://www.triyoga-santacruz.com,1.0,137,2,1,1,0,1,community_services_non_profits,0,1,1,1,1,0,0,0,0,,0,1,2,1.0,0,,200.0,0.0,0.0,0.0,0.0,3,0,0,0,1,0,0,0.0,0.088271596,Open
35777020-9297-41b2-b674-a95b4eef307a,Moon Zooom,costume_store,813 Pacific Ave,http://instagram.com/moonzooomsc,1.0,14,2,1,1,0,1,costume_store,2,1,1,1,1,0,0,1,1,,0,1,2,1.0,0,,200.0,0.0,0.0,0.0,0.0,3,0,0,0,1,0,1,0.0,0.08634672,Open
71063ed4-e3ea-4822-8372-d9f404119f56,Pacific Garden Mall,shopping_center,Pacific St,http://www.downtownsantacruz.com,1.0,130,2,1,1,1,1,shopping_center,0,1,1,1,1,1,1,1,1,,0,1,2,1.0,0,,200.0,0.0,0.0,0.0,0.0,4,0,0,0,1,0,0,0.0,0.08484652,Open
abe3e704-45cb-40d2-ad3a-e09e771e3d12,Cafe Gratitude,smoothie_juice_bar,103 Lincoln St,http://www.cafegratitude.com/,1.0,14,2,1,1,0,1,smoothie_juice_bar,4,1,1,1,1,0,0,0,0,,0,1,2,1.0,0,,200.0,0.0,0.0,1.0,0.0,3,0,0,1,1,0,0,0.0,0.08482196,Open
74e68a5b-a149-4245-8f51-43d7210b82bb,"A. Gavin McClure, DDS",dentist,525 Center St,http://newstreetdentalsantacruz.com,0.0,244,2,1,1,1,1,dentist,0,1,1,1,1,1,1,0,0,,0,1,2,0.0,0,,406.0,1.0,0.0,0.0,0.0,4,0,0,0,1,0,0,0.0,0.08289123,Open
58b97910-e2b3-41c5-bffa-21ffd77c709a,Chiorini Hunt & Jacobs,corporate_office,901 Center St,http://www.chj.com,1.0,142,2,1,1,1,1,corporate_office,0,1,1,1,1,1,1,0,0,,0,1,2,1.0,0,,200.0,0.0,0.0,0.0,0.0,4,0,0,0,1,0,0,0.0,0.07989804,Open
6624ed3a-447b-4067-a8be-96c08fa9c7c3,Verizon,electronics,110 Cooper St Ste 100a,https://victra.com/stores/ca-santa-cruz-cooper?y_source=1_MTcyNzcwMjktNzE1LWxvY2F0aW9uLndlYnNpdGU=,1.0,14,2,1,1,0,1,electronics,2,1,1,1,1,0,0,0,0,,0,1,2,1.0,0,,200.0,0.0,0.0,0.0,0.0,3,0,0,1,1,0,0,0.0,0.07645681,Open
6b272bc5-5ae4-4be9-810e-e47e516e095f,Friends-Santa Cruz Public Libr,community_services_non_profits,224 Church St,http://fscpl.org,1.0,148,2,1,1,0,1,community_services_non_profits,0,1,1,1,1,0,0,1,1,,0,1,2,1.0,0,,200.0,0.0,0.0,0.0,0.0,3,0,0,0,1,0,0,0.0,0.07535336,Open
005be5f5-f638-48ad-810a-37a51e9a4e67,SubRosa Anarchist Café,community_center,703 Pacific Ave,http://www.subrosaproject.org,1.0,63,2,1,1,0,1,community_center,0,1,1,1,1,0,0,0,0,,0,1,2,1.0,0,,200.0,0.0,0.0,0.0,0.0,3,0,0,0,1,0,0,0.0,0.07338544,Open
e1c76ffa-b479-4948-b7ac-6ca9b0e1ae9d,Insomnia Cookies,desserts,"1010 Pacific Ave, Suites C&D Santa Cruz",,,14,2,0,0,1,1,desserts,6,0,0,0,0,1,1,0,0,Insomnia Cookies,1,1,2,,1,15.088679952474847,,,,0.0,0.0,2,1,0,0,1,0,0,0.0,0.07087666,Open
3b0a3dce-0996-4deb-a528-877b45eabdac,"Downtown Office, Palo Alto Medical Foundation",doctor,115 Locust St,https://sutterhealth.org/pamf/find-location/facility/santa-cruz-center,1.0,283,2,1,1,0,1,doctor,0,1,1,1,1,0,0,0,0,,0,1,2,1.0,0,,200.0,0.0,0.0,0.0,0.0,3,0,0,0,1,0,0,0.0,0.06933708,Open
5fcf9cb8-833a-45b9-9ba6-977e32e338c4,Bonesio Liquors,liquor_store,801 Pacific Ave,http://www.bonesio.com,1.0,1341,2,1,1,0,1,liquor_store,0,1,1,1,1,0,0,1,1,,0,1,2,1.0,0,,200.0,0.0,0.0,0.0,0.0,3,0,0,0,1,0,0,0.0,0.06867575,Open
30c9669f-31e1-4784-bd4c-0f995da47882,Chocolate on Pacific,american_restaurant,1522 Pacific Ave,http://www.chocolatesantacruz.com/,1.0,14,2,1,1,0,1,american_restaurant,2,1,1,1,1,0,0,1,1,,0,1,2,1.0,0,,200.0,0.0,0.0,1.0,0.0,3,0,0,0,1,0,1,0.0,0.068340555,Open
98d42787-7df7-430e-982c-04f89687ef23,Oswald Restaurant,american_restaurant,121 Soquel Ave,http://www.oswaldrestaurant.com/,1.0,14,2,1,1,0,1,american_restaurant,2,1,1,1,1,0,0,1,1,,0,1,2,1.0,0,,200.0,0.0,0.0,1.0,0.0,3,0,0,0,1,0,1,0.0,0.068340555,Open
c8e3c466-9d4e-4d97-8853-59288e310de9,PedX Courier & Cargo,freight_and_cargo_service,703 Pacific Ave,,,14,2,1,1,0,1,freight_and_cargo_service,3,1,1,1,1,0,0,0,0,,0,1,2,,0,,,,,0.0,0.0,3,0,0,1,1,0,0,0.0,0.06598208,Open
8f2e0816-1e39-4247-807d-c51e9495a3ee,Agile Monkey Pilates Studio,pilates_studio,121 Walnut Ave,http://www.agilemonkey.net,0.0,341,2,1,1,1,1,pilates_studio,0,1,1,1,1,1,1,1,1,,0,1,2,0.0,0,,406.0,1.0,0.0,0.0,0.0,4,0,0,0,1,0,0,0.0,0.062353447,Open
34312b04-bfc6-4c1a-afe7-31df14af526e,Village Yoga,yoga_studio,,http://www.bikramyogasantacruz.com,0.0,576,2,1,1,1,0,yoga_studio,0,1,1,1,1,1,1,0,0,,0,0,2,0.0,0,,-1.0,0.0,1.0,0.0,0.0,3,0,0,0,1,0,0,0.0,0.051320836,Open
89292161-424e-4126-ace6-f71c4ba41687,lululemon,sports_wear,1531 Pacific Ave,,,14,2,1,1,0,1,sports_wear,0,1,1,1,1,0,0,0,0,,0,1,2,,1,13.840496473545386,,,,0.0,0.0,3,0,0,1,1,0,0,0.0,0.050759435,Open
663e20cd-6a22-4c45-92b6-0859f33b7eff,Search Strategy Marketing,business,,http://www.searchstrategymarketing.com,1.0,1172,2,1,1,1,0,business,0,1,1,1,1,1,1,1,1,,0,0,2,1.0,0,,200.0,0.0,0.0,0.0,0.0,3,0,0,0,1,0,0,0.0,0.049444117,Open
8512e51b-9935-41f5-a78f-7bcf2fcf659f,DELL WILLIAMS JEWELERS INC.,jewelry_store,1320 Pacific Ave,,,14,2,1,1,0,1,jewelry_store,2,1,1,1,1,0,0,0,0,,0,1,2,,0,,,,,0.0,0.0,3,0,0,1,1,0,0,0.0,0.048983444,Open
54c7b098-7669-4a48-865e-5785e1924aa7,Shaffer & Associates - Wayne Shaffer Real Estate,real_estate_agent,825 Cedar St,,,14,2,1,1,0,1,real_estate_agent,0,1,1,1,1,0,0,0,0,,0,1,2,,0,,,,,0.0,0.0,3,0,0,1,1,0,0,0.0,0.04844044,Open
6aa02455-e074-47d9-a6f5-038aa0fda921,Aloha Fridays at Pono,wine_bar,120 Union St,http://www.ponohawaiian.com/,1.0,14,2,1,1,0,1,wine_bar,2,1,1,1,1,0,0,1,1,,0,1,2,1.0,0,,405.0,0.0,0.0,0.0,0.0,3,0,0,0,1,0,1,0.0,0.04443938,Open
0cb13baf-5273-4163-a1fa-5efbb00cf55c,Mattress Nation - Santa Cruz,retail,1101 Pacific Ave Ste F,http://themattressnation.com/,1.0,14,2,1,1,0,1,retail,0,1,1,1,1,0,0,0,0,,0,1,2,1.0,0,,200.0,0.0,0.0,1.0,0.0,3,0,0,1,1,0,0,0.0,0.04424927,Open
fc970a65-1e0e-4eb5-a99b-f228ed69aea1,Mattress Nation - Santa Cruz,retail,1101 Pacific Ave Ste F,https://themattressnation.com/santacruz-ca-mattress-furniture-store/,1.0,14,2,1,1,0,1,retail,0,1,1,1,1,0,0,0,0,,0,1,2,1.0,0,,200.0,0.0,0.0,1.0,0.0,3,0,0,1,1,0,0,0.0,0.04424927,Open
4abf965c-6ec1-444b-8e2c-428b6f8ead8f,Coldwell Banker Realty,real_estate_agent,824 Mission St Ste B,,,14,2,1,1,0,1,real_estate_agent,1,1,1,1,1,0,0,0,0,,0,1,2,,0,,,,,0.0,0.0,3,0,0,1,1,0,0,0.0,0.04318331,Open
41ccf5a1-f794-4dd1-b97f-f6a3c5ea6c06,Redbox,video_and_video_game_rentals,602 Laurel St,https://www.redbox.com/locations/california/santa-cruz/95060/30550,0.0,14,2,1,1,0,1,video_and_video_game_rentals,5,1,1,1,1,0,0,0,0,,0,1,2,0.0,0,,-1.0,0.0,1.0,0.0,0.0,3,0,0,1,1,0,0,0.0,0.042501707,Open
d56ccfb2-ffdd-4c89-9654-cef10d5d2ccd,The Blue Lagoon,bar,923 Pacific Ave,http://www.thebluelagoon.com,1.0,14,2,1,1,0,1,bar,2,1,1,1,1,0,0,1,1,,0,1,2,1.0,0,,403.0,0.0,0.0,1.0,0.0,3,0,0,0,1,0,1,0.0,0.040504992,Open
568ca935-054c-433b-aa85-37cc3e419bd5,Cruz Kitchen & Taps,restaurant,145 Laurel St,http://Www.cruzkITCHENANDTAPS.com/,1.0,14,2,1,1,0,1,restaurant,2,1,1,1,1,0,0,1,1,,0,1,2,1.0,0,,405.0,0.0,0.0,1.0,0.0,3,0,0,0,1,0,1,0.0,0.03944337,Open
f0677baa-d803-42a9-8720-d6c7db5c48ad,SURF CITY KITCHEN,restaurant,110 Cooper St Ste B,https://surfcitykitchen.menufy.com/?utm_source=bing&utm_medium=websiteurl&utm_campaign=search,1.0,14,2,1,1,0,1,restaurant,0,1,1,1,1,0,0,0,0,,0,1,2,1.0,0,,200.0,0.0,0.0,1.0,0.0,3,0,0,1,1,0,0,0.0,0.039359346,Open
83bb9414-de20-46e9-8baa-c6a563785585,Betty Noodles,restaurant,431 Front St,https://www.bettynoodles.com/,1.0,14,2,1,1,0,1,restaurant,0,1,1,1,1,0,0,0,0,,0,1,2,1.0,0,,200.0,0.0,0.0,1.0,0.0,3,0,0,1,1,0,0,0.0,0.039359346,Open
a36c0f47-908a-4725-871c-cffb125bec4a,Santa Cruz local foods,asian_restaurant,,http://santacruzlocalfoods.com,1.0,148,2,1,1,1,0,asian_restaurant,0,1,1,1,1,1,1,0,0,,0,0,2,1.0,0,,405.0,0.0,0.0,0.0,0.0,3,0,0,0,1,0,0,0.0,0.036715295,Open
2191c2b8-87d9-43ba-a940-ac338402c3d8,Jack's Hamburgers,burger_restaurant,202 Lincoln St,http://www.eatatjacks.com,1.0,14,2,1,1,0,1,burger_restaurant,2,1,1,1,1,0,0,1,1,,0,1,2,1.0,0,,200.0,0.0,0.0,1.0,0.0,3,0,0,0,1,0,1,0.0,0.036043007,Open
db6659be-a247-4ff6-a1d1-1c6817d08ba8,Belly Goat Beef Burgers,burger_restaurant,725 Front St,https://www.bellygoatburgers.com,1.0,14,2,1,1,0,1,burger_restaurant,2,1,1,1,1,0,0,1,1,,0,1,2,1.0,0,,200.0,0.0,0.0,1.0,0.0,3,0,0,0,1,0,1,0.0,0.036043007,Open
f255ae88-4cf6-4c3b-99d1-ad498080146e,Christie's International Real Estate Sereno - Santa Cruz Office,real_estate_agent,720 Front Street,http://www.sereno.com/,1.0,14,2,1,1,0,1,real_estate_agent,0,1,1,1,1,0,0,0,0,,0,1,2,1.0,0,,200.0,0.0,0.0,0.0,0.0,3,0,0,1,1,0,0,0.0,0.035494585,Open
25d89b75-50c9-4108-9734-65f41219e0c3,Santa Cruz Gear Exchange,outdoor_gear,1306 Pacific Ave,,,14,2,0,0,0,1,outdoor_gear,2,0,0,0,0,0,0,1,1,,0,1,2,,1,1.2000942550701816,,,,0.0,0.0,1,0,0,0,1,0,1,0.0,0.03461534,Open
1ae9bd4d-19fe-4584-a53b-467600d7ad7f,St GEORGE,real_estate_service,833 Front St,https://www.stgeorgeapartmentssc.com,1.0,142,2,1,1,1,1,real_estate_service,0,1,1,1,1,1,1,0,0,,0,1,2,1.0,0,,200.0,0.0,0.0,0.0,0.0,4,0,0,0,1,0,0,0.0,0.03381605,Open
9fef2890-2e86-440b-a125-7475a9ecdec4,Sushi Mori,sushi_restaurant,429 Front St,http://www.sushimorisantacruz.com,0.0,14,2,1,1,0,1,sushi_restaurant,2,1,1,1,1,0,0,1,1,,0,1,2,0.0,0,,404.0,1.0,0.0,0.0,0.0,3,0,0,0,1,0,1,1.0,0.030831939,Open
884343af-9dc1-4d63-adaf-408cd3c23717,7-Eleven,convenience_store,602 Laurel St,https://www.7-eleven.com/,1.0,14,2,1,1,0,1,convenience_store,0,2,1,1,1,0,0,6,1,,0,1,2,1.0,0,,200.0,0.0,0.0,0.0,0.0,3,0,1,0,1,0,0,0.0,0.030814076,Open
fc58548f-4674-4da5-8b04-cbf98192af3b,Club Cruz Volleyball,volleyball_club,877 Cedar St Ste 150,http://clubcruzvolleyball.com/,0.0,14,2,1,1,0,1,volleyball_club,1,1,1,1,1,0,0,0,0,,0,1,2,0.0,0,,404.0,1.0,0.0,0.0,0.0,3,0,0,1,1,0,0,0.0,0.030767296,Open
3ba744c3-3ff5-4182-8db3-b7fddf286549,Studio 501,art_school,224 Walnut Ave,http://www.studio-501.com,1.0,245,2,1,1,1,1,art_school,0,1,1,1,1,1,1,0,0,,0,1,2,1.0,0,,200.0,0.0,0.0,0.0,0.0,4,0,0,0,1,0,0,0.0,0.030047795,Open
429ab160-cb4d-4f0b-af8f-7ae572146938,Realm,clothing_store,1526 Pacific Ave,http://realmsantacruz.com/,1.0,14,2,1,1,0,1,clothing_store,2,1,1,1,1,0,0,1,1,,0,1,2,1.0,1,17.944605819054296,200.0,0.0,0.0,1.0,0.0,3,0,0,0,1,0,1,0.0,0.029666703,Open
d5490282-22ce-4b4e-99bb-e21f23031373,De La Hacienda Taqueria,mexican_restaurant,354 Washington St,http://www.delahacienda.com/,0.0,14,2,1,1,0,1,mexican_restaurant,2,1,1,1,1,0,0,1,1,,0,1,2,0.0,0,,-1.0,0.0,1.0,1.0,1.0,3,0,0,0,1,0,1,1.0,0.029526567,Open
6a189b28-ffbd-4440-b588-a4944a28f77f,"Stewart Title of California, Inc. - South Bay Santa Cruz",home_and_rental_insurance,"1541 Pacific Ave, D",http://www.stewart.com/santa-cruz,1.0,14,2,1,1,0,1,home_and_rental_insurance,2,1,1,1,1,0,0,0,0,,0,1,2,1.0,0,,200.0,0.0,0.0,0.0,0.0,3,0,0,1,1,0,0,0.0,0.028333962,Open
2b047ea6-7b96-44c4-ade7-1fecda820d3c,Woodstock's Pizza Santa Cruz,gluten_free_restaurant,710 Front St,https://woodstockscruz.com/?utm_medium=organic,1.0,14,2,1,1,0,1,gluten_free_restaurant,5,1,1,1,1,0,0,0,0,,0,1,2,1.0,0,,200.0,0.0,0.0,0.0,0.0,3,0,0,1,1,0,0,0.0,0.027835093,Open
dcd565a1-4f87-474e-a877-bd7313f2cd3a,Talent Fund,employment_agencies,780 Main St,https://www.talentfund.com/,1.0,14,2,1,1,0,1,employment_agencies,2,1,1,1,1,0,0,0,0,,0,1,2,1.0,0,,200.0,0.0,0.0,0.0,0.0,3,0,0,1,1,0,0,0.0,0.02758142,Open
33c048ce-8dea-4fbe-bb87-76df283199fb,Arslans Turkish Street Food,turkish_restaurant,113 Walnut Ave,https://www.arslansturkishstreetfood.com/,1.0,14,2,1,1,0,1,turkish_restaurant,2,1,1,1,1,0,0,1,1,,0,1,2,1.0,0,,200.0,0.0,0.0,0.0,0.0,3,0,0,0,1,0,1,0.0,0.02704784,Open
5cf40198-de9b-42a4-baf5-76cbe6980f1a,Roots & Luxury Tailored Event Rentals,party_and_event_planning,11 Meyer Dr,https://www.rootsandluxury.com/,0.0,14,2,1,1,0,1,party_and_event_planning,1,1,1,1,1,0,0,0,0,,0,1,2,0.0,0,,404.0,1.0,0.0,0.0,0.0,3,0,0,1,1,0,0,0.0,0.02563616,Open
416f7172-e527-4955-afa3-fab3792c1e41,MANPOWER,employment_agencies,101 Cooper St Ste 201,https://www.manpower.com/en/about-us/locations,1.0,14,2,1,1,0,1,employment_agencies,0,1,1,1,1,0,0,0,0,,0,1,2,1.0,0,,200.0,0.0,0.0,0.0,0.0,3,0,0,1,1,0,0,0.0,0.025486728,Open
852f275c-51e1-4987-ac59-86df5ff45cc0,Hospitality Staffing Solutions,employment_agencies,212 Laurel St Ste 200,https://www.hssstaffing.com/lookforwork/,1.0,14,2,1,1,0,1,employment_agencies,0,1,1,1,1,0,0,0,0,,0,1,2,1.0,0,,200.0,0.0,0.0,0.0,0.0,3,0,0,1,1,0,0,0.0,0.025486728,Open
120a1ff8-5fc2-49ac-b306-37e686d0e5c7,NahNa | Modern Eritrean Food,african_restaurant,1520 Pacific Ave,https://www.nahnarestaurant.com/,0.0,14,2,1,1,0,1,african_restaurant,2,1,1,1,1,0,0,1,1,,0,1,2,0.0,0,,404.0,1.0,0.0,0.0,0.0,3,0,0,0,1,0,1,1.0,0.025409289,Open
a341b159-18ac-4f25-883d-174c072ff2b6,Crossroads Trading,t_shirt_store,811 Pacific Ave,http://www.crossroadstrading.com/,1.0,14,2,1,1,0,1,t_shirt_store,2,1,1,1,1,0,0,0,0,,0,1,2,1.0,0,,200.0,0.0,0.0,0.0,0.0,3,0,0,1,1,0,0,0.0,0.02511618,Open
71928887-121c-417f-ae25-5477e6b63443,Blue Rhino,propane_supplier,335 Mission St,https://bluerhino.com/propane-finder,1.0,14,2,1,1,0,1,propane_supplier,0,1,1,1,1,0,0,0,0,,0,1,2,1.0,0,,200.0,0.0,0.0,0.0,0.0,3,0,0,1,1,0,0,0.0,0.024481129,Open
1525f022-ef84-4296-befe-030c709ee820,Imagineer Design,real_estate_photography,841 Cedar St,http://imagineerdesign.com/,1.0,14,2,1,1,0,1,real_estate_photography,3,1,1,1,1,0,0,0,0,,0,1,2,1.0,0,,200.0,0.0,0.0,0.0,0.0,3,0,0,1,1,0,0,0.0,0.024267104,Open
29c70372-2b8a-426b-bb8c-7127a28cb300,After Hours Cocktail Bar,cocktail_bar,1001 Center St,http://afterhourssc.com/,0.0,14,2,1,1,0,1,cocktail_bar,2,1,1,1,1,0,0,1,1,,0,1,2,0.0,0,,-1.0,0.0,1.0,0.0,0.0,3,0,0,0,1,0,1,1.0,0.023582332,Open
83868f23-218f-4dc3-af83-cfaaabeb58c4,Alderwood Santa Cruz,restaurant,155 Walnut Ave,https://www.alderwoodsantacruz.com,1.0,14,2,1,1,0,1,restaurant,2,1,1,1,1,0,0,1,1,,0,1,2,1.0,0,,403.0,0.0,0.0,1.0,0.0,3,0,0,0,1,0,1,0.0,0.021852056,Open
5e551fb9-e1ee-4123-bd38-c06e60851777,Mobile Kangaroo - Apple Authorized iPhone & Mac Repair,mobile_phone_repair,740 Front St Ste 140,https://mobilekangaroo.com/,1.0,14,2,1,1,0,1,mobile_phone_repair,0,1,1,1,1,0,0,0,0,,0,1,2,1.0,0,,200.0,0.0,0.0,0.0,0.0,3,0,0,1,1,0,0,0.0,0.021829437,Open
847d73cf-ba39-4098-a20d-2fa68d1c73a9,Allied Universal® Security Services,security_services,1200 Pacific Ave Ste 235,https://www.aus.com/santa-cruz-security-systems-services?utm_source=brightlocal&utm_medium=organic,1.0,14,2,1,1,0,1,security_services,0,1,1,1,1,0,0,0,0,,0,1,2,1.0,0,,200.0,0.0,0.0,0.0,0.0,3,0,0,1,1,0,0,0.0,0.021829437,Open
27d1e5d4-86e2-472c-bc6f-d99fd9cfe590,Ulterior,cocktail_bar,110 Pearl Aly,http://ulteriormotivsc.com/,1.0,14,2,1,1,0,1,cocktail_bar,2,1,1,1,1,0,0,1,1,,0,1,2,1.0,0,,403.0,0.0,0.0,0.0,0.0,3,0,0,0,1,0,1,0.0,0.021433614,Open
507b399e-506a-4530-a82d-df22d09fca58,"Christina Lynn Gaunce, RDN (Registered Dietitian Nutritionist)",nutritionist,520 Mission St,http://www.christinalynnrd.com/,0.0,14,2,1,1,0,1,nutritionist,1,1,1,1,1,0,0,0,0,,0,1,2,0.0,0,,-1.0,0.0,1.0,0.0,0.0,3,0,0,1,1,0,0,0.0,0.021242257,Open
f3153e21-7433-4e85-b56a-45e2b2929ff8,Oyuki Sushi & Peruvian Cuisine,sushi_restaurant,1010 Pacific Ave,http://www.oyukisushi.com/,1.0,14,2,1,1,0,1,sushi_restaurant,2,1,1,1,1,0,0,1,1,,0,1,2,1.0,0,,200.0,0.0,0.0,0.0,0.0,3,0,0,0,1,0,1,0.0,0.020870214,Open
ab25ace5-3179-42dd-b9f1-7b2ec5873052,Shogun Japanese Restaurant,japanese_restaurant,1123 Pacific Ave,http://www.menustation.com/shogun/menu,1.0,14,2,1,1,0,1,japanese_restaurant,2,1,1,1,1,0,0,1,1,,0,1,2,1.0,0,,200.0,0.0,0.0,0.0,0.0,3,0,0,0,1,0,1,0.0,0.020870214,Open
16e59c28-6b36-4406-a0c4-f5083bee7b1f,Daisuki Octagon Sushi,sushi_restaurant,118 Cooper St,http://daisukioctagonsushi.com,1.0,14,2,1,1,0,1,sushi_restaurant,2,1,1,1,1,0,0,1,1,,0,1,2,1.0,0,,200.0,0.0,0.0,0.0,0.0,3,0,0,0,1,0,1,0.0,0.020870214,Open
b275fe5f-4b8f-48b7-b285-919b7fe973d4,The Buzz sushi,sushi_restaurant,1005 Cedar St,http://www.thebuzzsushi.com/,1.0,14,2,1,1,0,1,sushi_restaurant,2,1,1,1,1,0,0,1,1,,0,1,2,1.0,0,,200.0,0.0,0.0,0.0,0.0,3,0,0,0,1,0,1,0.0,0.020870214,Open
8c46b9cf-a0a9-4610-95d0-d373bbf1c7b3,Mobo Sushi,sushi_restaurant,105 S River St,http://mobosushirestaurant.com/,1.0,14,2,1,1,0,1,sushi_restaurant,2,1,1,1,1,0,0,1,1,,0,1,2,1.0,0,,200.0,0.0,0.0,0.0,0.0,3,0,0,0,1,0,1,0.0,0.020870214,Open
1912b993-70c4-45d2-a234-ee8e14890b99,Hidden Peak Teahouse,tea_room,1541 Pacific Ave,http://www.hiddenpeakteahouse.com/,1.0,14,2,1,1,0,1,tea_room,2,1,1,1,1,0,0,1,1,,0,1,2,1.0,0,,200.0,0.0,0.0,0.0,0.0,3,0,0,0,1,0,1,0.0,0.020870214,Open
1a84bf71-13d7-4da1-a1e2-e56b1e3de091,Zachary's Restaurant,restaurant,819 Pacific Ave,http://www.zacharyssantacruz.com,0.0,14,2,1,1,0,1,restaurant,2,1,1,1,1,0,0,1,1,,0,1,2,0.0,0,,406.0,1.0,0.0,1.0,1.0,3,0,0,0,1,0,1,1.0,0.020317437,Open
fdd50a41-6583-4238-a453-deaa5a125b61,Mozaic,mediterranean_restaurant,110 Church St,https://order.toasttab.com/online/mozaic-restaurant,1.0,14,2,1,1,0,1,mediterranean_restaurant,2,1,1,1,1,0,0,1,1,,0,1,2,1.0,0,,403.0,0.0,0.0,0.0,0.0,3,0,0,0,1,0,1,0.0,0.02011112,Open
f1c5b1dc-dddc-4d1e-85eb-b228b4ba7feb,So Fresh Clothing,clothing_store,911 Cedar St,http://www.sofreshclothing.com/,0.0,14,2,1,1,0,1,clothing_store,1,1,1,1,1,0,0,1,1,,0,1,2,0.0,0,,409.0,1.0,0.0,1.0,1.0,3,0,0,0,1,0,1,1.0,0.01994682,Open
36fd9f52-6195-4943-8e6c-41e233915851,Santa Cruz Eco Green Cleaning,home_cleaning,PO Box 1375,http://www.santacruzecogreen.com/,0.0,14,2,1,1,0,1,home_cleaning,0,1,1,1,1,0,0,0,0,,0,1,2,0.0,0,,-1.0,0.0,1.0,0.0,0.0,3,0,0,1,1,0,0,0.0,0.019432554,Open
7f81d41c-40d7-4ca0-bf01-4e65a1104da5,ATM 7ELEVEN-FCTI,atms,602 LAUREL ST,,,14,2,0,0,0,1,atms,0,0,0,0,0,0,0,0,0,,0,1,2,,0,,,,,0.0,0.0,1,1,0,0,1,0,0,0.0,0.01908056,Open
46f7fc53-decf-4408-91ac-8e933ca12375,Laili Restaurant,mediterranean_restaurant,101 Cooper St,http://www.lailirestaurant.com,0.0,14,2,1,1,0,1,mediterranean_restaurant,2,1,1,1,1,0,0,1,1,,0,1,2,0.0,0,,406.0,1.0,0.0,0.0,0.0,3,0,0,0,1,0,1,1.0,0.01905885,Open
d2118e99-372d-4a2f-b5da-f5df764c756e,Kiantis Pizza and Pasta Bar,italian_restaurant,1100 Pacific Ave,http://www.kiantis.com/,1.0,14,2,1,1,0,1,italian_restaurant,2,1,1,1,1,0,0,1,1,,0,1,2,1.0,0,,200.0,0.0,0.0,0.0,0.0,3,0,0,0,1,0,1,0.0,0.01804423,Open
42887ebc-9ed4-4dee-a4ea-23649095bd8a,Kuumbwa Jazz Center,jazz_and_blues,320 Cedar St,http://kuumbwajazz.org/,1.0,14,2,1,1,0,1,jazz_and_blues,1,1,1,1,1,0,0,1,1,,0,1,2,1.0,0,,200.0,0.0,0.0,0.0,0.0,3,0,0,0,1,0,1,0.0,0.017494945,Open
131b32d7-5c0e-452d-a839-c6e31564360c,IT'SUGAR,candy_store,110 Cooper St,http://www.itsugar.com/,1.0,14,2,1,1,0,1,candy_store,2,1,1,1,1,0,0,1,1,IT'SUGAR,1,1,2,1.0,1,3.948059567320912,200.0,0.0,0.0,0.0,0.0,3,0,0,0,1,0,1,0.0,0.016870093,Open
3e837a13-8ad0-419b-bbf8-2cc0d4eb9ce6,Hanloh ฮัลโหล,thai_restaurant,1011 Cedar St,http://www.hanloh.com/,1.0,14,2,1,1,0,1,thai_restaurant,2,1,1,1,1,0,0,1,1,,0,1,2,1.0,0,,200.0,0.0,0.0,1.0,0.0,3,0,0,0,1,0,1,0.0,0.016857078,Open
a2ff938b-b45b-48c4-8d12-082b83749076,Forever 21,clothing_store,1200 Pacific Ave,https://locations.forever21.com/us/stores/ca/santacruz/1200-pacific-ave?utm_medium=organic&utm_source=local&utm_campaign=fb&y_source=1_MjM1OTkzNTEtNTU5LWxvY2F0aW9uLndlYnNpdGU%3D,1.0,14,2,1,1,0,1,clothing_store,2,1,1,1,1,0,0,1,1,Forever 21,1,1,2,1.0,0,,403.0,0.0,0.0,1.0,0.0,3,0,0,0,1,0,1,0.0,0.016739868,Open
43c07f01-962e-4276-85a4-f81e82bbf3d6,Asti,restaurant,715 Pacific Ave,http://www.astisandiego.com,1.0,14,2,1,1,0,1,restaurant,2,1,1,1,1,0,0,1,1,,0,1,2,1.0,0,,200.0,0.0,0.0,1.0,0.0,3,0,0,0,1,0,1,0.0,0.0166941,Open
e2c69ead-037e-41c5-888a-d3eadd0a25a7,515 Kitchen & Cocktails,cocktail_bar,515 Cedar St,http://515SantaCruz.com/,1.0,14,2,1,1,0,1,cocktail_bar,2,1,1,1,1,0,0,1,1,,0,1,2,1.0,0,,200.0,0.0,0.0,0.0,0.0,3,0,0,0,1,0,1,0.0,0.016576108,Open
4b43d9d3-2dbc-4dff-9e53-87af0e9f0c9e,Front & Cooper,cocktail_bar,725 Front St,http://frontandcooper.com/,1.0,14,2,1,1,0,1,cocktail_bar,2,1,1,1,1,0,0,1,1,,0,1,2,1.0,0,,200.0,0.0,0.0,0.0,0.0,3,0,0,0,1,0,1,0.0,0.016576108,Open
a122dbce-7c9f-473b-bf73-3f6145b1c4ff,Oblò Cocktails & Kitchen,cocktail_bar,740 Front St,http://oblosc.com/,1.0,14,2,1,1,0,1,cocktail_bar,2,1,1,1,1,0,0,1,1,,0,1,2,1.0,0,,200.0,0.0,0.0,0.0,0.0,3,0,0,0,1,0,1,0.0,0.016576108,Open
748b1a73-1be0-4b73-b608-1bf75c67f1dc,The WeHive,wellness_program,1011 Center St,http://thewehive.com/,0.0,14,2,1,1,0,1,wellness_program,1,1,1,1,1,0,0,0,0,,0,1,2,0.0,0,,-1.0,0.0,1.0,0.0,0.0,3,0,0,1,1,0,0,0.0,0.01605842,Open
d913df37-d17c-48a4-8cd4-c205f9f2b352,World Cup Soccer Camps,soccer_club,323 Church St Ste 14,https://worldcupsoccercamps.com/,0.0,14,2,1,1,0,1,soccer_club,1,1,1,1,1,0,0,0,0,,0,1,2,0.0,0,,-1.0,0.0,1.0,0.0,0.0,3,0,0,1,1,0,0,0.0,0.01605842,Open
d5c99dea-ed9c-48c9-aa50-1d685b90ab75,::The Box::,dance_club,923 Pacific Ave,http://www.theboxsc.net,0.0,14,2,1,1,0,1,dance_club,2,1,1,1,1,0,0,1,1,,0,1,2,0.0,0,,-1.0,0.0,1.0,0.0,0.0,3,0,0,0,1,0,1,1.0,0.015853483,Open
93ac13bd-fac9-47c6-bfd2-79c7e94cec38,Sentinel Cafe,coffee_shop,877 Cedar St,https://www.santacruzsentinel.com,1.0,14,2,1,1,0,1,coffee_shop,2,1,1,1,1,0,0,1,1,,0,1,2,1.0,0,,200.0,0.0,0.0,0.0,0.0,3,0,0,0,1,0,1,0.0,0.015612503,Open
0ca3cc36-f882-46af-bd0e-d10ce2aaeaec,Santa Cruz Coffee Roasting,coffee_shop,1330 Pacific Ave,http://www.santacruzcoffee.com/,1.0,14,2,1,1,0,1,coffee_shop,2,1,1,1,1,0,0,1,1,,0,1,2,1.0,0,,200.0,0.0,0.0,0.0,0.0,3,0,0,0,1,0,1,0.0,0.015612503,Open
65edf1f2-ac10-406d-88e4-4f0a21865c6a,Lulu Carpenter's,coffee_shop,1545 Pacific Ave,http://www.lulucarpenters.com,1.0,14,2,1,1,0,1,coffee_shop,2,1,1,1,1,0,0,1,1,,0,1,2,1.0,0,,200.0,0.0,0.0,0.0,0.0,3,0,0,0,1,0,1,0.0,0.015612503,Open
514d199f-50ad-41e5-961b-19ad2d7a0180,State Farm Insurance,auto_insurance,346 Union St #2,,,14,2,1,1,0,1,auto_insurance,0,1,1,1,1,0,0,0,0,,0,1,2,,0,,,,,0.0,0.0,3,0,0,1,1,0,0,0.0,0.01556415,Open
d21d3427-a655-4643-b483-bac2ea7f2817,Western Union,money_transfer_services,335 Mission St,,,14,2,1,1,0,1,money_transfer_services,0,1,1,1,1,0,0,0,0,,0,1,2,,0,,,,,0.0,0.0,3,0,0,1,1,0,0,0.0,0.01556415,Open
f1607bd2-ebb4-4b26-b0f3-188b64da4c3c,Monster Pot,chinese_restaurant,431 Front St,http://www.monsterpotsc.com,0.0,14,2,1,1,0,1,chinese_restaurant,2,1,1,1,1,0,0,1,1,,0,1,2,0.0,0,,-1.0,0.0,1.0,0.0,0.0,3,0,0,0,1,0,1,1.0,0.015559118,Open
3d0644f0-e7a2-4e07-9e03-22bc794a4ca8,Mandarin Gourmet,chinese_restaurant,1010 Cedar St,http://www.mandaringourmetonline.com,0.0,14,2,1,1,0,1,chinese_restaurant,2,1,1,1,1,0,0,1,1,,0,1,2,0.0,0,,-1.0,0.0,1.0,0.0,0.0,3,0,0,0,1,0,1,1.0,0.015559118,Open
df74a668-acd6-470f-93ef-382e538c6d95,76,gas_station,335 Mission St,https://www.76.com/,1.0,14,2,1,1,0,1,gas_station,0,2,1,1,1,0,0,0,0,,0,1,2,1.0,0,,200.0,0.0,0.0,0.0,0.0,3,0,1,0,1,0,0,0.0,0.015199374,Open
2547df0c-59e6-4db8-93ad-7e71def297eb,Lupulo Craft Beer House,beer_bar,233 Cathcart St,http://www.lupulosc.com/,1.0,14,2,1,1,0,1,beer_bar,2,1,1,1,1,0,0,1,1,,0,1,2,1.0,0,,200.0,0.0,0.0,0.0,0.0,3,0,0,0,1,0,1,0.0,0.014489988,Open
dbd689b1-29ff-4368-8063-272b17630f13,Soif Wine Bar & Merchants,wine_bar,105 Walnut Ave,http://www.soifwine.com,1.0,14,2,1,1,0,1,wine_bar,2,1,1,1,1,0,0,1,1,,0,1,2,1.0,0,,200.0,0.0,0.0,0.0,0.0,3,0,0,0,1,0,1,0.0,0.014489988,Open
06a9cbb1-bc42-4143-b982-f44e045d5661,Free People,womens_clothing_store,1531 Pacific Ave,https://www.freepeople.com/stores/santa-cruz,1.0,14,2,1,1,0,1,womens_clothing_store,2,1,1,1,1,0,0,0,0,,0,1,2,1.0,1,13.840496473545386,200.0,0.0,0.0,0.0,0.0,3,0,0,1,1,0,0,0.0,0.014335346,Open
56bc0112-a0ac-4182-8489-055b7e54469d,Woodstock's Pizza Santa Cruz,pizza_restaurant,710 Front St,https://woodstockscruz.com/,1.0,14,2,1,1,0,1,pizza_restaurant,2,1,1,1,1,0,0,1,1,,0,1,2,1.0,0,,200.0,0.0,0.0,1.0,0.0,3,0,0,0,1,0,1,0.0,0.014301649,Open
7fa4f118-4a3d-46c5-9162-6d7312ee61e1,Pizzeria La Bufala,pizza_restaurant,725 Front St,http://www.pizzerialabufala.com,1.0,14,2,1,1,0,1,pizza_restaurant,2,1,1,1,1,0,0,1,1,,0,1,2,1.0,0,,200.0,0.0,0.0,1.0,0.0,3,0,0,0,1,0,1,0.0,0.014301649,Open
585595f1-45eb-4256-8b12-253d90171961,Pleasure Pizza,pizza_restaurant,1415 Pacific Ave,https://pleasure.pizza/,1.0,14,2,1,1,0,1,pizza_restaurant,2,1,1,1,1,0,0,1,1,,0,1,2,1.0,0,,200.0,0.0,0.0,1.0,0.0,3,0,0,0,1,0,1,0.0,0.014301649,Open
eaa9b2ce-fccb-463d-8841-8de151fde46e,Pizza My Heart,pizza_restaurant,1116 Pacific Ave,http://www.pizzamyheart.com/,1.0,14,2,1,1,0,1,pizza_restaurant,2,1,1,1,1,0,0,1,1,,0,1,2,1.0,0,,200.0,0.0,0.0,1.0,0.0,3,0,0,0,1,0,1,0.0,0.014301649,Open
24be82ab-c034-46a2-b727-61510a3f5e71,Nectar Creations,clothing_store,1325 Pacific Ave,http://www.nectarcreations.com,1.0,14,2,1,1,0,1,clothing_store,2,1,1,1,1,0,0,1,1,,0,1,2,1.0,0,,200.0,0.0,0.0,1.0,0.0,3,0,0,0,1,0,1,0.0,0.014161439,Open
6d4b5ad0-aacb-42b3-b0da-cbb02c53711c,Berdels,clothing_store,1233 Pacific Ave,http://www.berdels.com/,1.0,14,2,1,1,0,1,clothing_store,2,1,1,1,1,0,0,1,1,,0,1,2,1.0,0,,200.0,0.0,0.0,1.0,0.0,3,0,0,0,1,0,1,0.0,0.014161439,Open
23cfba7b-32d3-4afc-a994-dd91d87daf86,El Palomar,mexican_restaurant,1336 Pacific Ave,https://elpalomarsantacruz.com/?y_source=1_MTQ2OTg4NTAtNTU5LWxvY2F0aW9uLndlYnNpdGU%3D,1.0,14,2,1,1,0,1,mexican_restaurant,2,1,1,1,1,0,0,1,1,,0,1,2,1.0,0,,200.0,0.0,0.0,1.0,0.0,3,0,0,0,1,0,1,0.0,0.0140222125,Open
5af29d75-ccb7-4658-89bb-e99de1322130,Taqueria Jalapenos,mexican_restaurant,206 Laurel St,http://www.taqueriajalapenos.com/,1.0,14,2,1,1,0,1,mexican_restaurant,2,1,1,1,1,0,0,1,1,,0,1,2,1.0,0,,200.0,0.0,0.0,1.0,0.0,3,0,0,0,1,0,1,0.0,0.0140222125,Open
251d730f-753b-4efb-b8b1-910d10bb59f7,Jedzebel,womens_clothing_store,703 Front St,http://www.jedzebel.com/,1.0,14,2,1,1,0,1,womens_clothing_store,3,1,1,1,1,0,0,0,0,,0,1,2,1.0,0,,200.0,0.0,0.0,0.0,0.0,3,0,0,1,1,0,0,0.0,0.01348727,Open
f4b66742-de16-4b6e-a201-3c567477e9e9,Three Birds,clothing_store,1349 Pacific Ave,http://www.threebirdssantacruz.com/,0.0,14,2,1,1,0,1,clothing_store,1,1,1,1,1,0,0,1,1,,0,1,2,0.0,0,,-1.0,0.0,1.0,1.0,1.0,3,0,0,0,1,0,1,1.0,0.013217628,Open
7712bc64-2ab4-413a-9513-fc157322e17f,Sesame Korean Grill,korean_restaurant,435 Front St,http://www.sesame-koreangrill.com,1.0,14,2,1,1,0,1,korean_restaurant,2,1,1,1,1,0,0,1,1,,0,1,2,1.0,0,,200.0,0.0,0.0,0.0,0.0,3,0,0,0,1,0,1,0.0,0.013213617,Open
ee74c53b-0693-4a24-9a0e-71a65c658c43,Santa Cruz County Actors' Theatre,lounge,1001 Center St,http://www.sccat.org,1.0,14,2,1,1,0,1,lounge,2,1,1,1,1,0,0,1,1,,0,1,2,1.0,0,,200.0,0.0,0.0,0.0,0.0,3,0,0,0,1,0,1,0.0,0.013213617,Open
37a6f4b7-fa19-474b-947e-5b110b677fd6,Roxa Hammock Cafe,cafe,110 Cooper St,https://www.maitreyaretreat.com/,1.0,14,2,1,1,0,1,cafe,2,1,1,1,1,0,0,1,1,,0,1,2,1.0,0,,200.0,0.0,0.0,0.0,0.0,3,0,0,0,1,0,1,0.0,0.013172142,Open
ed77d6de-4162-4ffe-9de1-ff9668dad2f0,Cafe Delmarette,cafe,1126 Pacific Ave,http://cafedelmarette.com/,1.0,14,2,1,1,0,1,cafe,2,1,1,1,1,0,0,1,1,,0,1,2,1.0,0,,200.0,0.0,0.0,0.0,0.0,3,0,0,0,1,0,1,0.0,0.013172142,Open
eaf08d0c-8581-47e7-bd3c-8c99f460c6c3,Gabriella Cafe,cafe,910 Cedar St,http://www.gabriellacafe.com/,1.0,14,2,1,1,0,1,cafe,2,1,1,1,1,0,0,1,1,,0,1,2,1.0,0,,200.0,0.0,0.0,0.0,0.0,3,0,0,0,1,0,1,0.0,0.013172142,Open
182b360c-0d14-439e-a422-549dcb2d3612,Mariposa Coffee Bar,cafe,1010 Pacific Ave,https://mariposacoffeebar.com,1.0,14,2,1,1,0,1,cafe,2,1,1,1,1,0,0,1,1,,0,1,2,1.0,0,,200.0,0.0,0.0,0.0,0.0,3,0,0,0,1,0,1,0.0,0.013172142,Open
aa97245a-8a3f-42a6-9a83-7d28cf805922,Hook & Line,seafood_restaurant,105 Walnut Ave,https://www.eathookandline.com/,1.0,14,2,1,1,0,1,seafood_restaurant,2,1,1,1,1,0,0,1,1,,0,1,2,1.0,0,,200.0,0.0,0.0,0.0,0.0,3,0,0,0,1,0,1,0.0,0.013172142,Open
5fe428fc-9c89-4d73-b545-275960c8ce23,Far West Fungi,cafe,224 Laurel St,https://www.farwestfungi.com/pages/santa-cruz,1.0,14,2,1,1,0,1,cafe,2,1,1,1,1,0,0,1,1,,0,1,2,1.0,0,,200.0,0.0,0.0,0.0,0.0,3,0,0,0,1,0,1,0.0,0.013172142,Open
c9059160-78fc-40f4-9619-453d45b34fcd,Stagnaro Bros. Seafood,seafood_restaurant,320 Washington St,http://www.stagnarobrothers.com/,1.0,14,2,1,1,0,1,seafood_restaurant,2,1,1,1,1,0,0,1,1,,0,1,2,1.0,0,,200.0,0.0,0.0,0.0,0.0,3,0,0,0,1,0,1,0.0,0.013172142,Open
7bd75530-8929-4577-8f76-7e04f3363463,The Walnut Avenue Cafe,cafe,106 Walnut Ave,http://www.walnutavenuecafe.com/,1.0,14,2,1,1,0,1,cafe,2,1,1,1,1,0,0,1,1,,0,1,2,1.0,0,,200.0,0.0,0.0,0.0,0.0,3,0,0,0,1,0,1,0.0,0.013172142,Open
4275136a-7392-4d98-8292-4b32737651fc,The Redroom Cocktail Lounge,cocktail_bar,1003 Cedar St,http://www.redsantacruz.com/,1.0,14,2,1,1,0,1,cocktail_bar,1,1,1,1,1,0,0,1,1,,0,1,2,1.0,0,,200.0,0.0,0.0,0.0,0.0,3,0,0,0,1,0,1,0.0,0.0128215635,Open
f625963d-84e7-4dfd-a6c9-0c6f3fbef4e5,Roto-Rooter,plumbing,310 Locust St,https://www.rotorooter.com/,1.0,14,2,1,1,0,1,plumbing,0,2,1,2,1,0,0,7,1,,0,1,2,1.0,0,,200.0,0.0,0.0,0.0,0.0,3,0,1,0,1,0,0,0.0,0.012756418,Open
1fa93e50-45cd-4130-9ca3-8899ec3c9931,Pono Hawaiian Grill,hawaiian_restaurant,120 Union St,http://www.ponohawaiiangrill.com/,1.0,14,2,1,1,0,1,hawaiian_restaurant,2,1,1,1,1,0,0,1,1,,0,1,2,1.0,0,,200.0,0.0,0.0,0.0,0.0,3,0,0,0,1,0,1,0.0,0.012331912,Open
4e307b97-ba47-49e3-b582-0aceb0d513f8,MOTIV,dance_club,1209 Pacific Ave,http://www.motivsc.com/,1.0,14,2,1,1,0,1,dance_club,2,1,1,1,1,0,0,1,1,,0,1,2,1.0,0,,200.0,0.0,0.0,0.0,0.0,3,0,0,0,1,0,1,0.0,0.012331912,Open
0ae25f1b-a11b-4b62-aa53-856c7be73e5d,Luma Yoga,gym,1010 Center St,http://www.lumayoga.com/,1.0,14,2,1,1,0,1,gym,6,1,1,1,1,0,0,0,0,,0,1,2,1.0,0,,200.0,0.0,0.0,0.0,0.0,3,0,0,1,1,0,0,0.0,0.012316803,Open
c825c3e6-78c2-41e2-8159-2397096d2a44,Fusion Fare Restaurant,chinese_restaurant,1003 Cedar St,https://www.fusionfarerestaurant.com/,1.0,14,2,1,1,0,1,chinese_restaurant,2,1,1,1,1,0,0,1,1,,0,1,2,1.0,0,,200.0,0.0,0.0,0.0,0.0,3,0,0,0,1,0,1,0.0,0.01210213,Open
d85f26ae-7fa0-4d44-9093-aa1c9f60fbbf,Yan Flower,chinese_restaurant,617 Pacific Ave,http://www.yanflower.com/,1.0,14,2,1,1,0,1,chinese_restaurant,2,1,1,1,1,0,0,1,1,,0,1,2,1.0,0,,200.0,0.0,0.0,0.0,0.0,3,0,0,0,1,0,1,0.0,0.01210213,Open
ffa955ec-474e-413a-9d95-9dc129e34ec4,Ibiza,mediterranean_restaurant,1541 Pacific Ave,http://ibizasantacruz.com/,1.0,14,2,1,1,0,1,mediterranean_restaurant,2,1,1,1,1,0,0,1,1,,0,1,2,1.0,0,,200.0,0.0,0.0,0.0,0.0,3,0,0,0,1,0,1,0.0,0.012021881,Open
d123cbfd-3b42-45b0-9d89-7455dc8064c5,Nova Portable Toilet Rentals,business_equipment_and_supply,335 Mission St,,,14,2,1,1,0,1,business_equipment_and_supply,1,1,1,1,1,0,0,0,0,,0,1,2,,0,,,,,0.0,0.0,3,0,0,1,1,0,0,0.0,0.011992313,Open
25af4f32-9ca6-4711-a043-a7372b4ce589,Nut Kreations,specialty_foods,104 Lincoln St,,,14,2,1,1,0,1,specialty_foods,1,1,1,1,1,0,0,0,0,,0,1,2,,0,,,,,0.0,0.0,3,0,0,1,1,0,0,0.0,0.011992313,Open
981acc71-1174-4c54-b32e-3103a57cc21e,Mission Hill Creamery,ice_cream_shop,1101 Pacific Ave,http://www.missionhillcreamery.com/,1.0,14,2,1,1,0,1,ice_cream_shop,2,1,1,1,1,0,0,1,1,,0,1,2,1.0,0,,200.0,0.0,0.0,0.0,0.0,3,0,0,0,1,0,1,0.0,0.011959869,Open
72776178-e822-4ab8-9f49-eea0459944db,Izzy's Ices,ice_cream_shop,106 Lincoln St,http://www.izzysitalianices.com/,1.0,14,2,1,1,0,1,ice_cream_shop,2,1,1,1,1,0,0,1,1,,0,1,2,1.0,0,,200.0,0.0,0.0,0.0,0.0,3,0,0,0,1,0,1,0.0,0.011959869,Open
d110b0ba-7bd5-44ed-a099-71dfd7362168,Central Coast Juicery,smoothie_juice_bar,111 Locust St,http://central-coast-juicery.myshopify.com,1.0,14,2,1,1,0,1,smoothie_juice_bar,1,1,1,1,1,0,0,1,1,,0,1,2,1.0,0,,200.0,0.0,0.0,1.0,0.0,3,0,0,0,1,0,1,0.0,0.011875252,Open
a649e807-7d38-4efd-8d36-d0497c424d07,11th Hour Coffee,coffee_shop,1001 Center St,http://eleventhhourcoffee.com,0.0,14,2,1,1,0,1,coffee_shop,2,1,1,1,1,0,0,1,1,,0,1,2,0.0,0,,406.0,1.0,0.0,0.0,0.0,3,0,0,0,1,0,1,1.0,0.011728694,Open
92e9684a-b087-478c-af33-a4ac0cd03329,Portal of Love,clothing_store,1535 Pacific Ave,http://buzzloveshop.com/,1.0,14,2,1,1,0,1,clothing_store,2,1,1,1,1,0,0,1,1,,0,1,2,1.0,1,13.165001629650652,200.0,0.0,0.0,1.0,0.0,3,0,0,0,1,0,1,0.0,0.011684526,Open
489ab35e-5a4c-41ae-950a-37557be5a0e7,FedEx Office Print & Ship Center,courier_and_delivery_services,712 Front St,http://local.van.fedex.com/ca/santa-cruz/office-5102,0.0,14,2,1,1,0,1,courier_and_delivery_services,2,1,1,1,1,0,0,0,0,,0,1,2,0.0,0,,-2.0,0.0,1.0,0.0,0.0,3,0,0,1,1,0,0,0.0,0.011635861,Open
a13934c3-62d1-44ba-8ac7-d550940eec7f,Miss Jessie May's,flowers_and_gifts_shop,1533 Pacific Ave,http://missjessiemays.com/,0.0,14,2,1,1,0,1,flowers_and_gifts_shop,2,1,1,1,1,0,0,1,1,,0,1,2,0.0,1,3.6280514491793188,-1.0,0.0,1.0,1.0,1.0,3,0,0,0,1,0,1,1.0,0.011431248,Open
0af14315-c6e0-4fa2-9fc1-3d8a64bb6297,MeloMelo Kava Bar,bar,1101 Pacific Ave,http://melomelokavabar.com/,1.0,14,2,1,1,0,1,bar,1,1,1,1,1,0,0,1,1,MeloMelo Kava Bar,1,1,2,1.0,0,,200.0,0.0,0.0,1.0,0.0,3,0,0,0,1,0,1,0.0,0.011389079,Open
88f0c1d3-0f7b-4765-8369-48a623ddeed0,Heartline Massage,acupuncture,115 Maple St,http://www.massage-santacruz.net/,0.0,14,2,1,1,0,1,acupuncture,1,1,1,1,1,0,0,0,0,,0,1,2,0.0,0,,-1.0,0.0,1.0,0.0,0.0,3,0,0,1,1,0,0,0.0,0.011208811,Open
258b164d-c879-497c-9cae-503d1367b7a2,"Francis Kuo, O.D.",optometrist,346 Union St,http://www.drkuoeyecare.com/,0.0,14,2,1,1,0,1,optometrist,2,1,1,1,1,0,0,0,0,,0,1,2,0.0,0,,-1.0,0.0,1.0,0.0,0.0,3,0,0,1,1,0,0,0.0,0.0107893655,Open
74016da3-025e-41fc-abae-66982c87cd32,Kaiser Permanente Santa Cruz Medical Offices,medical_center,110 Cooper St Ste 500,https://healthy.kaiserpermanente.org/northern-california/facilities/Santa-Cruz-Medical-Offices-329885,1.0,14,2,1,1,0,1,medical_center,1,1,1,1,1,0,0,0,0,,0,1,2,1.0,0,,200.0,0.0,0.0,0.0,0.0,3,0,0,1,1,0,0,0.0,0.010426566,Open
d44ef7d4-4992-4123-8b75-c7fe5c5dbb5f,Pediatrics: Downtown Office (Santa Cruz): Palo Alto Medical Foundation,medical_center,115 Locust St,http://www.pamf.org/pediatrics/locations/downtown.html?utm_medium=local&utm_source=bing-local&utm_campaign=local-Santa-Cruz-PAMF97,1.0,14,2,1,1,0,1,medical_center,1,1,1,1,1,0,0,0,0,,0,1,2,1.0,0,,200.0,0.0,0.0,0.0,0.0,3,0,0,1,1,0,0,0.0,0.010426566,Open
7ef07a47-2b1b-4dbc-abdd-d96376d2d22e,Munch,cafe,719 Pacific Ave,http://munchdown.com/,1.0,14,2,1,1,0,1,cafe,1,1,1,1,1,0,0,1,1,,0,1,2,1.0,0,,200.0,0.0,0.0,0.0,0.0,3,0,0,0,1,0,1,0.0,0.010180636,Open
48d700f7-dc8e-45a9-b2d3-f515a9a5ac32,"Santa Cruz Family Therapy, PC",psychiatrist,841 Cedar St,https://santacruzfamilytherapy.com/,1.0,14,2,1,1,0,1,psychiatrist,2,1,1,1,1,0,0,0,0,,0,1,2,1.0,0,,200.0,0.0,0.0,0.0,0.0,3,0,0,1,1,0,0,0.0,0.010143919,Open
8e70c165-0c8e-4b60-ba84-add2e7757f61,Variance,jewelry_store,1537 Pacific Ave,http://www.varianceobjects.com/,1.0,14,2,1,1,0,1,jewelry_store,2,1,1,1,1,0,0,1,1,,0,1,2,1.0,1,7.650026447678908,200.0,0.0,0.0,0.0,0.0,3,0,0,0,1,0,1,0.0,0.010030029,Open
85d11797-d8fc-425d-8b46-c8a4410dbfde,All Night Pizza Santa Cruz,pizza_restaurant,332 Union St,http://allnightpizza.com/,1.0,14,2,1,1,0,1,pizza_restaurant,0,1,1,1,1,0,0,1,1,,0,1,2,1.0,0,,403.0,0.0,0.0,1.0,0.0,3,0,0,0,1,0,1,0.0,0.009682106,Open
e0faea07-2ef0-44e7-a3fc-36b62e8704bc,Luminous Healing Center,psychotherapist,2125 Delaware Ave Ste A,http://www.luminoushealingcenter.com/,1.0,14,2,1,1,0,1,psychotherapist,1,1,1,1,1,0,0,0,0,,0,1,2,1.0,0,,200.0,0.0,0.0,0.0,0.0,3,0,0,1,1,0,0,0.0,0.009508029,Open
55337c69-57fa-48e4-acc3-d1f110136cb8,Pacific Square,rental_services,1407 Pacific Ave,https://www.sywest.com/retail-centers/california-northern/pacific-square,1.0,14,2,1,1,0,1,rental_services,1,1,1,1,1,0,0,0,0,,0,1,2,1.0,0,,200.0,0.0,0.0,0.0,0.0,3,0,0,1,1,0,0,0.0,0.009508029,Open
f7180222-821a-41ac-8780-d1a00c5df80d,Reactic Restoration,fire_and_water_damage_restoration,310 Locust St Ste C,https://reacticrestoration.com/santa-cruz/,1.0,14,2,1,1,0,1,fire_and_water_damage_restoration,1,1,1,1,1,0,0,0,0,,0,1,2,1.0,0,,200.0,0.0,0.0,0.0,0.0,3,0,0,1,1,0,0,0.0,0.009508029,Open
b4b2e4d3-772f-467b-812d-294ef4f75fdd,Ecological Concerns Incorporated,landscape_architect,609 Pacific Ave Ste 101,http://www.ecologicalconcerns.com/,1.0,14,2,1,1,0,1,landscape_architect,1,1,1,1,1,0,0,0,0,,0,1,2,1.0,0,,200.0,0.0,0.0,0.0,0.0,3,0,0,1,1,0,0,0.0,0.009508029,Open
fc3828e1-5357-4134-90a9-4be85e1144f8,The KEY IOP,cancer_treatment_center,725 Front St Ste 206,https://thekeyiop.com/,1.0,14,2,1,1,0,1,cancer_treatment_center,1,1,1,1,1,0,0,0,0,,0,1,2,1.0,0,,200.0,0.0,0.0,0.0,0.0,3,0,0,1,1,0,0,0.0,0.009508029,Open
27b14747-0625-462a-b7eb-c4110a746eb8,Health Projects Center,social_service_organizations,"9000 Soquel Ave., Suite103",http://www.hpcn.org/,1.0,14,2,1,1,0,1,social_service_organizations,2,1,1,1,1,0,0,1,1,,0,1,2,1.0,1,10.086160120855228,200.0,0.0,0.0,0.0,0.0,3,0,0,0,1,0,1,0.0,0.009337801,Open
27dfbf01-599e-4ed4-8c58-37dd10e2d43f,Food Talk Santa Cruz,restaurant,110 Pearl Aly,,,14,2,0,0,0,1,restaurant,1,0,0,0,0,0,0,1,1,,0,1,2,,0,,,,,1.0,0.0,1,0,0,0,1,0,1,0.0,0.009129886,Open
c26a47d5-d651-495b-a7a9-7fbdf6c116b9,Verve Coffee Roasters,coffee_shop,1540 Pacific Ave,https://www.vervecoffee.com/,1.0,14,2,1,1,0,1,coffee_shop,2,1,1,1,1,0,0,1,1,Verve Coffee Roasters,1,1,2,1.0,0,,200.0,0.0,0.0,0.0,0.0,3,0,0,0,1,0,1,0.0,0.009027358,Open
57585707-9246-4d77-a4c0-8f3d40967d58,Betty's Noodle House,asian_fusion_restaurant,920 Pacific Ave,http://www.bettysnoodlehouse.com/,0.0,14,2,1,1,0,1,asian_fusion_restaurant,2,1,1,1,1,0,0,0,0,,0,1,2,0.0,0,,-1.0,0.0,1.0,0.0,0.0,3,0,0,1,1,0,0,0.0,0.008923006,Open
6ee72f7c-7c73-4aab-9255-656f0e6c06d4,Farmers Insurance - Ted Herzon,auto_insurance,406 Mission St Ste F,https://agents.farmers.com/ca/santa-cruz/ted-herzon/,1.0,14,2,1,1,0,1,auto_insurance,0,1,1,1,1,0,0,0,0,,0,1,2,1.0,0,,200.0,0.0,0.0,0.0,0.0,3,0,0,1,1,0,0,0.0,0.008916945,Open
999a6116-10c8-4e28-84a6-d09a7fd874fc,AlphaGraphics,printing_services,525 Laurel St Ste 125,http://www.us558.alphagraphics.com/,1.0,14,2,1,1,0,1,printing_services,0,1,1,1,1,0,0,0,0,,0,1,2,1.0,0,,200.0,0.0,0.0,0.0,0.0,3,0,0,1,1,0,0,0.0,0.008916945,Open
884b01fa-78fb-4226-ae1e-f1ee6135f2ae,Fairprice Movers - Santa Cruz,packing_services,696 Pacific Ave Ste 6,https://fairpricemovers.com/movers-near-me/california/santa-cruz/,1.0,14,2,1,1,0,1,packing_services,0,1,1,1,1,0,0,0,0,,0,1,2,1.0,0,,200.0,0.0,0.0,0.0,0.0,3,0,0,1,1,0,0,0.0,0.008916945,Open
fdc71cce-e157-4052-8a68-0b74a17cf397,Santa Cruz Security,key_and_locksmith,501 Mission St Ste 1,http://www.santacruzsecurity.com/,1.0,14,2,1,1,0,1,key_and_locksmith,1,1,1,1,1,0,0,0,0,,0,1,2,1.0,0,,200.0,0.0,0.0,0.0,0.0,3,0,0,1,1,0,0,0.0,0.008843308,Open
9ad9938b-864e-424d-a14f-28f569504d2c,Cat and Cloud Coffee,coffee_shop,725 Front St,http://catandcloud.com/,1.0,14,2,1,0,0,1,coffee_shop,2,1,1,0,0,0,0,1,1,,0,1,2,1.0,0,,200.0,0.0,0.0,0.0,0.0,2,0,0,0,1,0,1,0.0,0.0085733915,Open
26612403-6ed2-49e2-883c-2add176d1c31,Elizabeth Lee PsyD Licensed Clinical Pychologist,psychologist,501 Mission St,,,14,2,1,1,0,1,psychologist,1,1,1,1,1,0,0,0,0,,0,1,2,,0,,,,,0.0,0.0,3,0,0,1,1,0,0,0.0,0.008293332,Open
85a95022-b826-4dd9-a699-47ebb0343982,Fosters Freeze,fast_food_restaurant,229 Laurel St,http://www.fostersfreeze.com/,1.0,14,2,1,1,0,1,fast_food_restaurant,2,1,1,1,1,0,0,1,1,Fosters Freeze,1,1,2,1.0,0,,200.0,0.0,0.0,1.0,0.0,3,0,0,0,1,0,1,0.0,0.007762806,Open
4521194c-12f3-4ee1-8f49-36b9a543422e,Five Guys,fast_food_restaurant,"1101 Pacific Ave., Suite A",https://restaurants.fiveguys.com/1101-pacific-ave,1.0,14,2,1,0,0,1,fast_food_restaurant,0,1,1,0,0,0,0,1,1,Five Guys,1,1,2,1.0,0,,200.0,0.0,0.0,1.0,0.0,2,1,0,0,1,0,0,0.0,0.0077458774,Open
a1ce60e5-d9f6-48ba-9208-493937413b57,"Dr. Caitlin Fanning, ND",doctor,736 Chesnut St,,,14,2,1,1,0,1,doctor,1,1,1,1,1,0,0,0,0,,0,1,2,,0,,,,,0.0,0.0,3,0,0,1,1,0,0,0.0,0.0076361443,Open
9ad40015-93d5-4870-8302-f67ae82a86ce,Money Market Check Cashing,check_cashing_payday_loans,903 Pacific Ave Ste 102,http://www.moneymarketcheckcashing.com/,1.0,14,2,1,1,0,1,check_cashing_payday_loans,0,1,1,1,1,0,0,0,0,,0,1,2,1.0,0,,200.0,0.0,0.0,0.0,0.0,3,0,0,1,1,0,0,0.0,0.0073340214,Open
20868fc1-e506-4071-bff6-5f1c967f1b9e,Davenport Roadhouse,bar,,davenportroadhouse.com,1.0,14,2,1,0,0,0,bar,2,1,1,0,0,0,0,1,1,,0,0,2,1.0,0,,200.0,0.0,0.0,1.0,0.0,1,0,0,0,1,0,1,0.0,0.00724746,Open
7d96db06-40a7-473b-b1b2-3f368d67956b,"University of California, Santa Cruz Shared Print in Place",library,Univ of CA Santa Cruz Univ Libr Sharon Call,,,14,2,0,0,0,1,library,0,0,0,0,0,0,0,0,0,,0,1,2,,0,,,,,0.0,0.0,1,1,0,0,1,0,0,0.0,0.0072253924,Open
e9faddab-40b1-49ca-974b-35a8e8f6f1fc,Nick the Greek,greek_restaurant,1133 Pacific Ave,http://www.nickthegreeksj.com/,1.0,14,2,1,1,0,1,greek_restaurant,2,1,1,1,1,0,0,1,1,Nick The Greek,1,1,2,1.0,0,,200.0,0.0,0.0,0.0,0.0,3,0,0,0,1,0,1,0.0,0.0070252614,Open
51f3bcd1-e949-4ffa-ae42-b1d5e1479f3d,Santa Cruz Fit Body Boot Camp,boot_camp,175 Walnut Ave,https://fitbodybootcamp.com/9763-santa-cruz-ca/,0.0,14,2,1,1,0,1,boot_camp,2,1,1,1,1,0,0,0,0,,0,1,2,0.0,0,,404.0,1.0,0.0,0.0,0.0,3,0,0,1,1,0,0,0.0,0.006935471,Open
fa86addd-5599-455b-af6f-fac9140e6b8f,Addiction Rehab Santa Cruz,addiction_rehabilitation_center,"226 Walnut Ave, 777",https://addictiontreatments101.com/locations/Addiction-Rehab-Santa-Cruz/,0.0,14,2,1,1,0,1,addiction_rehabilitation_center,2,1,1,1,1,0,0,0,0,,0,1,2,0.0,0,,404.0,1.0,0.0,0.0,0.0,3,0,0,1,1,0,0,0.0,0.006935471,Open
f736de6b-3872-44f5-9987-78e685c76dcb,Andy's Auto Supply,auto_parts_and_supply_store,901 Pacific Ave,,,14,2,1,1,0,1,auto_parts_and_supply_store,2,1,1,1,1,0,0,0,0,,0,1,2,,0,,,,,0.0,0.0,3,0,0,1,1,0,0,0.0,0.0068332395,Open
2ee1336b-bb4c-4dd5-b778-56152900cebe,Andy's Auto Supply,auto_parts_and_supply_store,901 Pacific Ave,,,14,2,1,1,0,1,auto_parts_and_supply_store,2,1,1,1,1,0,0,0,0,,0,1,2,,0,,,,,0.0,0.0,3,0,0,1,1,0,0,0.0,0.0068332395,Open
85223668-e1ad-4bec-8247-ef1be27af530,BARE Studio,day_spa,738 Chestnut St,http://bare-studio.com/,1.0,14,2,1,1,0,1,day_spa,3,1,1,1,1,0,0,0,0,,0,1,2,1.0,0,,401.0,0.0,0.0,0.0,0.0,3,0,0,1,1,0,0,0.0,0.006736858,Open
dc0894e7-5766-49e0-8293-76fb3805c922,MISSION VALERO,banks,335 Mission St,https://location.westernunion.com/us/ca/santa-cruz/ca03cdd164628ce866be5f3b6caee48c,1.0,14,2,1,0,0,1,banks,0,1,1,0,0,0,0,0,0,Western Union,1,1,2,1.0,0,,200.0,0.0,0.0,0.0,0.0,2,1,0,0,1,0,0,0.0,0.0066637686,Open
ae396776-63c4-455e-b7bd-91d96b6f1c75,The Neighbor's Pub,pub,711 Pacific Ave,http://theneighborspub.org/,1.0,14,2,1,0,0,1,pub,2,1,1,0,0,0,0,1,1,,0,1,2,1.0,0,,200.0,0.0,0.0,0.0,0.0,2,0,0,0,1,0,1,0.0,0.0063282955,Open
ee3a45c9-e302-4d3b-a512-f8f654e75b7f,Deacon Brody's Pub,pub,110 Cedar St,,,14,2,0,1,0,1,pub,2,0,0,1,1,0,0,1,1,,0,1,2,,0,,,,,0.0,0.0,2,0,0,0,1,0,1,0.0,0.0063281874,Open
5b28ddff-36e1-4c3f-ac34-985e116721ee,Rosie McCann's Irish Pub & Restaurant,irish_pub,1220 Pacific Ave,https://rosiemccanns.com/,1.0,14,2,1,1,0,1,irish_pub,2,1,1,1,1,0,0,1,1,,0,1,2,1.0,0,,403.0,0.0,0.0,0.0,0.0,3,0,0,0,1,0,1,0.0,0.0061482056,Open
d060c423-ba2e-4ea9-9a99-ecd25a89a64c,The Penny Ice Creamery,ice_cream_shop,913 Cedar St,https://thepennyicecreamery.com/,1.0,14,2,1,1,0,1,ice_cream_shop,2,1,1,1,1,0,0,1,1,The Penny Ice Creamery,1,1,2,1.0,0,,200.0,0.0,0.0,0.0,0.0,3,0,0,0,1,0,1,0.0,0.0060444647,Open
ba0859b4-89b7-4cbf-9d1e-407b006f7398,Oranjeboom,brewery,700 Front St,https://www.oranjeboom1671.com/,1.0,14,2,1,1,0,1,brewery,2,1,1,1,1,0,0,1,1,Oranjeboom,1,1,2,1.0,0,,200.0,0.0,0.0,0.0,0.0,3,0,0,0,1,0,1,0.0,0.0060444647,Open
c9012da6-80ae-4d7c-9634-4ffb3f165a5d,Soul Niche,retail,,http://www.soulniche.com/,1.0,14,2,1,1,0,0,retail,1,1,1,1,1,0,0,1,1,,0,0,2,1.0,0,,200.0,0.0,0.0,1.0,0.0,2,0,0,0,1,0,1,0.0,0.0059782835,Open
f40451b4-97da-4517-a35e-6fbe1783ffd4,O'Neill Surf Shop,surf_shop,110 Cooper St,http://www.oneill.com,1.0,14,2,1,1,0,1,surf_shop,2,1,1,1,1,0,0,1,1,,0,1,2,1.0,1,11.371816946313778,200.0,0.0,0.0,0.0,0.0,3,0,0,0,1,0,1,0.0,0.005834191,Open
43060779-1200-4228-84c6-1d454b195362,Barretini,barre_classes,1349 Pacific Ave,http://www.barretini.com/,0.0,14,2,1,1,0,1,barre_classes,3,1,1,1,1,0,0,0,0,,0,1,2,0.0,0,,-1.0,0.0,1.0,0.0,0.0,3,0,0,1,1,0,0,0.0,0.0056956876,Open
910c6246-1eb7-474e-a9e0-1680dc0bd784,Klim David P DDS,general_dentistry,500 Mission St,http://www.davidklimdds.com/,0.0,14,2,1,1,0,1,general_dentistry,3,1,1,1,1,0,0,0,0,,0,1,2,0.0,0,,-1.0,0.0,1.0,0.0,0.0,3,0,0,1,1,0,0,0.0,0.0056956876,Open
9d69d28d-0efd-4116-b99a-ac349fa9c372,LibertyX Bitcoin ATM,atms,600 Front St,https://libertyx.com/a/buy-bitcoin/locations/4CzYosfahNO6?y_source=1_MTkxMTg4MDAtNTU5LWxvY2F0aW9uLndlYnNpdGU%3D,0.0,14,2,1,1,0,1,atms,2,1,1,1,1,0,0,1,1,LibertyX Bitcoin ATM,1,1,2,0.0,0,,-2.0,0.0,1.0,0.0,0.0,3,0,0,0,1,0,1,1.0,0.0056730863,Open
735eec7f-c353-41ed-aa1c-3cc01cdc9156,The Salty Otter Sports Grill,restaurant,110 Walnut Ave,http://www.saltyottersportsgrill.com/,1.0,14,2,1,1,0,1,restaurant,0,1,1,1,1,0,0,1,1,,0,1,2,1.0,0,,200.0,0.0,0.0,1.0,0.0,3,0,0,0,1,0,1,0.0,0.005603058,Open
f16366cf-d013-4426-9661-61772aa729e3,Ted Egner Real Estate,real_estate_agent,720 Front St,http://Tedegner.com/,1.0,14,2,1,1,0,1,real_estate_agent,2,1,1,1,1,0,0,1,1,,0,1,2,1.0,0,,405.0,0.0,0.0,0.0,0.0,3,0,0,0,1,0,1,0.0,0.0055752993,Open
dbf55902-2a62-4af5-be08-c60bca9af620,Adobe On Green Street Bed and Breakfast,bed_and_breakfast,103 Green St,http://www.adobeongreen.com/,1.0,14,2,1,1,0,1,bed_and_breakfast,4,1,1,1,1,0,0,0,0,,0,1,2,1.0,0,,200.0,0.0,0.0,0.0,0.0,3,0,0,1,1,0,0,0.0,0.0055041476,Open
79c40005-5387-4200-9825-8c79a8eb9459,The Guitar Shop,music_and_dvd_store,1001 Center St,http://www.guitarshopsantacruz.com,1.0,14,2,1,1,0,1,music_and_dvd_store,2,1,1,1,1,0,0,1,1,,0,1,2,1.0,0,,403.0,0.0,0.0,0.0,0.0,3,0,0,0,1,0,1,0.0,0.0054935794,Open
2b53b6f2-4c38-4115-a148-901ab6ed41fe,Don P Connolly Inc,orthodontist,824 Mission St,http://www.connollybraces.com/,1.0,14,2,1,1,0,1,orthodontist,2,1,1,1,1,0,0,0,0,,0,1,2,1.0,0,,200.0,0.0,0.0,0.0,0.0,3,0,0,1,1,0,0,0.0,0.0054217805,Open
def8841f-22d2-406e-8554-97c1fdafbe08,infiniRel Corporation,energy_equipment_and_solution,101 Cooper St,https://www.infinirel.com/,1.0,14,2,1,1,0,1,energy_equipment_and_solution,2,1,1,1,1,0,0,0,0,,0,1,2,1.0,0,,200.0,0.0,0.0,0.0,0.0,3,0,0,1,1,0,0,0.0,0.0054217805,Open
69146df5-e20d-48b2-b2b3-eeb24d4e21f7,Santa Cruz Food Tour,food_tours,529 Chestnut St,http://www.santacruzfoodtour.com/,1.0,14,2,1,1,0,1,food_tours,3,1,1,1,1,0,0,0,0,,0,1,2,1.0,0,,200.0,0.0,0.0,0.0,0.0,3,0,0,1,1,0,0,0.0,0.0053699138,Open
930eef4b-3990-43d0-966d-6487b6251949,"Black Diamond Paver Stones & Landscape, Inc.",stone_and_masonry,101 Cooper St # 253,https://blackdiamondlandscape.com/santa-cruz/?utm_source=Google&utm_medium=GMB&utm_campaign=SantaCruz,1.0,14,2,1,1,0,1,stone_and_masonry,3,1,1,1,1,0,0,0,0,,0,1,2,1.0,0,,200.0,0.0,0.0,0.0,0.0,3,0,0,1,1,0,0,0.0,0.0053699138,Open
bb4b6492-58f7-4c18-8513-9f268483ec58,St George Apartments,rental_services,833 Front St,https://www.stgeorgeapartmentssc.com/,1.0,14,2,1,1,0,1,rental_services,3,1,1,1,1,0,0,0,0,,0,1,2,1.0,0,,200.0,0.0,0.0,0.0,0.0,3,0,0,1,1,0,0,0.0,0.0053699138,Open
0d8024cc-62b1-4d0b-b390-694a428a41b7,The Salvation Army Family Store & Donation Center,used_vintage_and_consignment,812 Pacific Ave,https://satruck.org/,1.0,14,2,1,1,0,1,used_vintage_and_consignment,3,1,1,1,1,0,0,0,0,,0,1,2,1.0,0,,200.0,0.0,0.0,0.0,0.0,3,0,0,1,1,0,0,0.0,0.0053699138,Open
ff816d96-b5ae-4e02-a966-5806e3441a09,Chestnut Street Apartments,apartments,143 Chestnut St,https://www.essexapartmenthomes.com/apartments/santa-cruz/chestnut-street,1.0,14,2,1,1,0,1,apartments,1,1,1,1,1,0,0,0,0,,0,1,2,1.0,0,,200.0,0.0,0.0,0.0,0.0,3,0,0,1,1,0,0,0.0,0.005255719,Open
9889ca67-6645-4feb-b7f7-8845f27d37d6,Now Open! - Santa Cruz,clothing_store,1134 Pacific Ave,https://www.anthropologie.com/stores/santa-cruz,1.0,14,2,1,0,1,1,clothing_store,0,1,1,0,0,1,1,0,0,Anthropologie,1,1,2,1.0,0,,200.0,0.0,0.0,1.0,0.0,3,1,0,0,1,0,0,0.0,0.0052383426,Open
5e8afbfa-d571-4914-8e0c-d2cb34314fd5,Sereno,real_estate_agent,720 Front St,http://www.sereno.com/,1.0,14,2,1,1,0,1,real_estate_agent,1,1,1,1,1,0,0,1,1,Christie's International Real Estate Sereno,1,1,2,1.0,0,,200.0,0.0,0.0,0.0,0.0,3,0,0,0,1,0,1,0.0,0.005155985,Open
aae349bf-a164-4017-a53f-e9485935b139,Subway,sandwich_shop,825 Pacific Ave,http://www.subway.com/en-us,0.0,14,2,1,1,0,1,sandwich_shop,2,1,1,1,1,0,0,1,1,Subway,1,1,2,0.0,0,,-2.0,0.0,1.0,1.0,1.0,3,0,0,0,1,0,1,1.0,0.005082486,Open
04d6346f-caf0-4d1c-854c-663e79116d5e,Poet and Patriot Irish Pub,irish_pub,320 Cedar St,http://www.thepoetandpatriot.com,0.0,14,2,1,1,0,1,irish_pub,2,1,1,1,1,0,0,1,1,,0,1,2,0.0,0,,-1.0,0.0,1.0,0.0,0.0,3,0,0,0,1,0,1,1.0,0.0049493075,Open
d4f9ad4f-d006-44a8-bbcd-a20c8b083899,Pacific Cookie Company,bakery,1203 Pacific Ave,http://www.pacificcookie.com/,1.0,14,2,1,1,0,1,bakery,2,1,1,1,1,0,0,1,1,,0,1,2,1.0,0,,200.0,0.0,0.0,1.0,0.0,3,0,0,0,1,0,1,0.0,0.00489104,Open
637cb702-c1d3-4e9c-9090-8f89c7a21312,Greyhound: Bus Station,bus_station,920 Pacific Ave,http://locations.greyhound.com/bus-stations/US/Santa-Cruz/bus-station/bus-station-893442?utm_source=bing&utm_medium=distrib&utm_campaign=bing-distrib,0.0,14,2,1,1,0,1,bus_station,2,1,1,1,1,0,0,0,0,,0,1,2,0.0,0,,409.0,1.0,0.0,0.0,0.0,3,0,0,1,1,0,0,0.0,0.00487086,Open
4c3b45ff-12e9-48a9-845e-659404062257,Bad Animal,bookstore,1011 Cedar St,http://www.badanimalbooks.com/,1.0,14,2,1,1,0,1,bookstore,2,1,1,1,1,0,0,1,1,,0,1,2,1.0,0,,200.0,0.0,0.0,0.0,0.0,3,0,0,0,1,0,1,0.0,0.004813481,Open
1c0b65de-f998-42c7-99a1-6d06485f0488,Bookshop Santa Cruz,bookstore,1520 Pacific Ave,http://www.bookshopsantacruz.com/,1.0,14,2,1,1,0,1,bookstore,2,1,1,1,1,0,0,1,1,,0,1,2,1.0,0,,200.0,0.0,0.0,0.0,0.0,3,0,0,0,1,0,1,0.0,0.004813481,Open
87de6479-d143-4422-980a-c035bdbf0943,Monaco Night Club,dance_club,200 Locust St,,,14,2,0,1,0,1,dance_club,2,0,0,1,1,0,0,1,1,,0,1,2,,0,,,,,0.0,0.0,2,0,0,0,1,0,1,0.0,0.004733875,Open
a968b75e-a051-4201-a1dd-18d43fd769b0,The Grunsky Law Firm PC,personal_injury_law,101 Cooper St,http://www.grunskylaw.com/,1.0,14,2,1,1,0,1,personal_injury_law,0,1,1,1,1,0,0,0,0,,0,1,2,1.0,0,,405.0,0.0,0.0,0.0,0.0,3,0,0,1,1,0,0,0.0,0.004729741,Open
fbe0e462-0157-473f-ad5e-63b5032f2b40,Comicopolis,comic_books_store,829 Front St,https://theoriginalcomicopolis.com/,1.0,14,2,1,1,0,1,comic_books_store,2,1,1,1,1,0,0,1,1,,0,1,2,1.0,0,,200.0,0.0,0.0,0.0,0.0,3,0,0,0,1,0,1,0.0,0.004712325,Open
641efa88-2c63-43bd-9ae6-c92df55c6632,Blue Bunny,mexican_restaurant,725 Front St,,,14,2,0,1,0,1,mexican_restaurant,2,0,0,1,1,0,0,1,1,,0,1,2,,0,,,,,1.0,0.0,2,0,0,0,1,0,1,0.0,0.0047074384,Open
c6951207-7a22-4c14-adb4-759ffba7184f,Sock Smith Design,clothing_store,108 Locust St,,,14,2,0,1,0,1,clothing_store,2,0,0,1,1,0,0,1,1,,0,1,2,,0,,,,,1.0,0.0,2,0,0,0,1,0,1,0.0,0.0045926296,Open
aaa3acba-1acb-49ff-8b84-d53a5a1b5d84,Trisha Christensen Realtor,real_estate_agent,720 Front St,http://trishachristensen.com/,1.0,14,2,1,1,0,1,real_estate_agent,1,1,1,1,1,0,0,1,1,,0,1,2,1.0,0,,405.0,0.0,0.0,0.0,0.0,3,0,0,0,1,0,1,0.0,0.0044965353,Open
068d3729-15ed-4f30-8e09-68fd5f177645,"Sandra Lilly, Realtor",real_estate_agent,720 Front St,http://www.sandralillyrealtor.com/,1.0,14,2,1,1,0,1,real_estate_agent,1,1,1,1,1,0,0,1,1,,0,1,2,1.0,0,,405.0,0.0,0.0,0.0,0.0,3,0,0,0,1,0,1,0.0,0.0044965353,Open
84e6bbbe-197d-4601-b4d8-32dd625922ae,"William Babcock III, Realtor CalBre# 01901811",real_estate_agent,1414 Soquel Ave,http://www.carefreebythesea.com,1.0,14,2,1,1,0,1,real_estate_agent,1,1,1,1,1,0,0,1,1,,0,1,2,1.0,0,,405.0,0.0,0.0,0.0,0.0,3,0,0,0,1,0,1,0.0,0.0044965353,Open
8ea2173f-cb03-4e99-b434-93907cc1cbaf,flower bar,flowers_and_gifts_shop,912 Cedar St,http://flowerbarsantacruz.com/,1.0,14,2,1,1,0,1,flowers_and_gifts_shop,0,1,1,1,1,0,0,1,1,,0,1,2,1.0,0,,405.0,0.0,0.0,1.0,0.0,3,0,0,0,1,0,1,0.0,0.004428595,Open
c0473bc6-f2a4-4c85-986d-16cecb415067,Flashbird | Abbott Square,chicken_restaurant,725 Front St,http://www.flashbirdchicken.com/,0.0,14,2,1,1,0,1,chicken_restaurant,2,1,1,1,1,0,0,1,1,,0,1,2,0.0,0,,404.0,1.0,0.0,1.0,1.0,3,0,0,0,1,0,1,1.0,0.0043481584,Open
5b09f5a8-7606-49ad-a332-284f01e008e4,Santa Cruz Westside Wellness,restaurant,406 Mission St,,,14,2,0,1,0,1,restaurant,1,0,0,1,1,0,0,1,1,,0,1,2,,0,,,,,1.0,0.0,2,0,0,0,1,0,1,0.0,0.0042989287,Open
217968b1-6d61-41c0-b3c9-401d57cb681d,Graffix Pleasure,tobacco_shop,809 Pacific Ave,https://graffixpleasure.com,0.0,14,2,1,1,0,1,tobacco_shop,2,1,1,1,1,0,0,1,1,,0,1,2,0.0,0,,-1.0,0.0,1.0,1.0,1.0,3,0,0,0,1,0,1,1.0,0.004288925,Open
0aed77a6-00da-4884-b0f0-608f938adcfe,Streetlight Records-Santa Cruz,music_and_dvd_store,939 Pacific Ave,http://www.streetlightrecords.com/,1.0,14,2,1,1,0,1,music_and_dvd_store,1,1,1,1,1,0,0,1,1,,0,1,2,1.0,0,,403.0,0.0,0.0,0.0,0.0,3,0,0,0,1,0,1,0.0,0.004284557,Open
b38fbb3c-e2b3-496d-8f6f-20c5ce56d9fb,Bien Miches,food_beverage_service_distribution,907 Cedar St,http://www.bienmiches.com/?utm_source=facebook&utm_medium=social-profile,1.0,14,2,1,1,0,1,food_beverage_service_distribution,1,1,1,1,1,0,0,1,1,,0,1,2,1.0,0,,403.0,0.0,0.0,0.0,0.0,3,0,0,0,1,0,1,0.0,0.004223779,Open
a159ada4-c2ea-416b-bd6f-999961f7261e,Shiri Gradek - Realtor,real_estate_agent,720 Front St,https://linktr.ee/shiri.gradek,1.0,14,2,1,1,0,1,real_estate_agent,0,1,1,1,1,0,0,1,1,,0,1,2,1.0,0,,200.0,0.0,0.0,0.0,0.0,3,0,0,0,1,0,1,0.0,0.0041150325,Open
44825593-a092-4069-bdc5-e495a78f6056,Westside Video,rental_service,175 Walnut Ave,http://www.westside-video.com/,1.0,14,2,1,1,0,1,rental_service,1,1,1,1,1,0,0,1,1,,0,1,2,1.0,0,,200.0,0.0,0.0,0.0,0.0,3,0,0,0,1,0,1,0.0,0.0040987455,Open
6be6924b-7c6b-4891-b1e0-adf7dd526b2d,Chubbs Chicken Sandwiches,chicken_restaurant,766 Chestnut St,http://www.chubbschickensandwiches.com/,1.0,14,2,1,1,0,1,chicken_restaurant,2,1,1,1,1,0,0,1,1,,0,1,2,1.0,0,,200.0,0.0,0.0,1.0,0.0,3,0,0,0,1,0,1,0.0,0.004007925,Open
e87db861-460f-46ce-ae42-b2755ed41f30,Beach Vacation Rentals Santa Cruz,holiday_rental_home,877 Cedar St,http://santacruzbeaches.com/,1.0,14,2,1,1,0,1,holiday_rental_home,2,1,1,1,1,0,0,1,1,,0,1,2,1.0,0,,200.0,0.0,0.0,0.0,0.0,3,0,0,0,1,0,1,0.0,0.003986119,Open
f4f99051-f1c3-478b-8c7e-b1f241bab63c,Bagelry,bagel_shop,320 Cedar St,http://bagelrysantacruz.com,1.0,14,2,1,1,0,1,bagel_shop,2,1,1,1,1,0,0,1,1,,0,1,2,1.0,0,,200.0,0.0,0.0,0.0,0.0,3,0,0,0,1,0,1,0.0,0.003986119,Open
b108239d-a514-4632-8ad8-dc7efd8c4873,H&H Fresh Fish Co.,fishmonger,700 Cedar St,https://www.hhfreshfish.com/locations/sc-downtown,1.0,14,2,1,1,0,1,fishmonger,1,1,1,1,1,0,0,1,1,h h fresh fish co,1,1,2,1.0,0,,200.0,0.0,0.0,0.0,0.0,3,0,0,0,1,0,1,0.0,0.003941889,Open
35086915-cd99-48b9-a4dc-08570af05758,Anton Pacific,real_estate_agent,800 Pacific Ave,https://www.antonpacific.com/?utm_source=SocialMedia&utm_medium=social-media&utm_campaign=AntonPacific_Facebook,1.0,14,2,1,1,0,1,real_estate_agent,1,1,1,1,1,0,0,1,1,Bozzuto,1,1,2,1.0,0,,403.0,0.0,0.0,0.0,0.0,3,0,0,0,1,0,1,0.0,0.0039169327,Open
8ee1fc1e-b212-4749-931e-4be243e70bba,World of Stones and Mystics,gift_shop,835 Front St,http://www.worldofstones.biz/,0.0,14,2,1,1,0,1,gift_shop,2,1,1,1,1,0,0,1,1,,0,1,2,0.0,0,,404.0,1.0,0.0,1.0,1.0,3,0,0,0,1,0,1,1.0,0.0039060647,Open
3bf52fcf-0d3f-44d5-8185-ac798f09d022,Santa Cruz Bodywork,massage_therapy,740 Front St,http://www.SantaCruzBodywork.com/,1.0,14,2,1,1,0,1,massage_therapy,2,1,1,1,1,0,0,1,1,,0,1,2,1.0,0,,405.0,0.0,0.0,0.0,0.0,3,0,0,0,1,0,1,0.0,0.0038702,Open
ede11872-8221-40eb-9287-3eccfadfb2b2,Victra — Verizon Authorized Retailer,electronics,110 Cooper St,https://victra.com/stores/ca-santa-cruz-cooper?y_source=1_MTcyNzcwMjktNTU5LWxvY2F0aW9uLndlYnNpdGU%3D,1.0,14,2,1,1,0,1,electronics,2,1,1,1,1,0,0,1,1,Verizon,1,1,2,1.0,0,,200.0,0.0,0.0,0.0,0.0,3,0,0,0,1,0,1,0.0,0.0038278643,Open
60a673f9-db69-44ba-83de-25e8ae779a64,Toadal Fitness,gym,113 Lincoln St,http://www.toadalfitness.com,1.0,14,2,1,1,0,1,gym,2,1,1,1,1,0,0,1,1,,0,1,2,1.0,0,,200.0,0.0,0.0,0.0,0.0,3,0,0,0,1,0,1,0.0,0.0037923797,Open
43b9477c-ae72-4586-be13-541bda36f2bb,Shen's Gallery,antique_store,1521 Pacific Ave,http://www.shensgallery.com/,1.0,14,2,1,1,0,1,antique_store,2,1,1,1,1,0,0,1,1,,0,1,2,1.0,0,,200.0,0.0,0.0,0.0,0.0,3,0,0,0,1,0,1,0.0,0.0037923797,Open
e496f966-27c5-4ff1-b3a7-8ba5b6828035,Santa Cruz Antique Faire,antique_store,Lincoln St,http://www.downtownsantacruz.com,1.0,14,2,1,1,0,1,antique_store,2,1,1,1,1,0,0,1,1,,0,1,2,1.0,0,,200.0,0.0,0.0,0.0,0.0,3,0,0,0,1,0,1,0.0,0.0037923797,Open
b37bd8f9-ba74-425b-8c5d-7719e7ca9fe6,The Nick,cinema,210 Lincoln St,http://www.landmarktheatres.com/santa-cruz/nickelodeon-theatre,0.0,14,2,1,1,0,1,cinema,2,1,1,1,1,0,0,1,1,,0,1,2,0.0,0,,404.0,1.0,0.0,0.0,0.0,3,0,0,0,1,0,1,1.0,0.0037679027,Open
fcd91d9f-9623-4743-a412-c995dc9e0397,Agnus Dei Christian Book and Gift Store,bookstore,138 Walnut Ave,http://agnusdeichristianbookandgiftstore1.placeweb.site,1.0,14,2,1,1,0,1,bookstore,1,1,1,1,1,0,0,1,1,,0,1,2,1.0,0,,200.0,0.0,0.0,0.0,0.0,3,0,0,0,1,0,1,0.0,0.0037535694,Open
712dbe77-0b41-4adc-b751-e036b1f25773,Janus of Santa Cruz - Enhanced Care Management (ECM JI),walk_in_clinic,"200 7th Ave, Ste 150",https://healthy.kaiserpermanente.org/northern-california/facilities/janus-of-santa-cruz-enhanced-care-management-ecm-ji-466068,1.0,14,2,1,0,0,1,walk_in_clinic,0,1,1,0,0,0,0,0,0,,0,1,2,1.0,0,,200.0,0.0,0.0,0.0,0.0,2,1,0,0,1,0,0,0.0,0.0037082904,Open
5cc1b2d7-0f06-4c8f-a142-d48a79f034bf,Camouflage,lingerie_store,1329 Pacific Ave,http://shopcamouflage.com/,0.0,14,2,1,1,0,1,lingerie_store,2,1,1,1,1,0,0,1,1,,0,1,2,0.0,0,,-2.0,0.0,1.0,0.0,0.0,3,0,0,0,1,0,1,1.0,0.0036847915,Open
1033e9f1-80b5-4ad0-9fe5-59e7423cb774,Rainbowzend,cinema,1010 Pacific Ave,,,14,2,0,1,0,1,cinema,2,0,0,1,1,0,0,1,1,,0,1,2,,1,16.693494921025298,,,,0.0,0.0,2,0,0,0,1,0,1,0.0,0.003679325,Open
2395d8e1-5021-4cf5-84cd-590b1bc7128f,Golden Coast Brewing,brewery,1117 Pacific Ave,,,14,2,0,1,0,1,brewery,2,0,0,1,1,0,0,1,1,,0,1,2,,0,,,,,0.0,0.0,2,0,0,0,1,0,1,0.0,0.003605264,Open
b0b57e81-9ab1-4342-9e47-1d9c7766aab0,SEI 38004,gas_station,335 MISSION ST,,,14,2,0,0,0,1,gas_station,0,0,0,0,0,0,0,0,0,76,1,1,2,,0,,,,,0.0,0.0,1,1,0,0,1,0,0,0.0,0.0035059499,Open
6e05a12a-bb86-4269-b3c0-f38043504461,Metavinyl,music_and_dvd_store,320 Cedar St,http://www.metavinyl.com/,0.0,14,2,1,1,0,1,music_and_dvd_store,2,1,1,1,1,0,0,1,1,,0,1,2,0.0,0,,409.0,1.0,0.0,0.0,0.0,3,0,0,0,1,0,1,1.0,0.0034928767,Open
738f8478-e3cf-45e0-8add-2786d50241eb,Lauren Jones,counseling_and_mental_health,520 Mission St,http://www.santacruzemdr.com/,1.0,14,2,1,1,0,1,counseling_and_mental_health,2,1,1,1,1,0,0,1,1,,0,1,2,1.0,0,,405.0,0.0,0.0,0.0,0.0,3,0,0,0,1,0,1,0.0,0.0034862957,Open
68f22651-0a97-4cf1-bc7f-57beb6a333c0,"Lorrie Malley, Coldwell Banker Realty",real_estate_agent,824 Mission St,https://markrehnborg.cbintouch.com/,1.0,14,2,1,1,0,1,real_estate_agent,1,1,1,1,1,0,0,1,1,,0,1,2,1.0,0,,403.0,0.0,0.0,0.0,0.0,3,0,0,0,1,0,1,0.0,0.0034721042,Open
8e173fd5-22d6-4e72-bfc2-da080b4d00ea,Old School Shoes,shoe_store,1017 Pacific Ave,https://www.oldschoolsupplyco.com/,1.0,14,2,1,1,0,1,shoe_store,2,1,1,1,1,0,0,1,1,,0,1,2,1.0,0,,200.0,0.0,0.0,0.0,0.0,3,0,0,0,1,0,1,0.0,0.0034713917,Open
10be4602-a816-41df-bdf5-b0a2f8f9498d,Sockshop and Shoe Company,shoe_store,1515 Pacific Ave,http://www.socksmith.com/,1.0,14,2,1,1,0,1,shoe_store,2,1,1,1,1,0,0,1,1,,0,1,2,1.0,0,,200.0,0.0,0.0,0.0,0.0,3,0,0,0,1,0,1,0.0,0.0034713917,Open
c3a68949-eb56-4696-8fd2-3641867aeab6,The Balanced Leaders,professional_services,101 Cooper St,http://thebalancedleaders.com,1.0,14,2,1,1,0,1,professional_services,2,1,1,1,1,0,0,1,1,,0,1,2,1.0,0,,405.0,0.0,0.0,0.0,0.0,3,0,0,0,1,0,1,0.0,0.003441721,Open
87ccea2f-5ac9-4f7f-ae47-ad36358eca2b,Connections Santa Cruz,health_and_medical,1121 Pacific Ave,https://www.sanjosebh.com/programs/connections-santa-cruz/,1.0,14,2,1,1,0,1,health_and_medical,0,1,1,1,1,0,0,0,0,,0,1,2,1.0,0,,200.0,0.0,0.0,0.0,0.0,3,0,0,1,1,0,0,0.0,0.0034242708,Open
cb4c4d97-d30e-489d-b95a-903c51019ca4,Green Magic Yoga,yoga_studio,738 Chestnut St,http://www.greenmagicyoga.com/,1.0,14,2,1,1,0,1,yoga_studio,2,1,1,1,1,0,0,1,1,,0,1,2,1.0,0,,200.0,0.0,0.0,0.0,0.0,3,0,0,0,1,0,1,0.0,0.0033974114,Open
776e5549-db77-4759-a0d5-dcc17be2fd40,Go Ask Alice,health_food_store,1125 Pacific Ave,https://www.goaskalicesantacruz.com/,1.0,14,2,1,1,0,1,health_food_store,2,1,1,1,1,0,0,1,1,,0,1,2,1.0,0,,200.0,0.0,0.0,0.0,0.0,3,0,0,0,1,0,1,0.0,0.0033974114,Open
4a2e9127-eec4-47b4-8d5d-e536d4bfd04e,"Nourish, Santa Cruz",yoga_studio,130 Walnut Ave,http://nourishsantacruz.com/,1.0,14,2,1,1,0,1,yoga_studio,2,1,1,1,1,0,0,1,1,,0,1,2,1.0,0,,200.0,0.0,0.0,0.0,0.0,3,0,0,0,1,0,1,0.0,0.0033974114,Open
a49b8e1f-e489-4ca5-a12c-3f82397af754,Reliance Communications,mobile_phone_store,603 Mission St,http://www.schoolmessenger.com,1.0,14,2,1,1,0,1,mobile_phone_store,2,1,1,1,1,0,0,1,1,,0,1,2,1.0,0,,200.0,0.0,0.0,0.0,0.0,3,0,0,0,1,0,1,0.0,0.0033767726,Open
e507c572-67d9-4a2e-8ba5-979ea1d8e73c,Oceanview Casino,casino,709 Pacific Ave,http://www.oceanviewcasino.com/,1.0,14,2,1,1,0,1,casino,2,1,1,1,1,0,0,1,1,,0,1,2,1.0,0,,200.0,0.0,0.0,0.0,0.0,3,0,0,0,1,0,1,0.0,0.0033767726,Open
46441c0d-d64d-4f36-a799-f48bd1a9d076,The Catalyst,music_venue,1011 Pacific Ave,http://www.catalystclub.com/,1.0,14,2,1,1,0,1,music_venue,2,1,1,1,1,0,0,1,1,,0,1,2,1.0,0,,200.0,0.0,0.0,0.0,0.0,3,0,0,0,1,0,1,0.0,0.0033767726,Open
596539c4-b436-41b4-abf7-b482fb9ed8cb,Redwood Records,music_and_dvd_store,320 Cedar St,https://redwoodrecords.online/,1.0,14,2,1,1,0,1,music_and_dvd_store,1,1,1,1,1,0,0,1,1,,0,1,2,1.0,0,,200.0,0.0,0.0,0.0,0.0,3,0,0,0,1,0,1,0.0,0.00335305,Open
d960eca6-0cbd-4990-9e07-222bddac0f92,Real Estate in Santa Cruz County,real_estate_agent,101 Cooper St,https://coastaldreamrealty.com/,1.0,14,2,1,1,0,1,real_estate_agent,2,1,1,1,1,0,0,1,1,,0,1,2,1.0,0,,200.0,0.0,0.0,0.0,0.0,3,0,0,0,1,0,1,0.0,0.0033516274,Open
1f3704a7-2f57-441e-9aaa-25613e319322,Andren Homes,real_estate_agent,101 Cooper St,http://www.andrenhomes.com/,1.0,14,2,1,1,0,1,real_estate_agent,2,1,1,1,1,0,0,1,1,,0,1,2,1.0,0,,200.0,0.0,0.0,0.0,0.0,3,0,0,0,1,0,1,0.0,0.0033516274,Open
f9249011-2196-4f33-92b7-6025da56b721,Terry Ballantyne,real_estate_agent,720 Front St,http://www.BrezsnyAssociates.com/,1.0,14,2,1,1,0,1,real_estate_agent,2,1,1,1,1,0,0,1,1,,0,1,2,1.0,0,,200.0,0.0,0.0,0.0,0.0,3,0,0,0,1,0,1,0.0,0.0033516274,Open
beecb7ff-3204-4f4e-ab70-aa43e7c0b59b,Turiya Blanchette Realtor,real_estate_agent,720 Front St,https://www.turiyablanchette.com/,1.0,14,2,1,1,0,1,real_estate_agent,2,1,1,1,1,0,0,1,1,,0,1,2,1.0,0,,200.0,0.0,0.0,0.0,0.0,3,0,0,0,1,0,1,0.0,0.0033516274,Open
e303eb34-0437-404a-9657-85270f1d8612,Amba Jane DesJardins,real_estate_agent,824 Mission St,http://www.ambajane.com/,1.0,14,2,1,1,0,1,real_estate_agent,2,1,1,1,1,0,0,1,1,,0,1,2,1.0,0,,200.0,0.0,0.0,0.0,0.0,3,0,0,0,1,0,1,0.0,0.0033516274,Open
fec94069-eb4c-41a9-9066-cbb0db4124e4,Shannon Shaffer,real_estate_agent,824 Mission St,http://shannonshaffer.com/,1.0,14,2,1,1,0,1,real_estate_agent,2,1,1,1,1,0,0,1,1,,0,1,2,1.0,0,,200.0,0.0,0.0,0.0,0.0,3,0,0,0,1,0,1,0.0,0.0033516274,Open
6a45f60c-f330-4861-9d2c-2deac75f0604,Willie Eagleton,real_estate_agent,824 Mission St,http://werealestatesc.com/,1.0,14,2,1,1,0,1,real_estate_agent,2,1,1,1,1,0,0,1,1,,0,1,2,1.0,0,,200.0,0.0,0.0,0.0,0.0,3,0,0,0,1,0,1,0.0,0.0033516274,Open
7834969f-85d6-492f-8097-07ade5f51063,Joe Prather Realtor - Who's Next Real Estate - Powered by eXp Realty,real_estate_agent,101 Cooper St,https://joepratherrealtor.com/,1.0,14,2,1,1,0,1,real_estate_agent,2,1,1,1,1,0,0,1,1,,0,1,2,1.0,0,,200.0,0.0,0.0,0.0,0.0,3,0,0,0,1,0,1,0.0,0.0033516274,Open
77807913-06e5-4376-8af8-0df962c53168,Daniel Oster,real_estate_agent,824 Mission St,https://www.coldwellbanker.com/Coldwell-Banker-Residential-Brokerage-_-Northern-California-12607c/Daniel-Oster-487753a,1.0,14,2,1,1,0,1,real_estate_agent,2,1,1,1,1,0,0,1,1,,0,1,2,1.0,0,,200.0,0.0,0.0,0.0,0.0,3,0,0,0,1,0,1,0.0,0.0033516274,Open
8bc4ca86-e379-4453-b469-1f14fee2af39,Sugaree Sands Realtor,real_estate_agent,824 Mission St,http://www.SantaCruzHomes4Sale.com/,1.0,14,2,1,1,0,1,real_estate_agent,2,1,1,1,1,0,0,1,1,,0,1,2,1.0,0,,200.0,0.0,0.0,0.0,0.0,3,0,0,0,1,0,1,0.0,0.0033516274,Open
4021360a-d1ba-4485-9d1f-7f4cb75cc70e,Santa Cruz Warriors,professional_sports_team,903 Pacific Ave,http://www.santacruzbasketball.com/,1.0,14,2,1,1,0,1,professional_sports_team,2,1,1,1,1,0,0,1,1,,0,1,2,1.0,0,,200.0,0.0,0.0,0.0,0.0,3,0,0,0,1,0,1,0.0,0.0032929105,Open
c49c8f24-0724-45c5-a4e6-f82ea484a1b6,Elm Street Mission,mission,117 Elm St,http://elmstreetmission.org/,1.0,14,2,1,1,0,1,mission,2,1,1,1,1,0,0,1,1,,0,1,2,1.0,0,,200.0,0.0,0.0,0.0,0.0,3,0,0,0,1,0,1,0.0,0.0032929105,Open
ad5dae76-563f-41e0-850a-3f85f2b76918,Santa Cruz Public Libraries,library,117 Union Street,http://www.santacruzpl.org/,1.0,14,2,1,0,1,1,library,0,1,1,0,0,1,1,0,0,,0,1,2,1.0,0,,200.0,0.0,0.0,0.0,0.0,3,1,0,0,1,0,0,0.0,0.0032091558,Open
6bd57951-2fc1-4100-beaf-c80b3e94708d,VCA Animal Hospital of Santa Cruz,veterinarian,815 Mission St,http://VCAsantacruz.com/,1.0,14,2,1,1,0,1,veterinarian,2,1,1,1,1,0,0,1,1,VCA Animal Hospitals,1,1,2,1.0,0,,405.0,0.0,0.0,0.0,0.0,3,0,0,0,1,0,1,0.0,0.0031842405,Open
71faa23e-e617-4f4f-8856-3b0b9ae26717,Wallflower Santa Cruz,boutique,107 Locust St,http://wallflowersantacruz.com/,1.0,14,2,1,1,0,1,boutique,2,1,1,1,1,0,0,1,1,,0,1,2,1.0,0,,200.0,0.0,0.0,0.0,0.0,3,0,0,0,1,0,1,0.0,0.0031609011,Open
9fea2459-6a36-4ef5-92cc-1ccba0b68ec8,Vaughn Marketing Group,advertising_agency,118 Union St,http://vaughnmarketinggroup.com/,1.0,14,2,1,1,0,1,advertising_agency,2,1,1,1,1,0,0,1,1,,0,1,2,1.0,0,,200.0,0.0,0.0,0.0,0.0,3,0,0,0,1,0,1,0.0,0.0031471325,Open
e234e1b7-ea2c-435f-80e1-d576cf26a95f,Erick Contapay- NMLS #256771,financial_service,101 Cooper St,http://www.loanDepot.com/econtapay,1.0,14,2,1,1,0,1,financial_service,2,1,1,1,1,0,0,1,1,,0,1,2,1.0,0,,200.0,0.0,0.0,0.0,0.0,3,0,0,0,1,0,1,0.0,0.0031471325,Open
ef6668b3-ef7e-4d10-9c4c-c33b3e3f4b59,Rip Curl,surf_shop,1395 Pacific Ave,http://www.ripcurl.com/us,1.0,14,2,1,1,0,1,surf_shop,2,1,1,1,1,0,0,1,1,Rip Curl,1,1,2,1.0,0,,200.0,0.0,0.0,0.0,0.0,3,0,0,0,1,0,1,0.0,0.0030412974,Open
6f2151bf-a928-4a95-a9ae-d0b59e526d32,Gap,clothing_store,1225 Pacific Ave,https://www.gap.com/stores/ca/santacruz/gap-137.html,1.0,14,2,1,1,0,1,clothing_store,2,1,1,1,1,0,0,1,1,Gap,1,1,2,1.0,0,,200.0,0.0,0.0,1.0,0.0,3,0,0,0,1,0,1,0.0,0.0029406615,Open
e6120015-fefb-4eb5-94f3-58a632c27b01,Urban Outfitters,clothing_store,1401 Pacific Ave,https://www.urbanoutfitters.com/stores/santa-cruz,1.0,14,2,1,1,0,1,clothing_store,2,1,1,1,1,0,0,1,1,Urban Outfitters,1,1,2,1.0,0,,200.0,0.0,0.0,1.0,0.0,3,0,0,0,1,0,1,0.0,0.0029406615,Open
ac47b846-3bd9-4b7f-b529-241abccf97a5,Santa Cruz Cinema,cinema,1405 Pacific Ave,https://www.santacruzcinema.com,1.0,14,2,1,1,0,1,cinema,0,1,1,1,1,0,0,1,1,,0,1,2,1.0,0,,200.0,0.0,0.0,0.0,0.0,3,0,0,0,1,0,1,0.0,0.0029346086,Open
5bb85ccd-b2f9-4653-8f0c-5c469b285f15,Body and Soul,yoga_studio,738 Chestnut St,http://www.bodyandsoulsantacruz.com,0.0,14,2,1,1,0,1,yoga_studio,2,1,1,1,1,0,0,1,1,,0,1,2,0.0,0,,-1.0,0.0,1.0,0.0,0.0,3,0,0,0,1,0,1,1.0,0.0029280402,Open
c9c28189-dc91-4853-9d28-c116003cb3ff,Santacruzjamba,restaurant,,http://jamba.com/,1.0,14,2,1,1,0,0,restaurant,0,1,1,1,1,0,0,1,1,,0,0,2,1.0,0,,200.0,0.0,0.0,1.0,0.0,2,0,0,0,1,0,1,0.0,0.002924095,Open
a3526284-3a08-4d81-b555-cbf11c1ab203,CVS Beauty,shopping,600 Front St,https://www.cvs.com/store-locator/details-directions/09331,1.0,14,2,1,1,0,1,shopping,1,1,1,1,1,0,0,1,1,CVS Beauty,1,1,2,1.0,0,,200.0,0.0,0.0,0.0,0.0,3,0,0,0,1,0,1,0.0,0.0029058878,Open
2b9a8dfd-da3e-4b2c-b345-eed74f0e6254,Frank Body,cosmetic_and_beauty_supplies,"Urban Outfitters, 1401 Pacific Ave",,,14,2,0,1,0,1,cosmetic_and_beauty_supplies,2,0,0,1,1,0,0,1,1,Frank Body,1,1,2,,0,,,,,0.0,0.0,2,0,0,0,1,0,1,0.0,0.0028006034,Open
1c5a6f49-b248-4794-8034-09f66c773334,Lynda West Scott/Realtor Christie's Int'l Real Estate-Sereno  DRE 01954617,real_estate_agent,720 Front St,http://www.lyndawestscott.com/,0.0,14,2,1,1,0,1,real_estate_agent,2,1,1,1,1,0,0,1,1,,0,1,2,0.0,0,,404.0,1.0,0.0,0.0,0.0,3,0,0,0,1,0,1,1.0,0.0027869772,Open
00fb4529-2172-4b77-9e49-3007d0a4a940,Cloud Nine Mattress,furniture_store,175 Walnut Ave,http://cloudnine-mattress.com/,1.0,14,2,1,1,0,1,furniture_store,1,1,1,1,1,0,0,1,1,,0,1,2,1.0,0,,200.0,0.0,0.0,1.0,0.0,3,0,0,0,1,0,1,0.0,0.0027480572,Open
a1753054-961c-41f2-9ed1-41bfc5393d96,Santa Cruz Symphony,music_venue,307 Church St,https://santacruzsymphony.org/,1.0,14,2,1,1,0,1,music_venue,1,1,1,1,1,0,0,1,1,,0,1,2,1.0,0,,200.0,0.0,0.0,0.0,0.0,3,0,0,0,1,0,1,0.0,0.0027222368,Open
ce271374-68c7-4810-9559-d3f0edd3f28b,Centro Internacional Mas FÉ De Sandra Parra y Jhon porras,catholic_church,120 Emmett St,http://www.centrointernacionalmasfell.com.co/,0.0,14,2,1,1,0,1,catholic_church,0,1,1,1,1,0,0,1,1,,0,1,2,0.0,0,,-1.0,0.0,1.0,0.0,0.0,3,0,0,0,1,0,1,1.0,0.0027176957,Open
fad354ed-54ff-4e14-963d-012360f1a953,"The Wed. Farmers Market, Downtown SC",farmers_market,,,,14,2,0,0,0,0,farmers_market,1,0,0,0,0,0,0,1,1,,0,0,2,,0,,,,,0.0,0.0,0,0,0,0,1,0,1,0.0,0.0027151727,Open
3b3e9f83-7984-43e8-a8e9-da1cd727f753,Jamba Santa Cruz,smoothie_juice_bar,1550 Pacific Ave,https://locations.jamba.com/ca/santa-cruz/1550-pacific-ave?utm_source=extnet&utm_medium=organic&utm_campaign=locations_partner,1.0,14,2,1,1,0,1,smoothie_juice_bar,2,1,1,1,1,0,0,1,1,Jamba,1,1,2,1.0,0,,200.0,0.0,0.0,1.0,0.0,3,0,0,0,1,0,1,0.0,0.0027124535,Open
cee6d4f1-1018-4afa-96dd-c24bc2419e0b,Full Steam Dumpling,dim_sum_restaurant,1001 Center St,http://mortaldumpling.com/,0.0,14,2,1,1,0,1,dim_sum_restaurant,2,1,1,1,1,0,0,1,1,,0,1,2,0.0,0,,-1.0,0.0,1.0,0.0,0.0,3,0,0,0,1,0,1,1.0,0.0027122446,Open
f3e80e2e-14bf-4d12-b1bd-6c291e21e084,Landmark's Del Mar Theatre,cinema,1124 Pacific Ave,https://www.landmarktheatres.com/our-locations/x00qv-landmark-del-mar-theatre,1.0,14,2,1,1,0,1,cinema,1,1,1,1,1,0,0,1,1,,0,1,2,1.0,0,,200.0,0.0,0.0,0.0,0.0,3,0,0,0,1,0,1,0.0,0.0027094884,Open
45645ead-5854-4d02-a14a-85620241523b,"Hallie Anzalone, Realtor",real_estate_agent,720 Front St,http://www.hallierealtor.com/,1.0,14,2,1,1,0,1,real_estate_agent,1,1,1,1,1,0,0,1,1,,0,1,2,1.0,0,,200.0,0.0,0.0,0.0,0.0,3,0,0,0,1,0,1,0.0,0.0027019521,Open
9c4915e5-464b-451e-b6ff-2fb5c965641e,Anina Van Alstine - Realtor,real_estate_agent,824 Mission St,http://www.AninaAndJulia.com/,1.0,14,2,1,1,0,1,real_estate_agent,1,1,1,1,1,0,0,1,1,,0,1,2,1.0,0,,200.0,0.0,0.0,0.0,0.0,3,0,0,0,1,0,1,0.0,0.0027019521,Open
e46dfa3c-a6c4-4044-ad83-15b2432c6ce6,Alistair Craft,real_estate_agent,720 Front St,http://alistaircraft.com/,1.0,14,2,1,1,0,1,real_estate_agent,1,1,1,1,1,0,0,1,1,,0,1,2,1.0,0,,200.0,0.0,0.0,0.0,0.0,3,0,0,0,1,0,1,0.0,0.0027019521,Open
2e977842-19c5-4c71-befc-f598931914fc,Daniel Wolford,real_estate_agent,720 Front St,http://www.brezsnyassociates.com/,1.0,14,2,1,1,0,1,real_estate_agent,1,1,1,1,1,0,0,1,1,,0,1,2,1.0,0,,200.0,0.0,0.0,0.0,0.0,3,0,0,0,1,0,1,0.0,0.0027019521,Open
c8a294ac-1d10-467e-b683-f6af7287f448,Scarlett Wolford,real_estate_agent,720 Front St,https://www.serenogroup.com/profiles/scarlett-wolford,1.0,14,2,1,1,0,1,real_estate_agent,1,1,1,1,1,0,0,1,1,,0,1,2,1.0,0,,200.0,0.0,0.0,0.0,0.0,3,0,0,0,1,0,1,0.0,0.0027019521,Open
834204bd-8678-456b-8fc8-199c584c1f70,Paul Coutts Realtor.,real_estate_agent,824 Mission St,http://www.paulcoutts.com/,1.0,14,2,1,1,0,1,real_estate_agent,1,1,1,1,1,0,0,1,1,,0,1,2,1.0,0,,200.0,0.0,0.0,0.0,0.0,3,0,0,0,1,0,1,0.0,0.0027019521,Open
58d06cea-15e7-4e07-ac86-fbc60481c5eb,Natasha Mingay - Santa Cruz Realtor #02012015,real_estate_agent,720 Front St,http://BrezsnyAssociates.com/,1.0,14,2,1,1,0,1,real_estate_agent,1,1,1,1,1,0,0,1,1,,0,1,2,1.0,0,,200.0,0.0,0.0,0.0,0.0,3,0,0,0,1,0,1,0.0,0.0027019521,Open
e09347a3-7c73-4816-8eaf-d42059296ffa,Marti Pepito Meyer - Realtor,real_estate_agent,720 Front St,http://www.martimeyer.com/,1.0,14,2,1,1,0,1,real_estate_agent,1,1,1,1,1,0,0,1,1,,0,1,2,1.0,0,,200.0,0.0,0.0,0.0,0.0,3,0,0,0,1,0,1,0.0,0.0027019521,Open
624aaf14-08d3-4b2d-8a83-33c5d5de38ed,UCSC Gamma Phi Beta,college_university,,http://www.ucscgammaphibeta.com/,0.0,14,2,1,0,0,0,college_university,2,1,1,0,0,0,0,1,1,,0,0,2,0.0,0,,-1.0,0.0,1.0,0.0,0.0,1,0,0,0,1,0,1,1.0,0.002697923,Open
131519aa-ac03-4ba2-b959-ed7abde5eb9a,Michael Tierra,naturopathic_holistic,912 Center St,http://radianceenergymedicine.com/,0.0,14,2,1,1,0,1,naturopathic_holistic,1,1,1,1,1,0,0,1,1,,0,1,2,0.0,0,,-1.0,0.0,1.0,0.0,0.0,3,0,0,0,1,0,1,1.0,0.0026939756,Open
5b494aa6-c9b5-4c9b-98a8-90c690b5595d,Planned Parenthood,fertility,1119 Pacific Ave,https://www.plannedparenthood.org/,0.0,14,2,1,1,0,1,fertility,1,1,1,1,1,0,0,1,1,,0,1,2,0.0,0,,-1.0,0.0,1.0,0.0,0.0,3,0,0,0,1,0,1,1.0,0.0026939756,Open
53b5a528-e2f3-4eba-8d55-d7d720c32512,United Nations Association,social_service_organizations,903 Pacific Ave,http://santacruzuna.org/,0.0,14,2,1,1,0,1,social_service_organizations,1,1,1,1,1,0,0,1,1,,0,1,2,0.0,0,,-1.0,0.0,1.0,0.0,0.0,3,0,0,0,1,0,1,1.0,0.0026939756,Open
1a72a573-c0e6-43fd-9aab-e2a00b9ad478,SC Pacific Station,arts_and_entertainment,,http://www.metropacificstation.com/,0.0,14,2,1,1,0,0,arts_and_entertainment,2,1,1,1,1,0,0,1,1,,0,0,2,0.0,0,,-1.0,0.0,1.0,0.0,0.0,2,0,0,0,1,0,1,1.0,0.0026806402,Open
ec48a42e-5257-43a0-b111-2a48c43448af,Jeremy Duterte,real_estate_agent,720 Front St,http://scbeachlife.com/,0.0,14,2,1,1,0,1,real_estate_agent,2,1,1,1,1,0,0,1,1,,0,1,2,0.0,0,,-2.0,0.0,1.0,0.0,0.0,3,0,0,0,1,0,1,1.0,0.0026753778,Open
d6783373-0926-40be-803c-de9e253afaa4,Pregnancy Resource Center Downtown Santa Cruz Clinic,obstetrician_and_gynecologist,138B Walnut Ave,http://www.santacruzprc.org/,1.0,14,2,1,1,0,1,obstetrician_and_gynecologist,4,1,1,1,1,0,0,0,0,,0,1,2,1.0,0,,200.0,0.0,0.0,0.0,0.0,3,0,0,1,1,0,0,0.0,0.0026720755,Open
68314676-46f2-465f-a900-6105eeadcbb5,"Distinct Property Management, Inc.",business_management_services,501 Soquel Ave Ste G,https://mydistinct.com/,1.0,14,2,1,1,0,1,business_management_services,4,1,1,1,1,0,0,0,0,,0,1,2,1.0,0,,200.0,0.0,0.0,0.0,0.0,3,0,0,1,1,0,0,0.0,0.0026720755,Open
2617fa76-fab3-4b0b-a40f-7631bc7c54ce,"Pleasure Point, Santa Cruz, California",arts_and_entertainment,,,,14,2,0,0,0,0,arts_and_entertainment,2,0,0,0,0,0,0,1,1,,0,0,2,,0,,,,,0.0,0.0,0,0,0,0,1,0,1,0.0,0.0026620089,Open
cc92c52e-83bc-4e85-858f-7aec3641bf52,Del Mar Theatre,drive_in_theater,1124 Pacific Ave,http://www.landmarktheatres.com/los-angeles,1.0,14,2,1,1,0,1,drive_in_theater,1,1,1,1,1,0,0,1,1,,0,1,2,1.0,0,,200.0,0.0,0.0,0.0,0.0,3,0,0,0,1,0,1,0.0,0.0026545867,Open
2349b7dd-017e-4593-9b37-6ea2c65af9a1,Water Supply Advisory Committee,public_and_government_association,212 Locust St,http://www.santacruzwatersupply.com/,0.0,14,2,1,1,0,1,public_and_government_association,2,1,1,1,1,0,0,1,1,,0,1,2,0.0,0,,-2.0,0.0,1.0,0.0,0.0,3,0,0,0,1,0,1,1.0,0.0026495429,Open
2c8fe7b4-fcf1-418b-9072-f4b84def5ba0,Red Restaurant and Bar,bar_and_grill_restaurant,200 Locust St,http://www.redrestaurantandbarsc.com/,0.0,14,2,1,1,0,1,bar_and_grill_restaurant,2,1,1,1,1,0,0,1,1,,0,1,2,0.0,0,,-2.0,0.0,1.0,0.0,0.0,3,0,0,0,1,0,1,1.0,0.0026495429,Open
d42ae787-337e-4395-8948-8c37e5be6b6d,Cold Stone Creamery,ice_cream_shop,1129 Pacific Ave,https://www.coldstonecreamery.com/stores/20515?utm_source=facebook&utm_medium=Yext,1.0,14,2,1,1,0,1,ice_cream_shop,1,1,1,1,1,0,0,1,1,Cold Stone Creamery,1,1,2,1.0,0,,200.0,0.0,0.0,0.0,0.0,3,0,0,0,1,0,1,0.0,0.0026493438,Open
b873872e-1298-4309-b444-df43e3240cdb,Pipeline,tobacco_shop,1130 Pacific Ave,http://www.pipesinthecity.com,1.0,14,2,1,1,0,1,tobacco_shop,2,1,1,1,1,0,0,1,1,,0,1,2,1.0,0,,405.0,0.0,0.0,1.0,0.0,3,0,0,0,1,0,1,0.0,0.002635474,Open
d20bf87e-3612-4b5a-9aaf-949c7f8d9ad0,Five Guys,fast_food_restaurant,1101 Pacific Ave,https://restaurants.fiveguys.com/1101-pacific-ave,1.0,14,2,1,1,0,1,fast_food_restaurant,2,1,1,1,1,0,0,1,1,Five Guys,1,1,2,1.0,0,,200.0,0.0,0.0,1.0,0.0,3,0,0,0,1,0,1,0.0,0.0025968861,Open
3e4d0ab8-bff4-4133-856c-8080608adca4,Yoso Wellness Spa,spas,740 Front St,http://www.yosowellness.com/,1.0,14,2,1,1,0,1,spas,2,1,1,1,1,0,0,1,1,,0,1,2,1.0,0,,200.0,0.0,0.0,0.0,0.0,3,0,0,0,1,0,1,0.0,0.0025864325,Open
8249b613-aec6-4e0e-b8f4-fa023fb1013a,Toque Blanche,home_and_garden,1527 Pacific Ave,http://www.mytoque.com,1.0,14,2,1,1,0,1,home_and_garden,2,1,1,1,1,0,0,1,1,,0,1,2,1.0,0,,200.0,0.0,0.0,0.0,0.0,3,0,0,0,1,0,1,0.0,0.0025864325,Open
67b28fef-9406-4a73-ae36-76ce5b8ca1db,Well Within Spa,spas,417 Cedar St,http://www.wellwithinspa.com,1.0,14,2,1,1,0,1,spas,2,1,1,1,1,0,0,1,1,,0,1,2,1.0,0,,200.0,0.0,0.0,0.0,0.0,3,0,0,0,1,0,1,0.0,0.0025864325,Open
e5c7daa8-6d20-4007-9863-7e6bd3f35e5b,Botanic and Luxe,home_and_garden,110 Cooper St,http://www.botanicandluxe.com/,1.0,14,2,1,1,0,1,home_and_garden,2,1,1,1,1,0,0,1,1,,0,1,2,1.0,0,,200.0,0.0,0.0,0.0,0.0,3,0,0,0,1,0,1,0.0,0.0025864325,Open
84408da4-bb5c-4aa7-ac80-93dc5f9a5359,Santa Cruz Staffing,employment_agencies,312 Locust St,http://santacruzstaffing.com/,1.0,14,2,1,1,0,1,employment_agencies,1,1,1,1,1,0,0,1,1,,0,1,2,1.0,0,,200.0,0.0,0.0,0.0,0.0,3,0,0,0,1,0,1,0.0,0.002555284,Open
268ef725-8964-4e9a-8788-470da8e6fc90,Parking,parking,Walnut Ave,,,14,2,0,0,0,1,parking,0,0,0,0,0,0,0,1,1,,0,1,2,,0,,,,,0.0,0.0,1,0,0,0,1,0,1,0.0,0.0025460725,Open
53739983-3c4b-4053-871d-e7d45fcaa9e5,Professional LEGAL Coaching,professional_services,1362 Pacific Ave,https://www.professionallegalcoaching.com/,0.0,14,2,1,1,0,1,professional_services,0,1,1,1,1,0,0,1,1,,0,1,2,0.0,0,,-1.0,0.0,1.0,0.0,0.0,3,0,0,0,1,0,1,1.0,0.0025453605,Open
ef6bd666-3190-4983-847c-4f21e65ee618,"Money Market Check Cashing in Santa Cruz and Capitola, CA",financial_service,903 Pacific Ave,http://www.moneymarketcheckcashing.com/,1.0,14,2,1,1,0,1,financial_service,1,1,1,1,1,0,0,1,1,,0,1,2,1.0,0,,200.0,0.0,0.0,0.0,0.0,3,0,0,0,1,0,1,0.0,0.0025369953,Open
ed5ea2f8-a672-4286-abc5-cb56da48e66e,Shay's Flowers and Gifts,flowers_and_gifts_shop,411 Cedar St,http://shaysflowersandgifts.com/,1.0,14,2,1,1,0,1,flowers_and_gifts_shop,0,1,1,1,1,0,0,1,1,,0,1,2,1.0,0,,200.0,0.0,0.0,1.0,0.0,3,0,0,0,1,0,1,0.0,0.0025269373,Open
b1dca1cb-c174-4a82-bbad-0b64f5be81da,VibesUP,flowers_and_gifts_shop,698 Front St,http://vibesup.com/,1.0,14,2,1,1,0,1,flowers_and_gifts_shop,0,1,1,1,1,0,0,1,1,,0,1,2,1.0,0,,200.0,0.0,0.0,1.0,0.0,3,0,0,0,1,0,1,0.0,0.0025269373,Open
ec5f5175-8162-4c42-88b2-5f43e53146a4,Moon Kissed,flowers_and_gifts_shop,1360 Pacific Ave,http://www.serpents-kiss.com/,1.0,14,2,1,1,0,1,flowers_and_gifts_shop,0,1,1,1,1,0,0,1,1,,0,1,2,1.0,0,,200.0,0.0,0.0,1.0,0.0,3,0,0,0,1,0,1,0.0,0.0025269373,Open
4c888cbe-578c-4ca5-b3c7-66a57e8ee3da,Super Silver,jewelry_store,1301 Pacific Ave,http://supersilver.com/,1.0,14,2,1,1,0,1,jewelry_store,2,1,1,1,1,0,0,1,1,,0,1,2,1.0,0,,200.0,0.0,0.0,0.0,0.0,3,0,0,0,1,0,1,0.0,0.0025141025,Open
891a748d-485c-498d-a1d1-958fd81d3f46,Santa Cruz Hotel,hotel,1003 Cedar St,http://redsantacruz.com,1.0,14,2,1,1,0,1,hotel,0,1,1,1,1,0,0,1,1,,0,1,2,1.0,0,,200.0,0.0,0.0,0.0,0.0,3,0,0,0,1,0,1,0.0,0.0025048926,Open
4f30082e-2681-44b4-ad88-78a436452ba7,New Leaf Community Markets,grocery_store,1134 Pacific Ave,http://www.newleaf.com,1.0,14,2,1,1,0,1,grocery_store,2,1,1,1,1,0,0,1,1,,0,1,2,1.0,0,,200.0,0.0,0.0,0.0,0.0,3,0,0,0,1,0,1,0.0,0.0024957934,Open
23b12845-1139-4387-9596-79051400b1e4,Homeless Garden Project Store,flowers_and_gifts_shop,1338 Pacific Ave,http://shop.homelessgardenproject.org/,1.0,14,2,1,1,0,1,flowers_and_gifts_shop,2,1,1,1,1,0,0,1,1,,0,1,2,1.0,0,,200.0,0.0,0.0,1.0,0.0,3,0,0,0,1,0,1,0.0,0.0024880157,Open
09aab129-2f88-40f1-bbfd-a21e0a393804,Paper Vision,flowers_and_gifts_shop,1345 Pacific Ave,http://www.papervisionsantacruz.com,1.0,14,2,1,1,0,1,flowers_and_gifts_shop,2,1,1,1,1,0,0,1,1,,0,1,2,1.0,0,,200.0,0.0,0.0,1.0,0.0,3,0,0,0,1,0,1,0.0,0.0024880157,Open
7966bd44-2a76-450b-b3b0-b4b8e39d545f,Atlantis Fantasyworld,flowers_and_gifts_shop,1020 Cedar St,http://www.atlantisfantasyworld.com/,1.0,14,2,1,1,0,1,flowers_and_gifts_shop,2,1,1,1,1,0,0,1,1,,0,1,2,1.0,0,,200.0,0.0,0.0,1.0,0.0,3,0,0,0,1,0,1,0.0,0.0024880157,Open
3dc07672-7c62-4766-a3e6-494ea02c9bbe,Om Gallery,flowers_and_gifts_shop,1201 Pacific Ave,http://WWW.OMGALLERY.COM/,1.0,14,2,1,1,0,1,flowers_and_gifts_shop,2,1,1,1,1,0,0,1,1,,0,1,2,1.0,0,,200.0,0.0,0.0,1.0,0.0,3,0,0,0,1,0,1,0.0,0.0024880157,Open
50267067-88ed-40d2-a0b7-a1c15f28b6d7,Santa Cruz Real Estate,real_estate,501 Mission St,http://www.santacruzrealestate.com/,1.0,14,2,1,1,0,1,real_estate,1,1,1,1,1,0,0,1,1,,0,1,2,1.0,0,,405.0,0.0,0.0,0.0,0.0,3,0,0,0,1,0,1,0.0,0.0024764815,Open
05cb44d7-fbb3-4f77-8af3-f57b378cb6be,Hernandez Market II,supermarket,525 Laurel St,http://hernandezmarket.com,1.0,14,2,1,1,0,1,supermarket,2,1,1,1,1,0,0,1,1,,0,1,2,1.0,0,,200.0,0.0,0.0,0.0,0.0,3,0,0,0,1,0,1,0.0,0.002466312,Open
18926c83-dbd6-4f4b-ba99-5e18f35b74dc,City of Santa Cruz Water Department,public_utility_company,212 Locust St,http://www.cityofsantacruz.com/,1.0,14,2,1,1,0,1,public_utility_company,2,1,1,1,1,0,0,1,1,,0,1,2,1.0,0,,403.0,0.0,0.0,0.0,0.0,3,0,0,0,1,0,1,0.0,0.0024634206,Open
2049d7b3-934c-475f-b9c6-b21697d57942,Level Up Video Games,video_game_store,113 Locust St,http://www.LevelUpVideoGames.com/,1.0,14,2,1,1,0,1,video_game_store,2,1,1,1,1,0,0,1,1,,0,1,2,1.0,0,,200.0,0.0,0.0,0.0,0.0,3,0,0,0,1,0,1,0.0,0.002462515,Open
2e1ad824-42d1-48d1-ae0c-cd44898ae93c,The Bike Church,bicycle_shop,703 Pacific Ave,http://Santacruzhub.org/,1.0,14,2,1,1,0,1,bicycle_shop,2,1,1,1,1,0,0,1,1,,0,1,2,1.0,0,,200.0,0.0,0.0,0.0,0.0,3,0,0,0,1,0,1,0.0,0.002462515,Open
c38ff1d6-d48d-4eb4-8875-10f54c771ddb,Spokesman Bikes,bicycle_shop,231 Cathcart St,http://www.spokesmanbicycles.com/,1.0,14,2,1,1,0,1,bicycle_shop,2,1,1,1,1,0,0,1,1,,0,1,2,1.0,0,,200.0,0.0,0.0,0.0,0.0,3,0,0,0,1,0,1,0.0,0.002462515,Open
324469d1-af1b-49da-a9e7-853c2cd81b30,Code Naturally Academy,education,181 Walnut Ave,http://www.codenaturally.com,1.0,14,2,1,1,0,1,education,2,1,1,1,1,0,0,1,1,,0,1,2,1.0,0,,403.0,0.0,0.0,0.0,0.0,3,0,0,0,1,0,1,0.0,0.0024582492,Open
857eda3e-4d9e-4755-ade3-cfbc079e3c4c,Christiania Bikes America,bicycle_shop,1368 Pacific Ave,http://www.christianiabikesamerica.com/,1.0,14,2,1,1,0,1,bicycle_shop,0,1,1,1,1,0,0,1,1,,0,1,2,1.0,0,,200.0,0.0,0.0,0.0,0.0,3,0,0,0,1,0,1,0.0,0.0024350397,Open
c6449579-94b2-459d-b794-0df8cadbc620,YES Cacao,chocolatier,1001 Center St,http://www.YESCacao.com/,1.0,14,2,1,0,0,1,chocolatier,2,1,1,0,0,0,0,1,1,,0,1,2,1.0,0,,200.0,0.0,0.0,0.0,0.0,2,0,0,0,1,0,1,0.0,0.002429618,Open
65c6e6e6-5f81-4033-b265-8094ad854111,Pacific Coast Judo,martial_arts_club,175 Walnut Ave,http://www.pacificcoastjudo.com/,0.0,14,2,1,1,0,1,martial_arts_club,2,1,1,1,1,0,0,1,1,,0,1,2,0.0,0,,-1.0,0.0,1.0,0.0,0.0,3,0,0,0,1,0,1,1.0,0.0024089268,Open
5f8a4a9f-e587-49b4-90b8-2b787ea1d1d2,Petroglyph Ceramic Lounge,arts_and_crafts,125 Walnut Ave,http://www.petroglyph.com/,1.0,14,2,1,1,0,1,arts_and_crafts,2,1,1,1,1,0,0,1,1,,0,1,2,1.0,0,,200.0,0.0,0.0,0.0,0.0,3,0,0,0,1,0,1,0.0,0.0024011596,Open
14c5d85d-fdb6-4305-91a3-4e396167594c,Rēf,yoga_studio,1349 Pacific Ave,http://www.ref.studio/,0.0,14,2,1,1,0,1,yoga_studio,1,1,1,1,1,0,0,1,1,,0,1,2,0.0,0,,-1.0,0.0,1.0,0.0,0.0,3,0,0,0,1,0,1,1.0,0.0023686388,Open
af75f70f-d8ce-4508-9e39-7a6f3cfc8a9e,Ultramat Santa Cruz Laundromat,laundromat,501 Laurel St,https://ultramat.hub.biz/,1.0,14,2,1,1,0,1,laundromat,2,1,1,1,1,0,0,1,1,,0,1,2,1.0,0,,200.0,0.0,0.0,0.0,0.0,3,0,0,0,1,0,1,0.0,0.0023595877,Open
a9b586ec-adda-4055-bfab-0f0c03635a0a,Cornucopia Real Estate,real_estate,1001 Center St,http://cornucopia.com/,1.0,14,2,1,1,0,1,real_estate,2,1,1,1,1,0,0,1,1,,0,1,2,1.0,0,,405.0,0.0,0.0,0.0,0.0,3,0,0,0,1,0,1,0.0,0.002356653,Open
8cb1403d-f5b7-403e-9b08-2b4d2c8cccce,Monterey Bay Conservancy,environmental_conservation_organization,501 Mission St,http://www.sipodemos.democrat/,1.0,14,2,1,1,0,1,environmental_conservation_organization,2,1,1,1,1,0,0,1,1,,0,1,2,1.0,0,,405.0,0.0,0.0,0.0,0.0,3,0,0,0,1,0,1,0.0,0.002356653,Open
16d40e10-e063-4398-a01a-143fcf6c9cf8,Roux Dat Stew Shack,cajun_and_creole_restaurant,1520 Pacific Ave,http://rouxdatcajuncreole.com,1.0,14,2,1,1,0,1,cajun_and_creole_restaurant,2,1,1,1,1,0,0,1,1,,0,1,2,1.0,0,,405.0,0.0,0.0,0.0,0.0,3,0,0,0,1,0,1,0.0,0.002356653,Open
c82ae596-86bc-4958-bc77-48632f33667b,Cognito Clothing,used_vintage_and_consignment,821 Pacific Ave,http://cognitoclothing.com/,1.0,14,2,1,1,0,1,used_vintage_and_consignment,2,1,1,1,1,0,0,1,1,,0,1,2,1.0,0,,405.0,0.0,0.0,0.0,0.0,3,0,0,0,1,0,1,0.0,0.002356653,Open
8261e14d-e6a3-4a01-8c1e-9583d414c695,Santa Cruz County Regional Transportation Commission (RTC),transportation,1101 Pacific Ave,http://www.sccrtc.org/,1.0,14,2,1,1,0,1,transportation,2,1,1,1,1,0,0,1,1,,0,1,2,1.0,0,,200.0,0.0,0.0,0.0,0.0,3,0,0,0,1,0,1,0.0,0.0023417072,Open
8dfb4f2b-ba00-4bf3-b1f0-391c1a56cb59,Lynne MacFarlane Homes,real_estate_agent,720 Front St,http://www.lynnemacfarlane.com/,0.0,14,2,1,1,0,1,real_estate_agent,1,1,1,1,1,0,0,1,1,,0,1,2,0.0,0,,-1.0,0.0,1.0,0.0,0.0,3,0,0,0,1,0,1,1.0,0.0023366862,Open
ab906ba0-4c9f-4d6c-8a02-96d185b0ff0e,Birichino,winery,204 Church St,http://www.birichino.com/,1.0,14,2,1,1,0,1,winery,0,1,1,1,1,0,0,1,1,,0,1,2,1.0,0,,200.0,0.0,0.0,0.0,0.0,3,0,0,0,1,0,1,0.0,0.0023155767,Open
ef93cf96-58ac-47c8-ae1a-87d79a107568,Marisa Abzug-Callender - The Fork In The Road Coach,counseling_and_mental_health,501 Mission St,http://www.theforkintheroadcoach.com,0.0,14,2,1,1,0,1,counseling_and_mental_health,2,1,1,1,1,0,0,1,1,,0,1,2,0.0,0,,-1.0,0.0,1.0,0.0,0.0,3,0,0,0,1,0,1,1.0,0.002296691,Open
46fabbe0-7f09-451d-a4df-7b1502cd8aa6,The Santa Cruzer - Beach & Downtown Shuttle,beach,The Santa Cruzer Beach And Downtown Shuttle,http://santacruzer.info/,1.0,14,2,1,1,0,1,beach,1,1,1,1,1,0,0,1,1,,0,1,2,1.0,0,,403.0,0.0,0.0,0.0,0.0,3,0,0,0,1,0,1,0.0,0.0022418853,Open
1a09d220-2798-4ce0-82fa-0371c0b8679f,Above & Beyond Fire Protection,fire_protection_service,13575 Empire Grade,http://www.fire.ca.gov/,1.0,14,2,1,1,0,1,fire_protection_service,1,1,1,1,1,0,0,1,1,,0,1,2,1.0,0,,403.0,0.0,0.0,0.0,0.0,3,0,0,0,1,0,1,0.0,0.0022418853,Open
e96f9446-48a0-4393-9e36-10e06bbdf1bc,Downtown Pacific Avenue Santa Cruz.,arts_and_entertainment,,,,14,2,0,0,0,0,arts_and_entertainment,1,0,0,0,0,0,0,1,1,,0,0,2,,0,,,,,0.0,0.0,0,0,0,0,1,0,1,0.0,0.0022122324,Open
9fededf3-bec3-4c52-9ddf-ae19f8309b8b,theteahousespa,spas,,http://www.teahousespa.com/,1.0,14,2,1,1,0,0,spas,2,1,1,1,1,0,0,1,1,,0,0,2,1.0,0,,200.0,0.0,0.0,0.0,0.0,2,0,0,0,1,0,1,0.0,0.0021665464,Open
31ecad42-9c5c-474e-93d7-de6db106bb25,Mindpath College Health,counseling_and_mental_health,740 Front St,https://college.mindpath.com/locations/california/santa-cruz/?pk_source=listings&pk_medium=organic,1.0,14,2,1,1,0,1,counseling_and_mental_health,2,1,1,1,1,0,0,1,1,Mindpath Health,1,1,2,1.0,0,,200.0,0.0,0.0,0.0,0.0,3,0,0,0,1,0,1,0.0,0.0021633941,Open
088356a2-6b11-4400-81fc-30aa22d0ffed,Downtown Farmer's Market,farmers_market,Cedar St,http://www.farmersmarket.com/,0.0,14,2,1,0,0,1,farmers_market,0,1,1,0,0,0,0,1,1,,0,1,2,0.0,0,,-2.0,0.0,1.0,0.0,0.0,2,0,0,0,1,0,1,1.0,0.0021571028,Open
ee5216a8-06ba-4040-97ba-f4947fa71c2a,Mind in Motion Counseling,counseling_and_mental_health,501 Mission St,http://www.mindinmotionsc.com/,1.0,14,2,1,1,0,1,counseling_and_mental_health,0,1,1,1,1,0,0,1,1,,0,1,2,1.0,0,,200.0,0.0,0.0,0.0,0.0,3,0,0,0,1,0,1,0.0,0.002156919,Open
0f57a8e3-80cd-4da7-a507-21090ccfbab1,Computer Zone,it_service_and_computer_repair,314 Laurel St,http://www.computerzone1.com,1.0,14,2,1,1,0,1,it_service_and_computer_repair,2,1,1,1,1,0,0,1,1,,0,1,2,1.0,0,,200.0,0.0,0.0,0.0,0.0,3,0,0,0,1,0,1,0.0,0.0021393907,Open
ca0a3f4d-07dd-4523-8d7c-2c571f871b40,Pagoda Technologies,it_service_and_computer_repair,101 Cooper St,http://pagoda-tech.com/,1.0,14,2,1,1,0,1,it_service_and_computer_repair,2,1,1,1,1,0,0,1,1,,0,1,2,1.0,0,,200.0,0.0,0.0,0.0,0.0,3,0,0,0,1,0,1,0.0,0.0021393907,Open
8361d682-9c63-46e1-bdc2-28a3ff2112fb,Laird's Academy of Martial Arts,martial_arts_club,175 Walnut Ave,http://www.lairdsacademy.com,1.0,14,2,1,1,0,1,martial_arts_club,2,1,1,1,1,0,0,1,1,,0,1,2,1.0,0,,200.0,0.0,0.0,0.0,0.0,3,0,0,0,1,0,1,0.0,0.0021391883,Open
0de76cf4-6d71-4d74-8f47-4be33cfe39a4,Jireh Boxing Kickboxing Cardio and Competition LLC,martial_arts_club,1101 Pacific Ave,http://Www.jirehboxingkickboxing.com/,1.0,14,2,1,1,0,1,martial_arts_club,2,1,1,1,1,0,0,1,1,,0,1,2,1.0,0,,200.0,0.0,0.0,0.0,0.0,3,0,0,0,1,0,1,0.0,0.0021391883,Open
db90c093-a08c-4cac-b91c-aebdf11cd95c,Faust Salon Downtown,hair_salon,110 Cooper St,http://www.faustdowntownsc.com/,0.0,14,2,1,1,0,1,hair_salon,2,1,1,1,1,0,0,1,1,,0,1,2,0.0,0,,-1.0,0.0,1.0,0.0,0.0,3,0,0,0,1,0,1,1.0,0.0021134315,Open
0437a38c-87a2-4571-83ef-da1cb47a7869,Downtown Santa Cruz Info Kiosk,travel_services,1130 Pacific Ave,http://www.downtownsantacruz.com/downtown-info-kiosk,1.0,14,2,1,1,0,1,travel_services,1,1,1,1,1,0,0,1,1,,0,1,2,1.0,0,,200.0,0.0,0.0,0.0,0.0,3,0,0,0,1,0,1,0.0,0.0021120603,Open
4f5c6301-d44a-43a1-a2bf-6513303fddc7,The Wedding Connection,wedding_planning,120 Church St,http://www.weddingconnection.net/,1.0,14,2,1,1,0,1,wedding_planning,1,1,1,1,1,0,0,1,1,,0,1,2,1.0,0,,200.0,0.0,0.0,0.0,0.0,3,0,0,0,1,0,1,0.0,0.0021120603,Open
3050ee71-ef90-439f-b21c-7c585e0e3355,Jessica Wallace Realtor,real_estate,824 Mission St,http://www.SellorBuySantaCruzHomes.com/,1.0,14,2,1,1,0,1,real_estate,1,1,1,1,1,0,0,1,1,,0,1,2,1.0,0,,200.0,0.0,0.0,0.0,0.0,3,0,0,0,1,0,1,0.0,0.0021120603,Open
d42332d3-95e0-4d56-b54b-e3f69ae851d3,Sea Glass Orthodontics,orthodontist,824 Mission St,https://nextdoor.com/page/sea-glass-orthodontics-santa-cruz-ca/,1.0,14,2,1,1,0,1,orthodontist,1,1,1,1,1,0,0,1,1,,0,1,2,1.0,0,,200.0,0.0,0.0,0.0,0.0,3,0,0,0,1,0,1,0.0,0.0021120603,Open
57f55eeb-39ec-4642-a131-9d508e1272f8,Fibroplasma Blushing,beauty_and_spa,175 Walnut Ave,https://bio.site/fibroplasmablushing,1.0,14,2,1,1,0,1,beauty_and_spa,1,1,1,1,1,0,0,1,1,,0,1,2,1.0,0,,200.0,0.0,0.0,0.0,0.0,3,0,0,0,1,0,1,0.0,0.0021120603,Open
05edc6f8-053e-49ef-bf4a-9eafdbe1b984,Santa Cruz County Democratic Party,political_party_office,740 Front St,http://www.cruzdemocrats.org/,1.0,14,2,1,1,0,1,political_party_office,1,1,1,1,1,0,0,1,1,,0,1,2,1.0,0,,200.0,0.0,0.0,0.0,0.0,3,0,0,0,1,0,1,0.0,0.0021120603,Open
dd49fb45-b321-41f5-a5ad-38e1572baeab,Thrifty Cuts Barber Shop,barber,805 Front St,https://www.oldschoolsantacruzbarbershop.com/,1.0,14,2,1,1,0,1,barber,1,1,1,1,1,0,0,1,1,,0,1,2,1.0,0,,200.0,0.0,0.0,0.0,0.0,3,0,0,0,1,0,1,0.0,0.0021120603,Open
7661f6c9-de65-4780-a8cc-7fc9394b6bc3,Mary Jo Aloi,naturopathic_holistic,740 Front St,http://www.maryjoaloi.com/,1.0,14,2,1,1,0,1,naturopathic_holistic,1,1,1,1,1,0,0,1,1,,0,1,2,1.0,0,,200.0,0.0,0.0,0.0,0.0,3,0,0,0,1,0,1,0.0,0.0021120603,Open
9196551b-f4ba-47be-906c-018fbc2c5f3a,Balance Into Health,naturopathic_holistic,501 Mission St,http://balanceintohealth.com/,1.0,14,2,1,1,0,1,naturopathic_holistic,1,1,1,1,1,0,0,1,1,,0,1,2,1.0,0,,200.0,0.0,0.0,0.0,0.0,3,0,0,0,1,0,1,0.0,0.0021120603,Open
ebbc89ac-ec4e-4687-9ad2-2b2260b43bbe,The Spine Works,naturopathic_holistic,520 Mission St,http://www.cateswillinger.com/,1.0,14,2,1,1,0,1,naturopathic_holistic,1,1,1,1,1,0,0,1,1,,0,1,2,1.0,0,,200.0,0.0,0.0,0.0,0.0,3,0,0,0,1,0,1,0.0,0.0021120603,Open
00d3db07-8497-4f19-b9a9-179a802d7a62,Santa Cruz Stucco and Plastering,masonry_concrete,"7 Squid Row, 738 Chestnut St",https://www.google.com/maps?cid=17135001866190348957,1.0,14,2,1,1,0,1,masonry_concrete,1,1,1,1,1,0,0,1,1,,0,1,2,1.0,0,,200.0,0.0,0.0,0.0,0.0,3,0,0,0,1,0,1,0.0,0.0021120603,Open
12d19747-2e39-4d2d-af46-1411235240f7,Cynthia Baker Coaching and Psychotherapy,life_coach,730 Mission St,https://cynthiabakercoaching.com/,1.0,14,2,1,1,0,1,life_coach,1,1,1,1,1,0,0,1,1,,0,1,2,1.0,0,,200.0,0.0,0.0,0.0,0.0,3,0,0,0,1,0,1,0.0,0.0021120603,Open
20246248-0ab4-4eba-9004-a5e3d91e4fda,Santa Cruz Integrative Medicine,naturopathic_holistic,740 Front St,http://santacruzintegrativemedicine.com/,1.0,14,2,1,1,0,1,naturopathic_holistic,1,1,1,1,1,0,0,1,1,,0,1,2,1.0,0,,200.0,0.0,0.0,0.0,0.0,3,0,0,0,1,0,1,0.0,0.0021120603,Open
e23bbecf-ef4b-4624-94c9-19b5b22b60bf,Santa Cruz Residential Recovery,abuse_and_addiction_treatment,125 Rigg St,http://www.co.santa-cruz.ca.us,1.0,14,2,1,1,0,1,abuse_and_addiction_treatment,1,1,1,1,1,0,0,1,1,,0,1,2,1.0,0,,200.0,0.0,0.0,0.0,0.0,3,0,0,0,1,0,1,0.0,0.0021120603,Open
730d5e49-8ec2-4a15-8b53-6d371d7052e0,Pacific Sun Properties,real_estate,734 Chestnut St,http://pacificsunproperties.com/,1.0,14,2,1,1,0,1,real_estate,1,1,1,1,1,0,0,1,1,,0,1,2,1.0,0,,200.0,0.0,0.0,0.0,0.0,3,0,0,0,1,0,1,0.0,0.0021120603,Open
e078812b-503c-485c-b7d8-a4903dfb6b9b,Peter Spellman Architecture,architectural_designer,102 Green St,http://www.peterspellmanarchitecture.com/,1.0,14,2,1,1,0,1,architectural_designer,1,1,1,1,1,0,0,1,1,,0,1,2,1.0,0,,200.0,0.0,0.0,0.0,0.0,3,0,0,0,1,0,1,0.0,0.0021120603,Open
4a8eb341-1602-4296-8a8d-d0a5cbe34a2c,Peach Parlor,hair_removal,1007 Cedar St,http://vagaro.com/peachparlor,1.0,14,2,1,1,0,1,hair_removal,1,1,1,1,1,0,0,1,1,,0,1,2,1.0,0,,200.0,0.0,0.0,0.0,0.0,3,0,0,0,1,0,1,0.0,0.0021120603,Open
2909258d-ce77-42e0-938f-6a0e5b147e96,The Hub for Sustainable Living,social_service_organizations,703 Pacific Ave,https://www.santacruzhub.org/donate-1,1.0,14,2,1,1,0,1,social_service_organizations,1,1,1,1,1,0,0,1,1,,0,1,2,1.0,0,,200.0,0.0,0.0,0.0,0.0,3,0,0,0,1,0,1,0.0,0.0021120603,Open
004aeefd-1d6a-4e6f-b0d9-be1308107661,Superior Alarm Co,home_security,602 Mission St,http://www.superioralarm.com,1.0,14,2,1,1,0,1,home_security,1,1,1,1,1,0,0,1,1,,0,1,2,1.0,0,,200.0,0.0,0.0,0.0,0.0,3,0,0,0,1,0,1,0.0,0.0021120603,Open
3e218b9c-ff74-4adf-ba70-3b906d3aaf68,Center Stage Theater,theatre,1001 Center St,http://www.cityseekr.com/san-jose/entertainment-venues/poi-center-stage-theater-736582.html,0.0,14,2,1,1,0,1,theatre,2,1,1,1,1,0,0,1,1,,0,1,2,0.0,0,,404.0,1.0,0.0,0.0,0.0,3,0,0,0,1,0,1,1.0,0.0021009203,Open
d985dfd5-6310-49e6-a691-fbcf28255829,Santa Cruz Farmers' Market,farmers_market,825 Cedar St,http://www.santacruzfarmersmarket.org/,0.0,14,2,1,1,0,1,farmers_market,2,1,1,1,1,0,0,1,1,,0,1,2,0.0,0,,-1.0,0.0,1.0,0.0,0.0,3,0,0,0,1,0,1,1.0,0.0020969524,Open
9fafd69f-1765-461c-9016-3472a80a573a,Yoso the Annex,spas,109 Cooper St,http://yosowellness.com,1.0,14,2,1,1,0,1,spas,1,1,1,1,1,0,0,1,1,,0,1,2,1.0,0,,200.0,0.0,0.0,0.0,0.0,3,0,0,0,1,0,1,0.0,0.0020847714,Open
eb77c19f-2c8e-4e7f-a4b1-522a01fe5197,The Cedar Street Free Parking Lot,parking,270 Cathcart St,,,14,2,0,1,0,1,parking,0,0,0,1,1,0,0,1,1,,0,1,2,,0,,,,,0.0,0.0,2,0,0,0,1,0,1,0.0,0.0020815132,Open
af4b03a3-9d53-4d35-8733-5147303bc07d,Bank of America ATM,bank_credit_union,1128-A Pacific Ave,https://locators.bankofamerica.com/ca/santacruz/atm-santa-cruz-104132.html,1.0,14,2,1,1,0,1,bank_credit_union,0,1,1,1,1,0,0,0,0,,0,1,2,1.0,0,,200.0,0.0,0.0,0.0,0.0,3,0,0,1,1,0,0,0.0,0.0020744966,Open
95d7d44e-ba2a-4d0e-b2c9-a7928d9c1cd5,Techmagick Business Solutions,web_designer,877 Cedar St STE 150,http://www.sccbusinesscouncil.com/,1.0,14,2,1,1,0,1,web_designer,2,1,1,1,1,0,0,1,1,,0,1,2,1.0,0,,200.0,0.0,0.0,0.0,0.0,3,0,0,0,1,0,1,0.0,0.0020532766,Open
5737d40a-c569-41fa-bd25-ed19d8fd41ee,Odden Creative,web_designer,101 Cooper St,http://odden.io/,1.0,14,2,1,1,0,1,web_designer,2,1,1,1,1,0,0,1,1,,0,1,2,1.0,0,,200.0,0.0,0.0,0.0,0.0,3,0,0,0,1,0,1,0.0,0.0020532766,Open
f188a8ab-b4ac-49ae-9149-925b26b1be44,Launch Brigade,web_designer,101 Cooper St,http://www.launchbrigade.com/,1.0,14,2,1,1,0,1,web_designer,2,1,1,1,1,0,0,1,1,,0,1,2,1.0,0,,200.0,0.0,0.0,0.0,0.0,3,0,0,0,1,0,1,0.0,0.0020532766,Open
a054fb62-ea81-41b7-b16b-748eb8528444,Stephan's Fine Jewelry,jewelry_store,102 Walnut Ave,http://www.stephansjewelry.com,1.0,14,2,1,1,0,1,jewelry_store,1,1,1,1,1,0,0,1,1,,0,1,2,1.0,0,,200.0,0.0,0.0,0.0,0.0,3,0,0,0,1,0,1,0.0,0.002026442,Open
9af19ed0-60ab-42c8-9c07-48da4649136e,Clouds Air Duct Cleaning,hvac_services,706 Chestnut St,http://sccleaning.org/,0.0,14,2,1,1,0,1,hvac_services,2,1,1,1,1,0,0,1,1,,0,1,2,0.0,0,,-1.0,0.0,1.0,0.0,0.0,3,0,0,0,1,0,1,1.0,0.002025475,Open
fd5b4d15-f88a-48dc-ada4-cce010ddfb1d,Southern Yosemite Mountain Guides,tours,130 Pearl Aly,http://symg.com,1.0,14,2,1,1,0,1,tours,1,1,1,1,1,0,0,1,1,,0,1,2,1.0,0,,405.0,0.0,0.0,0.0,0.0,3,0,0,0,1,0,1,0.0,0.002023521,Open
2335e8a3-b4d2-4219-9a09-9604272b425d,7 Squid Row,topic_concert_venue,"7 Squid Row, 738 Chestnut St",http://www.7squidrow.com,0.0,14,2,1,1,0,1,topic_concert_venue,2,1,1,1,1,0,0,1,1,,0,1,2,0.0,0,,-1.0,0.0,1.0,0.0,0.0,3,0,0,0,1,0,1,1.0,0.0020194608,Open
5eede1de-a8cf-4a21-829c-41aee586dcf0,True Olive Connection/Outside-In Aptos,grocery_store,106 Lincoln St,http://www.trueoliveconnection.com/,1.0,14,2,1,1,0,1,grocery_store,1,1,1,1,1,0,0,1,1,,0,1,2,1.0,0,,200.0,0.0,0.0,0.0,0.0,3,0,0,0,1,0,1,0.0,0.0020116773,Open
de4bacf7-9f99-4aea-8cd9-4784f11e3661,Santa Cruz Gamers,museum,208 Locust St,http://www.twitch.tv/santacruzgamers,1.0,14,2,1,1,0,1,museum,1,1,1,1,1,0,0,1,1,,0,1,2,1.0,0,,200.0,0.0,0.0,0.0,0.0,3,0,0,0,1,0,1,0.0,0.0020116773,Open
dde199c1-5442-4490-84a7-614caab8e7a3,There's No Place Like Om,massage,108 Locust St,http://www.noplacelikeommassage.com/,0.0,14,2,1,1,0,1,massage,2,1,1,1,1,0,0,1,1,,0,1,2,0.0,0,,-1.0,0.0,1.0,0.0,0.0,3,0,0,0,1,0,1,1.0,0.0020115038,Open
b54c4cbb-7f4b-44c4-b917-a177485d884b,United Nations Associates Unicef,social_service_organizations,1330 Pacific Ave,http://www.unasantacruz.org,0.0,14,2,1,1,0,1,social_service_organizations,2,1,1,1,1,0,0,1,1,,0,1,2,0.0,0,,-1.0,0.0,1.0,0.0,0.0,3,0,0,0,1,0,1,1.0,0.0020115038,Open
afaa2d5e-9dcb-40d5-a6dc-ced9f2e3c28f,"Andrea A. Seitz, MFT",psychotherapist,841 Cedar St,http://andreaaseitz.com/,0.0,14,2,1,1,0,1,psychotherapist,2,1,1,1,1,0,0,1,1,,0,1,2,0.0,0,,-1.0,0.0,1.0,0.0,0.0,3,0,0,0,1,0,1,1.0,0.0020115038,Open
1fe319db-68fe-42b2-930e-2eb873c6ee6f,Surfing Museum Lighthouse Point,history_museum,809 Center St,http://www.santacruzsurfingmuseum.org,0.0,14,2,1,1,0,1,history_museum,2,1,1,1,1,0,0,1,1,,0,1,2,0.0,0,,-1.0,0.0,1.0,0.0,0.0,3,0,0,0,1,0,1,1.0,0.0020115038,Open
26cc94b7-0f33-4bee-ac01-1bdb952ccf67,Artisans & Agency,flowers_and_gifts_shop,1368 Pacific Ave,http://www.artisanssantacruz.com/,1.0,14,2,1,1,0,1,flowers_and_gifts_shop,1,1,1,1,1,0,0,1,1,,0,1,2,1.0,0,,200.0,0.0,0.0,1.0,0.0,3,0,0,0,1,0,1,0.0,0.002005405,Open
fc84530f-c230-4a6e-a186-20fbfc791da7,Annieglass Retail Stores,flowers_and_gifts_shop,110 Cooper St,http://www.annieglass.com,1.0,14,2,1,1,0,1,flowers_and_gifts_shop,1,1,1,1,1,0,0,1,1,,0,1,2,1.0,0,,200.0,0.0,0.0,1.0,0.0,3,0,0,0,1,0,1,0.0,0.002005405,Open
af155f00-d830-483c-be01-9526e6430cf7,Santa Cruz Museum of Art & History,art_museum,705 Front St,http://www.santacruzmah.org/,1.0,14,2,1,1,0,1,art_museum,2,1,1,1,1,0,0,1,1,,0,1,2,1.0,0,,200.0,0.0,0.0,0.0,0.0,3,0,0,0,1,0,1,0.0,0.0019881024,Open
091f0d04-87d7-4bb7-9d80-7166b034fb9e,Mara Alverson,counseling_and_mental_health,133 Towne Ter,http://SantaCruzCounseling.com/,1.0,14,2,1,1,0,1,counseling_and_mental_health,2,1,1,1,1,0,0,1,1,,0,1,2,1.0,0,,200.0,0.0,0.0,0.0,0.0,3,0,0,0,1,0,1,0.0,0.0019760965,Open
fff2b45a-40be-4e6c-a4f6-cf248db5ef1e,"Santa Cruz Family Counseling- Bruce L. Ross, LMFT",counseling_and_mental_health,406 Mission St,http://www.santacruzfamilycounseling.com/,1.0,14,2,1,1,0,1,counseling_and_mental_health,2,1,1,1,1,0,0,1,1,,0,1,2,1.0,0,,200.0,0.0,0.0,0.0,0.0,3,0,0,0,1,0,1,0.0,0.0019760965,Open
6a08f734-bfd2-4ac2-9412-a0e67de5316d,Paystand,professional_services,101 Church St,https://paystand.com/,1.0,14,2,1,1,0,1,professional_services,2,1,1,1,1,0,0,1,1,,0,1,2,1.0,0,,200.0,0.0,0.0,0.0,0.0,3,0,0,0,1,0,1,0.0,0.0019740053,Open
a4baca8a-3761-48b9-8e56-1c32c3763585,Crime Alert,professional_services,602 Mission St,http://www.superioralarm.com,1.0,14,2,1,1,0,1,professional_services,2,1,1,1,1,0,0,1,1,,0,1,2,1.0,0,,200.0,0.0,0.0,0.0,0.0,3,0,0,0,1,0,1,0.0,0.0019740053,Open
20db4748-7106-464c-bc0d-e9046b1eb6c0,Holly Hughes and Co.,professional_services,740 Front St,https://hollyhughesandco.com/,1.0,14,2,1,1,0,1,professional_services,2,1,1,1,1,0,0,1,1,,0,1,2,1.0,0,,200.0,0.0,0.0,0.0,0.0,3,0,0,0,1,0,1,0.0,0.0019740053,Open
c27d2c52-50bb-45f7-997e-2a22289a7c6c,Rebecca Stark Photography,professional_services,805 Front St,http://www.rebeccastarkphotography.com/,1.0,14,2,1,1,0,1,professional_services,2,1,1,1,1,0,0,1,1,,0,1,2,1.0,0,,200.0,0.0,0.0,0.0,0.0,3,0,0,0,1,0,1,0.0,0.0019740053,Open
4dc5c092-4dfb-453b-b2c8-af07a61787c9,The Footprint Shop,home_goods_store,1349 Pacific Ave,http://thefootprintshop.com/,0.0,14,2,1,1,0,1,home_goods_store,2,1,1,1,1,0,0,1,1,,0,1,2,0.0,0,,-1.0,0.0,1.0,0.0,0.0,3,0,0,0,1,0,1,1.0,0.0019654143,Open
f2885dc3-adb4-46a6-8955-40940cfbf70f,Game Santa Cruz,video_game_store,1101 Cedar St,http://www.gamesantacruz.com/,1.0,14,2,1,0,0,1,video_game_store,2,1,1,0,0,0,0,1,1,,0,1,2,1.0,0,,200.0,0.0,0.0,0.0,0.0,2,0,0,0,1,0,1,0.0,0.0019633556,Open
f16d998c-1f93-4f10-8693-2bea4c17ffec,Santa Cruz Essential Health,physical_therapy,740 Front St,http://www.essentialhealthsantacruz.com/,0.0,14,2,1,1,0,1,physical_therapy,2,1,1,1,1,0,0,1,1,,0,1,2,0.0,0,,-2.0,0.0,1.0,0.0,0.0,3,0,0,0,1,0,1,1.0,0.0019610417,Open
230308be-76fc-49bd-b826-3c98d2032067,The Vision Sanctuary,art_gallery,313 Cedar St,http://thevisionsanctuary.com/,1.0,14,2,1,1,0,1,art_gallery,0,1,1,1,1,0,0,1,1,,0,1,2,1.0,0,,200.0,0.0,0.0,0.0,0.0,3,0,0,0,1,0,1,0.0,0.0019416412,Open
274b9384-083f-4328-928b-3068ebe5c632,m.k. contemporary art,art_gallery,703 Front St,http://mkcontemporary.art/,1.0,14,2,1,1,0,1,art_gallery,0,1,1,1,1,0,0,1,1,,0,1,2,1.0,0,,200.0,0.0,0.0,0.0,0.0,3,0,0,0,1,0,1,0.0,0.0019416412,Open
18a35abd-378b-4687-baf1-35264b6c3c7d,Santa Cruz Art Expressions,art_gallery,1545 Pacific Ave,https://santacruzartexpressions.com/,1.0,14,2,1,1,0,1,art_gallery,0,1,1,1,1,0,0,1,1,,0,1,2,1.0,0,,200.0,0.0,0.0,0.0,0.0,3,0,0,0,1,0,1,0.0,0.0019416412,Open
8c9902c1-88cd-46cd-8167-faa589164f9b,Iversen Design,graphic_designer,877 Cedar St,http://www.iversendesign.com/,0.0,14,2,1,1,0,1,graphic_designer,2,1,1,1,1,0,0,1,1,,0,1,2,0.0,0,,406.0,1.0,0.0,0.0,0.0,3,0,0,0,1,0,1,1.0,0.0019166496,Open
eb710ac1-7812-46e8-9abd-e025c364fc38,Roux Dat Cajun Creole,cajun_and_creole_restaurant,118 Cooper St Unit B,http://rouxdatcajuncreole.com/,1.0,14,2,1,1,0,1,cajun_and_creole_restaurant,2,1,1,1,1,0,0,0,0,,0,1,2,1.0,0,,405.0,0.0,0.0,0.0,0.0,3,0,0,1,1,0,0,0.0,0.0018973743,Open
e4df8831-0e81-443d-ba12-70d51d23b4a9,Trader Joes,grocery_store,700 Front St,https://locations.traderjoes.com/ca/santa-cruz/193/,1.0,14,2,1,1,0,1,grocery_store,2,1,1,1,1,0,0,1,1,Trader Joe's,1,1,2,1.0,0,,200.0,0.0,0.0,0.0,0.0,3,0,0,0,1,0,1,0.0,0.0018969941,Open
ed33862c-5b61-4b31-bf0a-36935fbecfcf,Awe Sum Organics,farmers_market,123 Locust St,https://www.awesumorganics.com/,1.0,14,2,1,1,0,1,farmers_market,2,1,1,1,1,0,0,1,1,,0,1,2,1.0,0,,200.0,0.0,0.0,0.0,0.0,3,0,0,0,1,0,1,0.0,0.0018937384,Open
2bf6f134-a823-4011-93b6-a85ad92a2c14,Jules Holdsworth Photography,professional_services,101 Cooper St,http://www.julesholdsworth.com/,0.0,14,2,1,1,0,1,professional_services,1,1,1,1,1,0,0,1,1,,0,1,2,0.0,0,,-1.0,0.0,1.0,0.0,0.0,3,0,0,0,1,0,1,1.0,0.0018925294,Open
e7b420cf-3053-4fff-abbf-0cc916c93c90,Alyssa Danielle Therapeutics,massage_therapy,520 Mission St,https://www.massagebook.com/Santa_Cruz~Massage~AlyssaDanielleTherapeutics,1.0,14,2,1,1,0,1,massage_therapy,0,1,1,1,1,0,0,1,1,,0,1,2,1.0,0,,200.0,0.0,0.0,0.0,0.0,3,0,0,0,1,0,1,0.0,0.0018917818,Open
b27b3580-a87b-4d8e-8a75-f578dd1e5dc5,Resolve Medical and Sports Massage,massage_therapy,1011 Center St,http://Resolvemedicalmassage.massagetherapy.com/,1.0,14,2,1,1,0,1,massage_therapy,0,1,1,1,1,0,0,1,1,,0,1,2,1.0,0,,200.0,0.0,0.0,0.0,0.0,3,0,0,0,1,0,1,0.0,0.0018917818,Open
87425673-4b38-4df8-9f34-3b9ee97de1ec,Tumbleweed Found,thrift_store,1025 Center St,http://www.tumbleweedfound.com,1.0,14,2,1,0,0,1,thrift_store,2,1,1,0,0,0,0,1,1,,0,1,2,1.0,0,,200.0,0.0,0.0,0.0,0.0,2,0,0,0,1,0,1,0.0,0.0018895305,Open
886cf774-cfca-4714-8eb7-185b678363e0,Santa Cruz Metro Station,transportation,920 Pacific Ave,http://www.scmtd.com/en/,1.0,14,2,1,1,0,1,transportation,1,1,1,1,1,0,0,1,1,,0,1,2,1.0,0,,200.0,0.0,0.0,0.0,0.0,3,0,0,0,1,0,1,0.0,0.0018874228,Open
be8c95b1-00d4-4920-a653-5145b5d37fad,LV Hair Extensions Salon,hair_salon,1013 Cedar St,http://www.lvhairextensions.com/,1.0,14,2,1,1,0,1,hair_salon,2,1,1,1,1,0,0,1,1,,0,1,2,1.0,0,,200.0,0.0,0.0,0.0,0.0,3,0,0,0,1,0,1,0.0,0.0018591081,Open
fb6f52b0-d982-4f9e-8a4b-15e3e21041d3,Bunny's Shoes,shoe_store,1350 Pacific Ave,https://bunnysshoes.net/,0.0,14,2,1,1,0,1,shoe_store,1,1,1,1,1,0,0,1,1,,0,1,2,0.0,0,,406.0,1.0,0.0,0.0,0.0,3,0,0,0,1,0,1,1.0,0.0018550996,Open
c1ebd8be-7b58-42f9-b473-e5a9784f82aa,Cruzio Internet,internet_service_provider,877 Cedar St,http://cruzio.com/,1.0,14,2,1,1,0,1,internet_service_provider,2,1,1,1,1,0,0,1,1,,0,1,2,1.0,0,,200.0,0.0,0.0,0.0,0.0,3,0,0,0,1,0,1,0.0,0.0018459528,Open
8dac0b81-9b5b-44d6-a996-ba5bdb466dae,Adobe on Green Street Inn,bed_and_breakfast,103 Green St,http://www.adobeongreen.com,1.0,14,2,1,1,0,1,bed_and_breakfast,2,1,1,1,1,0,0,1,1,,0,1,2,1.0,0,,200.0,0.0,0.0,0.0,0.0,3,0,0,0,1,0,1,0.0,0.0018457025,Open
ff3f4ea6-78d3-4b21-9ce9-a61d407f5b93,Merge4,fashion,,http://merge4.com/,1.0,14,2,1,1,0,0,fashion,2,1,1,1,1,0,0,1,1,,0,0,2,1.0,0,,200.0,0.0,0.0,0.0,0.0,2,0,0,0,1,0,1,0.0,0.00184018,Open
8ac2a2d4-5c8c-45c5-88b9-c179c6d8ea15,Lookout Santa Cruz,media_news_website,725 Front St,https://lookout.co/santacruz/,1.0,14,2,1,0,0,1,media_news_website,0,1,1,0,0,0,0,1,1,,0,1,2,1.0,0,,200.0,0.0,0.0,0.0,0.0,2,0,0,0,1,0,1,0.0,0.0018108642,Open
b7db2781-0e7f-4447-b62c-3ab09e6028a7,Workbench,contractor,189 Walnut Ave,http://www.workbenchbuilt.com/,1.0,14,2,1,1,0,1,contractor,2,1,1,1,1,0,0,1,1,,0,1,2,1.0,0,,200.0,0.0,0.0,0.0,0.0,3,0,0,0,1,0,1,0.0,0.0017984684,Open
51078fe2-dd52-4ed3-8ce7-67526053f538,CB Builders Inc.,contractor,712 California St,http://www.cb-builders.com/,1.0,14,2,1,1,0,1,contractor,2,1,1,1,1,0,0,1,1,,0,1,2,1.0,0,,200.0,0.0,0.0,0.0,0.0,3,0,0,0,1,0,1,0.0,0.0017984684,Open
360a7e2b-938c-4964-b512-1cab52cfa75c,Beyond the Box,contractor,1001 Center St,https://www.btbkitchens.com/,1.0,14,2,1,1,0,1,contractor,2,1,1,1,1,0,0,1,1,,0,1,2,1.0,0,,200.0,0.0,0.0,0.0,0.0,3,0,0,0,1,0,1,0.0,0.0017984684,Open
cd577b0f-e508-43db-9b16-a7ce15ce6d71,Motion Pacific,dance_school,301 Center St,https://motionpacific.com/,1.0,14,2,1,1,0,1,dance_school,2,1,1,1,1,0,0,1,1,,0,1,2,1.0,0,,200.0,0.0,0.0,0.0,0.0,3,0,0,0,1,0,1,0.0,0.0017984684,Open
3af22320-b731-4437-9bdd-838c48ea508c,1010 Pacific,landmark_and_historical_building,1010 Pacific Ave,http://www.1010pacificapts.com/,1.0,14,2,1,1,0,1,landmark_and_historical_building,2,1,1,1,1,0,0,1,1,,0,1,2,1.0,1,15.334717306928777,200.0,0.0,0.0,0.0,0.0,3,0,0,0,1,0,1,0.0,0.0017867337,Open
8b84d8fd-2677-4ee7-b233-b0b854bf00bd,Comcourse,education,1101 Pacific Ave,http://www.comcourse.com/,1.0,14,2,1,1,0,1,education,2,1,1,1,1,0,0,1,1,,0,1,2,1.0,0,,200.0,0.0,0.0,0.0,0.0,3,0,0,0,1,0,1,0.0,0.0017788344,Open
de4c6fb3-7fad-48a2-9f07-904cdd6b1ac0,Santa Cruz Art Center,art_gallery,1001 Center St,http://santacruzartcenter.com/,1.0,14,2,1,1,0,1,art_gallery,2,1,1,1,1,0,0,1,1,,0,1,2,1.0,0,,200.0,0.0,0.0,0.0,0.0,3,0,0,0,1,0,1,0.0,0.0017788344,Open
5157b8d4-9cb1-4ffa-bf63-0e6b038154a5,Felix Kulpa Gallery,art_gallery,107 Elm St,http://www.felixkulpa.com/,1.0,14,2,1,1,0,1,art_gallery,2,1,1,1,1,0,0,1,1,,0,1,2,1.0,0,,200.0,0.0,0.0,0.0,0.0,3,0,0,0,1,0,1,0.0,0.0017788344,Open
a3a4a408-8ad9-4e25-9a0e-ca1c03a96ae8,Erica Pittman Realtor,appraisal_services,101 Cooper St,http://www.BeachHomesSantaCruz.com/,1.0,14,2,1,1,0,1,appraisal_services,2,1,1,1,1,0,0,1,1,,0,1,2,1.0,0,,200.0,0.0,0.0,0.0,0.0,3,0,0,0,1,0,1,0.0,0.0017788344,Open
9194c968-96ba-4b5c-9b40-59d76985ef1e,Social Security Administration,public_and_government_association,169 Walnut Ave,http://www.socialsecurity.gov/,1.0,14,2,1,1,0,1,public_and_government_association,2,1,1,1,1,0,0,1,1,,0,1,2,1.0,0,,403.0,0.0,0.0,0.0,0.0,3,0,0,0,1,0,1,0.0,0.0017765192,Open
aa06fc39-48d1-4a09-8bd1-50bf43aafe8f,City of Santa Cruz Economic Development Office,public_and_government_association,337 Locust St,http://www.cityofsantacruz.com,1.0,14,2,1,1,0,1,public_and_government_association,2,1,1,1,1,0,0,1,1,,0,1,2,1.0,0,,403.0,0.0,0.0,0.0,0.0,3,0,0,0,1,0,1,0.0,0.0017765192,Open
1e85de8e-bd45-4669-9d80-3372a632257a,Green Smoke Shop,e_cigarette_store,411 Cedar St,http://www.yelp.com/biz/green-vapors-santa-cruz,1.0,14,2,1,1,0,1,e_cigarette_store,2,1,1,1,1,0,0,1,1,,0,1,2,1.0,0,,403.0,0.0,0.0,0.0,0.0,3,0,0,0,1,0,1,0.0,0.0017765192,Open
5cc3a947-a511-4d5f-8186-f9a23011f825,Santa Cruz City Hall,town_hall,809 Center St,http://www.cityofsantacruz.com,1.0,14,2,1,1,0,1,town_hall,2,1,1,1,1,0,0,1,1,,0,1,2,1.0,0,,403.0,0.0,0.0,0.0,0.0,3,0,0,0,1,0,1,0.0,0.0017765192,Open
70e10eff-54c6-4c50-867a-84f531cd8c33,Santa Cruz Civic Auditorium,auditorium,307 Church St,http://www.santacruzcivic.com/,1.0,14,2,1,1,0,1,auditorium,2,1,1,1,1,0,0,1,1,,0,1,2,1.0,0,,403.0,0.0,0.0,0.0,0.0,3,0,0,0,1,0,1,0.0,0.0017765192,Open
783f1654-2a30-45ba-aeef-0df10a50106a,City of Santa Cruz Public Works,central_government_office,809 Center St,http://www.cityofsantacruz.com/publicworks,1.0,14,2,1,1,0,1,central_government_office,2,1,1,1,1,0,0,1,1,,0,1,2,1.0,0,,403.0,0.0,0.0,0.0,0.0,3,0,0,0,1,0,1,0.0,0.0017765192,Open
e14f2bcd-6682-4785-b8c2-a03a51c59c05,Ancient Forest,skate_park,Pacific Ave,http://www.etsy.com/shop/AncientForest,1.0,14,2,1,1,0,1,skate_park,2,1,1,1,1,0,0,1,1,,0,1,2,1.0,0,,403.0,0.0,0.0,0.0,0.0,3,0,0,0,1,0,1,0.0,0.0017765192,Open
10c490c6-4d0a-436b-997f-c3de72363ade,Santa Cruz Planning & Zoning,public_and_government_association,809 Center St,http://www.cityofsantacruz.com,1.0,14,2,1,1,0,1,public_and_government_association,2,1,1,1,1,0,0,1,1,,0,1,2,1.0,0,,403.0,0.0,0.0,0.0,0.0,3,0,0,0,1,0,1,0.0,0.0017765192,Open
35cd7b00-164d-4f30-ac12-6c77f18f9261,Santa Cruz Teen Center | Santa Cruz CA,central_government_office,301 Center St,https://www.cityofsantacruz.com/government/city-departments/parks-recreation/teen-center-and-programs/teen-center-panoramas-copy,1.0,14,2,1,1,0,1,central_government_office,2,1,1,1,1,0,0,1,1,,0,1,2,1.0,0,,403.0,0.0,0.0,0.0,0.0,3,0,0,0,1,0,1,0.0,0.0017765192,Open
65ec5b9d-6fe4-421c-a4b6-2706d39b71e4,Babbling Brook Inn,inn,1025 Laurel St,http://www.babblingbrookinn.com,1.0,14,2,1,1,0,1,inn,2,1,1,1,1,0,0,1,1,,0,1,2,1.0,0,,403.0,0.0,0.0,0.0,0.0,3,0,0,0,1,0,1,0.0,0.0017765192,Open
3fb8ada4-2298-4ff9-9f41-7a98bafc4642,Veg On The Edge,vegetarian_restaurant,725 Front St,http://www.vegontheedge.com/,1.0,14,2,1,1,0,1,vegetarian_restaurant,2,1,1,1,1,0,0,1,1,,0,1,2,1.0,0,,403.0,0.0,0.0,0.0,0.0,3,0,0,0,1,0,1,0.0,0.0017765192,Open
495a0691-1942-4cd5-8570-5b969c658f3c,Wildflower Landscape Design,landscaping,101 Cooper St,http://www.wildflowerlandscape.com/,1.0,14,2,1,1,0,1,landscaping,2,1,1,1,1,0,0,1,1,,0,1,2,1.0,0,,403.0,0.0,0.0,0.0,0.0,3,0,0,0,1,0,1,0.0,0.0017765192,Open
4757d179-7037-49de-9317-6bc1573f5a96,Santa Cruz Police Auditor,public_and_government_association,915 Cedar St,https://www.cityofsantacruz.com,1.0,14,2,1,1,0,1,public_and_government_association,2,1,1,1,1,0,0,1,1,,0,1,2,1.0,0,,403.0,0.0,0.0,0.0,0.0,3,0,0,0,1,0,1,0.0,0.0017765192,Open
2579dea9-ff0e-4619-adab-511439f70bd5,Embraced IDEA,professional_services,101 Cooper St,http://www.embracedidea.com/,0.0,14,2,1,1,0,1,professional_services,2,1,1,1,1,0,0,1,1,,0,1,2,0.0,0,,404.0,1.0,0.0,0.0,0.0,3,0,0,0,1,0,1,1.0,0.0017544314,Open
6da9041c-33e8-416b-bf2b-9c4bbb52e093,Santa Cruz High School Tennis Courts,tennis_court,,,,14,2,0,0,0,0,tennis_court,0,0,0,0,0,0,0,1,1,,0,0,2,,0,,,,,0.0,0.0,0,0,0,0,1,0,1,0.0,0.0017529958,Open
dd9f2f23-da46-4505-9c28-740ef5af21e3,Art-O-Rama,fashion,,https://artoramashop.com/,1.0,14,2,1,0,0,0,fashion,1,1,1,0,0,0,0,1,1,,0,0,2,1.0,0,,200.0,0.0,0.0,0.0,0.0,1,0,0,0,1,0,1,0.0,0.001750211,Open
36f68f11-597f-4032-a3ee-1393b2123c55,Romero Institute,charity_organization,740 Front St,http://www.romeroinstitute.org,1.0,14,2,1,1,0,1,charity_organization,2,1,1,1,1,0,0,1,1,,0,1,2,1.0,0,,200.0,0.0,0.0,0.0,0.0,3,0,0,0,1,0,1,0.0,0.0017404808,Open
a7e064db-7128-4c6a-8fe9-f79eaf2faca4,Bay Spa,massage_therapy,918 Center St,http://www.bayspasantacruz.com/,1.0,14,2,1,1,0,1,massage_therapy,2,1,1,1,1,0,0,1,1,,0,1,2,1.0,0,,200.0,0.0,0.0,0.0,0.0,3,0,0,0,1,0,1,0.0,0.0017331485,Open
99a6af90-bbf8-4c94-9b8d-5ef21dc68a48,Lanakila Iesu,massage_therapy,108 Locust St,http://www.cruzmassage.com,1.0,14,2,1,1,0,1,massage_therapy,2,1,1,1,1,0,0,1,1,,0,1,2,1.0,0,,200.0,0.0,0.0,0.0,0.0,3,0,0,0,1,0,1,0.0,0.0017331485,Open
af5eb6de-35ad-4ccb-8fb0-9dca45c6b197,Santa Cruz Police Department,police_department,155 Center St,http://www.santacruzpolice.com/,1.0,14,2,1,1,0,1,police_department,2,1,1,1,1,0,0,1,1,,0,1,2,1.0,0,,403.0,0.0,0.0,0.0,0.0,3,0,0,0,1,0,1,0.0,0.0017328538,Open
eb3af404-5fba-4e6d-9920-cc094818ac04,Equinox,health_and_medical,113 Cooper St,https://www.equinox.com/,1.0,14,2,1,1,0,1,health_and_medical,2,1,1,1,1,0,0,1,1,,0,1,2,1.0,0,,200.0,0.0,0.0,0.0,0.0,3,0,0,0,1,0,1,0.0,0.0017269036,Open
6c261310-ad7e-4185-ba04-3f4a7e4cfd2e,Five Gables Family Dentistry,dentist,500 Mission St,http://www.mysantacruzdentist.com/,1.0,14,2,1,1,0,1,dentist,2,1,1,1,1,0,0,1,1,,0,1,2,1.0,0,,403.0,0.0,0.0,0.0,0.0,3,0,0,0,1,0,1,0.0,0.0017191955,Open
f4d06b18-562f-48d3-8322-027c57a95ffd,Heit Family Dentistry DDS,dentist,903 Cedar St,http://www.yelp.com/biz/santa-cruz-dentist-santa-cruz-4,1.0,14,2,1,1,0,1,dentist,2,1,1,1,1,0,0,1,1,,0,1,2,1.0,0,,403.0,0.0,0.0,0.0,0.0,3,0,0,0,1,0,1,0.0,0.0017191955,Open
17d52629-4e42-44dc-a428-9904116fbdc3,Peter Binnings: Therapist Specializing in Anxiety,counseling_and_mental_health,500 Chestnut St,http://www.peterbinnings.com/,0.0,14,2,1,1,0,1,counseling_and_mental_health,0,1,1,1,1,0,0,1,1,,0,1,2,0.0,0,,406.0,1.0,0.0,0.0,0.0,3,0,0,0,1,0,1,1.0,0.001694604,Open
bdbb8cad-1209-4793-aec5-5043e56416e2,PMBC Church,church_cathedral,,http://www.pmbcChurch.org/,1.0,14,2,1,1,0,0,church_cathedral,1,1,1,1,1,0,0,1,1,,0,0,2,1.0,0,,200.0,0.0,0.0,0.0,0.0,2,0,0,0,1,0,1,0.0,0.0016868936,Open
96650470-bac4-44d1-8cf9-f2bd1c8ed7d7,Westside Animal Hospital,veterinarian,411 Laurel St,https://santacruzwestsideanimalhospital.securevetsource.com/site/view/site/view/HomeDelivery.pml?retUrl=scwah.com&cmsTitle=Santa+Cruz+Westside+Animal+Hospital,1.0,14,2,1,1,0,1,veterinarian,2,1,1,1,1,0,0,1,1,,0,1,2,1.0,0,,200.0,0.0,0.0,0.0,0.0,3,0,0,0,1,0,1,0.0,0.00167407,Open
ec1b42b8-130f-488c-8e2f-aadcd8674f92,The Key Addiction Treatment Center,abuse_and_addiction_treatment,725 Front St,http://www.thekeyiop.com/,1.0,14,2,1,1,0,1,abuse_and_addiction_treatment,2,1,1,1,1,0,0,1,1,,0,1,2,1.0,0,,200.0,0.0,0.0,0.0,0.0,3,0,0,0,1,0,1,0.0,0.0016288403,Open
5e1879da-efae-44f5-8fa5-a39fd2b4aebc,Santa Cruz Ayurveda,naturopathic_holistic,833 Cedar St,http://www.santacruzayurveda.com/,1.0,14,2,1,1,0,1,naturopathic_holistic,2,1,1,1,1,0,0,1,1,,0,1,2,1.0,0,,200.0,0.0,0.0,0.0,0.0,3,0,0,0,1,0,1,0.0,0.0016288403,Open
11be52b4-a82c-49c5-806e-c1da15c9aaf9,Tea House Spa,massage,112 Elm St,http://teahousespa.com/,1.0,14,2,1,1,0,1,massage,2,1,1,1,1,0,0,1,1,,0,1,2,1.0,0,,200.0,0.0,0.0,0.0,0.0,3,0,0,0,1,0,1,0.0,0.0016288403,Open
0f0e70dc-df6f-40ed-87a0-3ca452eba474,Evolve Wellness Studio,naturopathic_holistic,120 Pearl Aly,http://www.evolvewellnessstudio.com/,1.0,14,2,1,1,0,1,naturopathic_holistic,2,1,1,1,1,0,0,1,1,,0,1,2,1.0,0,,200.0,0.0,0.0,0.0,0.0,3,0,0,0,1,0,1,0.0,0.0016288403,Open
09d7d87c-7569-4938-9f82-98902ad99424,"Katrin Tobin, Realtor, Coldwell Banker-CA Re#01356724",real_estate,824 Mission St,http://www.KatrinTobin.com/,1.0,14,2,1,1,0,1,real_estate,2,1,1,1,1,0,0,1,1,,0,1,2,1.0,0,,200.0,0.0,0.0,0.0,0.0,3,0,0,0,1,0,1,0.0,0.0016288403,Open
62a305c4-3051-4ab8-bbc3-71e1540bafb2,Date With Intention,psychotherapist,730 Mission St,http://www.datewithintention.net/,1.0,14,2,1,1,0,1,psychotherapist,2,1,1,1,1,0,0,1,1,,0,1,2,1.0,0,,200.0,0.0,0.0,0.0,0.0,3,0,0,0,1,0,1,0.0,0.0016288403,Open
510ea1bb-9690-452d-a3fc-14fc43340fd7,Terra Nova Ecological Landscaping,landscaping,815 Almar Ave,http://www.terranovalandscaping.com/,1.0,14,2,1,1,0,1,landscaping,2,1,1,1,1,0,0,1,1,,0,1,2,1.0,0,,200.0,0.0,0.0,0.0,0.0,3,0,0,0,1,0,1,0.0,0.0016288403,Open
377d010a-8ee3-442f-973c-37a983ea0818,Pacific Wave Surf Shop,surf_shop,1502 Pacific Ave,http://www.pacwave.com/,1.0,14,2,1,1,0,1,surf_shop,2,1,1,1,1,0,0,1,1,,0,1,2,1.0,0,,200.0,0.0,0.0,0.0,0.0,3,0,0,0,1,0,1,0.0,0.0016288403,Open
4ae2429b-e6ed-4bbd-881e-a4a8a94df066,Learning in Motion,educational_services,113 Cooper St,http://www.learninginmotion.com/,1.0,14,2,1,1,0,1,educational_services,2,1,1,1,1,0,0,1,1,,0,1,2,1.0,0,,200.0,0.0,0.0,0.0,0.0,3,0,0,0,1,0,1,0.0,0.0016288403,Open
d8d77bbb-7647-4061-bd31-e21cca70ba56,Surf City Barber Shop,barber,831 Front St,http://surfcitybarbershop1.placeweb.site,1.0,14,2,1,1,0,1,barber,2,1,1,1,1,0,0,1,1,,0,1,2,1.0,0,,200.0,0.0,0.0,0.0,0.0,3,0,0,0,1,0,1,0.0,0.0016288403,Open
ed1cadce-f189-4dcf-9f67-2f2a292a6b47,Crossroads Trading,used_vintage_and_consignment,811 Pacific Ave,http://www.crossroadstrading.com,1.0,14,2,1,1,0,1,used_vintage_and_consignment,2,1,1,1,1,0,0,1,1,,0,1,2,1.0,0,,200.0,0.0,0.0,0.0,0.0,3,0,0,0,1,0,1,0.0,0.0016288403,Open
7c31b017-4308-49d3-b7eb-14a803661c60,Zoccoli's Delicatessen,delicatessen,1534 Pacific Ave,http://www.zoccolis.com/,1.0,14,2,1,1,0,1,delicatessen,2,1,1,1,1,0,0,1,1,,0,1,2,1.0,0,,200.0,0.0,0.0,0.0,0.0,3,0,0,0,1,0,1,0.0,0.0016288403,Open
3b74301c-cd12-4e8b-89db-b0c3bd97c602,Abbott Square Market,public_plaza,725 Front St,http://www.abbottsquaremarket.com/,1.0,14,2,1,1,0,1,public_plaza,2,1,1,1,1,0,0,1,1,,0,1,2,1.0,0,,200.0,0.0,0.0,0.0,0.0,3,0,0,0,1,0,1,0.0,0.0016288403,Open
3b0300a3-43ef-4807-890a-b593e7f72d72,Surf City Billiards Bar and Cafe,pool_billiards,931 Pacific Ave,https://www.surfcitybilliards.com/,1.0,14,2,1,1,0,1,pool_billiards,2,1,1,1,1,0,0,1,1,,0,1,2,1.0,0,,200.0,0.0,0.0,0.0,0.0,3,0,0,0,1,0,1,0.0,0.0016288403,Open
5a632982-b3d9-47f1-99ce-941ea12bcac6,The Starving Musician,musical_instrument_store,1003 Pacific Ave,https://www.starvingmusician.com/cart3/index.php,1.0,14,2,1,1,0,1,musical_instrument_store,2,1,1,1,1,0,0,1,1,,0,1,2,1.0,0,,200.0,0.0,0.0,0.0,0.0,3,0,0,0,1,0,1,0.0,0.0016288403,Open
3bcf8bfb-5a2d-40b4-8605-b862413db283,Full Moon Birth and Family Wellness Center,maternity_centers,701 Mission St,http://www.fullmoonbirthing.com/,1.0,14,2,1,1,0,1,maternity_centers,2,1,1,1,1,0,0,1,1,,0,1,2,1.0,0,,200.0,0.0,0.0,0.0,0.0,3,0,0,0,1,0,1,0.0,0.0016288403,Open
63abc529-9ea5-4a94-b455-d379017d9d1e,Hula's Island Grill,bar_and_grill_restaurant,221 Cathcart St,http://www.hulastiki.com,1.0,14,2,1,1,0,1,bar_and_grill_restaurant,2,1,1,1,1,0,0,1,1,,0,1,2,1.0,0,,200.0,0.0,0.0,0.0,0.0,3,0,0,0,1,0,1,0.0,0.0016288403,Open
9abca8a5-9d96-4194-b8dd-644811fa5ad7,Azores.com Travel & Tours,travel_services,500 Cathedral Dr,https://azores.com/,1.0,14,2,1,1,0,1,travel_services,2,1,1,1,1,0,0,1,1,,0,1,2,1.0,0,,200.0,0.0,0.0,0.0,0.0,3,0,0,0,1,0,1,0.0,0.0016288403,Open
716d211b-4572-48cc-bad7-54227c847568,Hat Co of Santa Cruz,hat_shop,1346 Pacific Ave,http://www.hatcompanysantacruz.com/,1.0,14,2,1,1,0,1,hat_shop,2,1,1,1,1,0,0,1,1,,0,1,2,1.0,0,,200.0,0.0,0.0,0.0,0.0,3,0,0,0,1,0,1,0.0,0.0016288403,Open
73154118-5b72-4d6f-9198-b942976e2104,Sit Walk and Wag,dog_walkers,455 Locust St,https://www.sitwalkwag.com/,1.0,14,2,1,1,0,1,dog_walkers,2,1,1,1,1,0,0,1,1,,0,1,2,1.0,0,,200.0,0.0,0.0,0.0,0.0,3,0,0,0,1,0,1,0.0,0.0016288403,Open
e2666e79-0d1d-4a9f-a629-a015ff141d90,Get Faded Barbershop,barber,907 Cedar St,https://getfadedsc.com/,1.0,14,2,1,1,0,1,barber,2,1,1,1,1,0,0,1,1,,0,1,2,1.0,0,,200.0,0.0,0.0,0.0,0.0,3,0,0,0,1,0,1,0.0,0.0016288403,Open
7af8e173-ac00-41d2-ad41-407abff2bd00,Santa Cruz Todo Kai,sports_and_fitness_instruction,738 Chestnut St,http://www.centralcoastsamuraidojo.com/,1.0,14,2,1,1,0,1,sports_and_fitness_instruction,2,1,1,1,1,0,0,1,1,,0,1,2,1.0,0,,200.0,0.0,0.0,0.0,0.0,3,0,0,0,1,0,1,0.0,0.0016288403,Open
7587d321-ddb5-4bf6-b7c4-05b085c2c00a,Progressive Missionary Baptist Church,baptist_church,517 Center St,http://www.progressivemissionary.com,1.0,14,2,1,1,0,1,baptist_church,2,1,1,1,1,0,0,1,1,,0,1,2,1.0,0,,200.0,0.0,0.0,0.0,0.0,3,0,0,0,1,0,1,0.0,0.0016288403,Open
2d21a0bc-a010-4a8a-a9f2-3d24645de6e6,Matthew Falconer - Branch Manager / Loan Officer,mortgage_broker,101 Cooper St,http://crosscountrymortgage.com/Matthew-Falconer/,1.0,14,2,1,1,0,1,mortgage_broker,2,1,1,1,1,0,0,1,1,,0,1,2,1.0,0,,200.0,0.0,0.0,0.0,0.0,3,0,0,0,1,0,1,0.0,0.0016288403,Open
7bc8fd2d-bb3d-43c5-b2d6-5b50b17f11d6,OurEnergy,energy_company,101 Cooper St,https://www.ourenergyco.com/,1.0,14,2,1,1,0,1,energy_company,2,1,1,1,1,0,0,1,1,,0,1,2,1.0,0,,200.0,0.0,0.0,0.0,0.0,3,0,0,0,1,0,1,0.0,0.0016288403,Open
35f15b69-9f5e-4633-b7fa-1aec4d7fb0da,Santa Cruz Record,print_media,877 Cedar St,http://www.santacruzrecord.com/,1.0,14,2,1,1,0,1,print_media,2,1,1,1,1,0,0,1,1,,0,1,2,1.0,0,,200.0,0.0,0.0,0.0,0.0,3,0,0,0,1,0,1,0.0,0.0016288403,Open
145d8220-9419-4ab9-a80d-8ec18a23819a,Walnut Avenue Family & Women's Center,social_service_organizations,303 Walnut Ave,http://www.wafwc.org/,1.0,14,2,1,1,0,1,social_service_organizations,2,1,1,1,1,0,0,1,1,,0,1,2,1.0,0,,200.0,0.0,0.0,0.0,0.0,3,0,0,0,1,0,1,0.0,0.0016288403,Open
3e46a63a-fabb-4b20-846e-4d0aa32812f9,Santa Cruz Food Tour,food_tours,529 Chestnut St,http://www.santacruzfoodtour.com,1.0,14,2,1,1,0,1,food_tours,2,1,1,1,1,0,0,1,1,,0,1,2,1.0,0,,200.0,0.0,0.0,0.0,0.0,3,0,0,0,1,0,1,0.0,0.0016288403,Open
f27f229d-4934-48a8-83bf-3f4009dab517,Jodi Skin Wax,waxing,1315 Pacific Ave,http://www.jodiskin.com/,1.0,14,2,1,1,0,1,waxing,2,1,1,1,1,0,0,1,1,,0,1,2,1.0,0,,200.0,0.0,0.0,0.0,0.0,3,0,0,0,1,0,1,0.0,0.0016288403,Open
49d22d94-603d-44e5-8898-c89028c592b9,Defib This,first_aid_class,1543 Pacific Ave,http://www.defibthis.com,1.0,14,2,1,1,0,1,first_aid_class,2,1,1,1,1,0,0,1,1,,0,1,2,1.0,0,,200.0,0.0,0.0,0.0,0.0,3,0,0,0,1,0,1,0.0,0.0016288403,Open
8fe7d6bb-b210-4d5c-a171-22a514e2915e,City of Santa Cruz Parks and Recreation,public_and_government_association,323 Church St,https://www.facebook.com/santacruzwharf/,1.0,14,2,1,1,0,1,public_and_government_association,2,1,1,1,1,0,0,1,1,,0,1,2,1.0,0,,200.0,0.0,0.0,0.0,0.0,3,0,0,0,1,0,1,0.0,0.0016288403,Open
054fe310-83bb-4eb2-a32f-d2f7ddc3adde,Daniel Matthew Silvernail Architect,architectural_designer,501 Mission St,http://www.silvernailarch.com/,1.0,14,2,1,1,0,1,architectural_designer,2,1,1,1,1,0,0,1,1,,0,1,2,1.0,0,,200.0,0.0,0.0,0.0,0.0,3,0,0,0,1,0,1,0.0,0.0016288403,Open
d6ebb356-072e-4d64-96f9-7967cda7eaa6,The Corman Law Offices,wills_trusts_and_probate,740 Front St,https://www.cormanlaw.net/,1.0,14,2,1,1,0,1,wills_trusts_and_probate,2,1,1,1,1,0,0,1,1,,0,1,2,1.0,0,,200.0,0.0,0.0,0.0,0.0,3,0,0,0,1,0,1,0.0,0.0016288403,Open
22505c98-38d9-4369-a9b0-e6ae68e8786a,Cruz511 Traveler Information,travel,1101 Pacific Ave,https://cruz511.org/,1.0,14,2,1,1,0,1,travel,2,1,1,1,1,0,0,1,1,,0,1,2,1.0,0,,200.0,0.0,0.0,0.0,0.0,3,0,0,0,1,0,1,0.0,0.0016288403,Open
28d56b1e-aaed-44f8-97b4-75f747163597,Insight Santa Cruz,meditation_center,740 Front St,http://www.insightsantacruz.org/,1.0,14,2,1,1,0,1,meditation_center,2,1,1,1,1,0,0,1,1,,0,1,2,1.0,0,,200.0,0.0,0.0,0.0,0.0,3,0,0,0,1,0,1,0.0,0.0016288403,Open
3a420167-2a86-447f-8d65-b811fe933ed2,Wisdom Healing Tarot,psychic,1125 Pacific Ave,http://www.marcia-hughes.com/,1.0,14,2,1,1,0,1,psychic,2,1,1,1,1,0,0,1,1,,0,1,2,1.0,0,,200.0,0.0,0.0,0.0,0.0,3,0,0,0,1,0,1,0.0,0.0016288403,Open
a9aade32-2c9d-4838-88d1-e2366946b793,Community Life Services,social_service_organizations,740 Front St,http://communitylifeservices.org/,1.0,14,2,1,1,0,1,social_service_organizations,2,1,1,1,1,0,0,1,1,,0,1,2,1.0,0,,200.0,0.0,0.0,0.0,0.0,3,0,0,0,1,0,1,0.0,0.0016288403,Open
daa32472-b5dc-4a89-829d-c00eb1e46bde,Wisdom Center of Santa Cruz,meditation_center,740 Front St,http://wisdomcentersc.org/,1.0,14,2,1,1,0,1,meditation_center,2,1,1,1,1,0,0,1,1,,0,1,2,1.0,0,,200.0,0.0,0.0,0.0,0.0,3,0,0,0,1,0,1,0.0,0.0016288403,Open
ff8bc2b9-6c3c-4524-87c6-1a17343154c3,Eliot Nemzer,naturopathic_holistic,406 Mission St,http://www.EliotNemzer.com/,1.0,14,2,1,1,0,1,naturopathic_holistic,2,1,1,1,1,0,0,1,1,,0,1,2,1.0,0,,200.0,0.0,0.0,0.0,0.0,3,0,0,0,1,0,1,0.0,0.0016288403,Open
8cba097f-d25d-4fef-8e5f-7b0c137cf6e7,Long Meadow Holistic,massage,406 Mission St,http://www.long-meadow.com/,1.0,14,2,1,1,0,1,massage,2,1,1,1,1,0,0,1,1,,0,1,2,1.0,0,,200.0,0.0,0.0,0.0,0.0,3,0,0,0,1,0,1,0.0,0.0016288403,Open
1908c204-26b1-435c-9d5a-4dde0feebf78,Melissa Hansen Real Estate,real_estate,720 Front St,http://melissahansenrealestate.com/,1.0,14,2,1,1,0,1,real_estate,2,1,1,1,1,0,0,1,1,,0,1,2,1.0,0,,200.0,0.0,0.0,0.0,0.0,3,0,0,0,1,0,1,0.0,0.0016288403,Open
47d9cc7b-d0aa-429a-80c6-a3982c88bcfd,Natural Bridges Therapy,psychotherapist,520 Mission St,http://www.naturalbridgestherapy.com/,1.0,14,2,1,1,0,1,psychotherapist,2,1,1,1,1,0,0,1,1,,0,1,2,1.0,0,,200.0,0.0,0.0,0.0,0.0,3,0,0,0,1,0,1,0.0,0.0016288403,Open
84c97c21-5b11-441b-a14c-a369ba4170c6,SEIU Local,labor_union,517 Mission St b,www.seiu.org,1.0,14,2,1,1,0,1,labor_union,2,1,1,1,1,0,0,1,1,,0,1,2,1.0,0,,200.0,0.0,0.0,0.0,0.0,3,0,0,0,1,0,1,0.0,0.0016288403,Open
f0e9f05c-54e6-42d8-91a6-5b5d1a28eb58,Angela Rose,psychotherapist,517 Mission St,http://www.anjirose.com/,1.0,14,2,1,1,0,1,psychotherapist,2,1,1,1,1,0,0,1,1,,0,1,2,1.0,0,,200.0,0.0,0.0,0.0,0.0,3,0,0,0,1,0,1,0.0,0.0016288403,Open
b2bef140-3f6a-4404-bf8e-33371f8db25e,Peggy's Thai Massage,massage,501 Mission St,http://www.peggysthaimassage.com,1.0,14,2,1,1,0,1,massage,2,1,1,1,1,0,0,1,1,,0,1,2,1.0,0,,200.0,0.0,0.0,0.0,0.0,3,0,0,0,1,0,1,0.0,0.0016288403,Open
03fdefa2-df63-4863-84ca-025d4d105e5c,"Shawna Ristic, BCTMB, MA, CIMI, CMT",naturopathic_holistic,501 Mission St,https://shawnaristic.com/,1.0,14,2,1,1,0,1,naturopathic_holistic,2,1,1,1,1,0,0,1,1,,0,1,2,1.0,0,,200.0,0.0,0.0,0.0,0.0,3,0,0,0,1,0,1,0.0,0.0016288403,Open
0f35b5e2-23fd-4134-8535-61722ff10d71,Dr. Liz Esalen,psychotherapist,603 Mission St,http://www.doctoresalen.com/,1.0,14,2,1,1,0,1,psychotherapist,2,1,1,1,1,0,0,1,1,,0,1,2,1.0,0,,200.0,0.0,0.0,0.0,0.0,3,0,0,0,1,0,1,0.0,0.0016288403,Open
6da757df-b587-4abd-af73-89753adb81ff,Santa Cruz SEO,internet_marketing_service,1200 Pacific Ave,http://santacruzseo.co,1.0,14,2,1,1,0,1,internet_marketing_service,2,1,1,1,1,0,0,1,1,,0,1,2,1.0,0,,200.0,0.0,0.0,0.0,0.0,3,0,0,0,1,0,1,0.0,0.0016288403,Open
5973e225-f636-443d-863a-98581616d9d9,Holden QiGong Center,naturopathic_holistic,1119 Pacific Ave,https://www.holdenqigong.com/,1.0,14,2,1,1,0,1,naturopathic_holistic,2,1,1,1,1,0,0,1,1,,0,1,2,1.0,0,,200.0,0.0,0.0,0.0,0.0,3,0,0,0,1,0,1,0.0,0.0016288403,Open
0fa8c596-700f-4598-ab3a-5bde477485e5,Power2Sustain,educational_services,312 Locust St,http://www.power2sustain.org/,1.0,14,2,1,1,0,1,educational_services,2,1,1,1,1,0,0,1,1,,0,1,2,1.0,0,,200.0,0.0,0.0,0.0,0.0,3,0,0,0,1,0,1,0.0,0.0016288403,Open
c63c11aa-fc51-49c8-a8e4-89d7f92be6bc,Cypress Health Institute,massage_school,1119 Pacific Ave,http://www.cypresshealthinstitute.com/,1.0,14,2,1,1,0,1,massage_school,2,1,1,1,1,0,0,1,1,,0,1,2,1.0,0,,200.0,0.0,0.0,0.0,0.0,3,0,0,0,1,0,1,0.0,0.0016288403,Open
f95a9f24-93ad-4569-b262-bf5a4ab80e24,California Finest CBD,cannabis_clinic,1315 Pacific Ave,http://californiafinestcbddepot.com/,1.0,14,2,1,1,0,1,cannabis_clinic,2,1,1,1,1,0,0,1,1,,0,1,2,1.0,0,,200.0,0.0,0.0,0.0,0.0,3,0,0,0,1,0,1,0.0,0.0016288403,Open
f45ede64-3e64-47de-b28d-937410b684c1,Santa Cruz Naturopathic Medical Center,naturopathic_holistic,736 Chestnut St,http://www.scnmc.com/,1.0,14,2,1,1,0,1,naturopathic_holistic,2,1,1,1,1,0,0,1,1,,0,1,2,1.0,0,,200.0,0.0,0.0,0.0,0.0,3,0,0,0,1,0,1,0.0,0.0016288403,Open
529446cc-649d-44ce-bdd4-0c1e4bef489b,Sentinel Printers Inc,printing_services,1025 Center St,http://www.sentinelprinters.com/,1.0,14,2,1,1,0,1,printing_services,2,1,1,1,1,0,0,1,1,,0,1,2,1.0,0,,200.0,0.0,0.0,0.0,0.0,3,0,0,0,1,0,1,0.0,0.0016288403,Open
7b2813b3-4f75-437a-8a77-a066b83657e8,Best Thai Spa,massage,147 River St S,https://www.bestthaispa.com/,1.0,14,2,1,1,0,1,massage,2,1,1,1,1,0,0,1,1,,0,1,2,1.0,0,,200.0,0.0,0.0,0.0,0.0,3,0,0,0,1,0,1,0.0,0.0016288403,Open
e4edcf4f-f219-4e1f-99ed-854680ec1db6,Journeyworks Publishing,topic_publisher,763 Chestnut St,https://linktr.ee/journeyworks,1.0,14,2,1,1,0,1,topic_publisher,2,1,1,1,1,0,0,1,1,,0,1,2,1.0,0,,200.0,0.0,0.0,0.0,0.0,3,0,0,0,1,0,1,0.0,0.0016288403,Open
50b61eaa-be3f-4af8-8a36-2a24e1a160c7,Tsinta Mani Choling,meditation_center,740 Front St,https://lamalakshey.org/,0.0,14,2,1,1,0,1,meditation_center,0,1,1,1,1,0,0,1,1,,0,1,2,0.0,0,,404.0,1.0,0.0,0.0,0.0,3,0,0,0,1,0,1,1.0,0.0016282861,Open
6f8e8988-3a78-44a4-844d-0bff616b4382,831 Builders,construction_services,,http://831builders.com/,1.0,14,2,1,1,0,0,construction_services,1,1,1,1,1,0,0,1,1,,0,0,2,1.0,0,,405.0,0.0,0.0,0.0,0.0,2,0,0,0,1,0,1,0.0,0.0016192141,Open
ac21da45-ab26-4d29-bc96-7493c3c46b21,Santa Cruz Travel,travel_services,1519 Pacific Ave,http://www.santacruztravel.com,1.0,14,2,1,1,0,1,travel_services,0,1,1,1,1,0,0,1,1,,0,1,2,1.0,0,,200.0,0.0,0.0,0.0,0.0,3,0,0,0,1,0,1,0.0,0.00160757,Open
0d3f8975-d4f5-4476-b0c4-31412558f02d,Nanda on Pacific,landmark_and_historical_building,1547 Pacific Ave,https://www.nandaonpacific.com/,1.0,14,2,1,1,0,1,landmark_and_historical_building,0,1,1,1,1,0,0,1,1,,0,1,2,1.0,0,,200.0,0.0,0.0,0.0,0.0,3,0,0,0,1,0,1,0.0,0.00160757,Open
920c302e-717b-40ed-b4eb-a59e02b6bf17,World Harmony Chorus,choir,301 Center St,http://InstantHarmony.com/chorus.html,1.0,14,2,1,1,0,1,choir,0,1,1,1,1,0,0,1,1,,0,1,2,1.0,0,,200.0,0.0,0.0,0.0,0.0,3,0,0,0,1,0,1,0.0,0.00160757,Open
4e333950-90f0-4c74-bd4d-2387102536c3,Vital Fertility,fertility,406 Mission St,http://www.vital-fertility.com/,1.0,14,2,1,1,0,1,fertility,0,1,1,1,1,0,0,1,1,,0,1,2,1.0,0,,200.0,0.0,0.0,0.0,0.0,3,0,0,0,1,0,1,0.0,0.00160757,Open
364d514a-0c62-4e1e-b867-36533410bfa6,Studio About Her ,boutique,1001 Center St,http://www.studioabouther.com/,1.0,14,2,1,0,0,1,boutique,0,1,1,0,0,0,0,1,1,,0,1,2,1.0,0,,200.0,0.0,0.0,0.0,0.0,2,0,0,0,1,0,1,0.0,0.0015930845,Open
12ae31a1-4658-4eb4-857d-278c54a959d1,Feeling Good Wellness Center,counseling_and_mental_health,343 Church St,http://www.feelinggoodtherapy.com/,1.0,14,2,1,1,0,1,counseling_and_mental_health,1,1,1,1,1,0,0,1,1,,0,1,2,1.0,0,,200.0,0.0,0.0,0.0,0.0,3,0,0,0,1,0,1,0.0,0.0015926264,Open
3be273ef-2418-46d5-ac14-67dec02c71d9,Ride The Wave Recovery,counseling_and_mental_health,104 Walnut Ave,http://www.ridethewaverecovery.com/,1.0,14,2,1,1,0,1,counseling_and_mental_health,1,1,1,1,1,0,0,1,1,,0,1,2,1.0,0,,200.0,0.0,0.0,0.0,0.0,3,0,0,0,1,0,1,0.0,0.0015926264,Open
37eb5359-075e-4e96-8959-8fc5a3f2df0d,Jennifer Alexander MFT,counseling_and_mental_health,147 River St S,http://www.jalexandermft.com,1.0,14,2,1,1,0,1,counseling_and_mental_health,1,1,1,1,1,0,0,1,1,,0,1,2,1.0,0,,200.0,0.0,0.0,0.0,0.0,3,0,0,0,1,0,1,0.0,0.0015926264,Open
2310291f-2f86-4d77-b494-1787ff44f5d9,Productops,professional_services,110 Cooper St,http://www.productops.com/,1.0,14,2,1,1,0,1,professional_services,1,1,1,1,1,0,0,1,1,,0,1,2,1.0,0,,200.0,0.0,0.0,0.0,0.0,3,0,0,0,1,0,1,0.0,0.0015909403,Open
19c6f7af-4363-4e00-a46f-83ffc63bc8b4,Santa Cruz Live Scan,professional_services,841 Cedar St,http://www.santacruzlivescan.com,1.0,14,2,1,1,0,1,professional_services,1,1,1,1,1,0,0,1,1,,0,1,2,1.0,0,,200.0,0.0,0.0,0.0,0.0,3,0,0,0,1,0,1,0.0,0.0015909403,Open
a74d74ea-3752-4eaf-87f7-94bb127dcfab,Paul Schraub Photography,professional_services,320 Cedar St,http://www.paulschraubphoto.com/,1.0,14,2,1,1,0,1,professional_services,1,1,1,1,1,0,0,1,1,,0,1,2,1.0,0,,200.0,0.0,0.0,0.0,0.0,3,0,0,0,1,0,1,0.0,0.0015909403,Open
43116932-5d50-40b0-a9c0-2eeae09d36ab,Dream Home Images,professional_services,877 Cedar St,http://www.dreamhomeimages.com/,1.0,14,2,1,1,0,1,professional_services,1,1,1,1,1,0,0,1,1,,0,1,2,1.0,0,,200.0,0.0,0.0,0.0,0.0,3,0,0,0,1,0,1,0.0,0.0015909403,Open
ce0cf483-624a-47f2-b0b2-0b692bc44ad3,The AIP Group,professional_services,101 Cooper St,http://theaipgroup.com/,1.0,14,2,1,1,0,1,professional_services,1,1,1,1,1,0,0,1,1,,0,1,2,1.0,0,,200.0,0.0,0.0,0.0,0.0,3,0,0,0,1,0,1,0.0,0.0015909403,Open
c0704ad3-dc46-4f21-a3fb-745929a0d202,Ksaok Digital Asset Center,financial_service,101 Cooper St,http://ksaok.com/,1.0,14,2,1,0,0,1,financial_service,0,1,1,0,0,0,0,1,1,,0,1,2,1.0,0,,200.0,0.0,0.0,0.0,0.0,2,0,0,0,1,0,1,0.0,0.0015861343,Open
892f363a-94ba-4ddb-b449-5493e71944dc,Calvary Preschool,preschool,532 Center St,http://www.calvarypreschool.org/,1.0,14,2,1,1,0,1,preschool,2,1,1,1,1,0,0,1,1,,0,1,2,1.0,0,,200.0,0.0,0.0,0.0,0.0,3,0,0,0,1,0,1,0.0,0.0015640656,Open
418edfb0-4533-4335-982e-b6c4560ff337,ACR Academy,preschool,327 Church St,http://www.acracademy.com/,1.0,14,2,1,1,0,1,preschool,2,1,1,1,1,0,0,1,1,,0,1,2,1.0,0,,200.0,0.0,0.0,0.0,0.0,3,0,0,0,1,0,1,0.0,0.0015640656,Open
3e27602f-4564-437a-ac87-807e80582220,Perfect Glass Window Cleaning,windows_installation,101 Cooper St,http://www.windowcleaningsc.com,0.0,14,2,1,1,0,1,windows_installation,2,1,1,1,1,0,0,1,1,,0,1,2,0.0,0,,404.0,1.0,0.0,0.0,0.0,3,0,0,0,1,0,1,1.0,0.0015624171,Open
81ec15f9-d07a-4b80-a812-96763f917511,Lepore Associates,private_investigation,605 Center St,http://leporeassociates.com,0.0,14,2,1,1,0,1,private_investigation,2,1,1,1,1,0,0,1,1,,0,1,2,0.0,0,,404.0,1.0,0.0,0.0,0.0,3,0,0,0,1,0,1,1.0,0.0015624171,Open
a9500b0d-8685-4533-999f-5ecbc1e1c057,Santa Cruz Community Health Centers,medical_center,250 Locust St,,,14,2,0,1,0,1,medical_center,1,0,0,1,1,0,0,1,1,,0,1,2,,0,,,,,0.0,0.0,2,0,0,0,1,0,1,0.0,0.0015560878,Open
dcb5a0be-a504-4564-9df1-4cfdc930163d,University Town Center,college_university,1101 Pacific Ave,http://housing.ucsc.edu/utc/,1.0,14,2,1,1,0,1,college_university,2,1,1,1,1,0,0,1,1,,0,1,2,1.0,0,,200.0,0.0,0.0,0.0,0.0,3,0,0,0,1,0,1,0.0,0.0015547615,Open
cd633105-3d4c-44f0-855d-1a686a8b00a9,University California Santa Cruz,college_university,725 Front St,www.ucsc.edu,1.0,14,2,1,1,0,1,college_university,2,1,1,1,1,0,0,1,1,,0,1,2,1.0,0,,200.0,0.0,0.0,0.0,0.0,3,0,0,0,1,0,1,0.0,0.0015547615,Open
e82ec550-cd9d-4d68-8957-a7842f0f94e5,Open Studios Art Tour,amusement_park,1101 Pacific Ave,,,14,2,0,1,0,1,amusement_park,2,0,0,1,1,0,0,1,1,,0,1,2,,0,,,,,0.0,0.0,2,0,0,0,1,0,1,0.0,0.0015471067,Open
9093f3af-9021-4f43-8ac9-f71d890d10f2,A Taste of Santa Cruz,winery,705 Front St,http://www.atosc.com/,0.0,14,2,1,1,0,1,winery,2,1,1,1,1,0,0,1,1,,0,1,2,0.0,0,,406.0,1.0,0.0,0.0,0.0,3,0,0,0,1,0,1,1.0,0.0015424467,Open
99b8bba0-55c5-44e7-954a-2c890b190298,Santa Cruz High School,high_school,415 Walnut Ave,http://server1.santacruzhs.santacruz.k12.ca.us/schs/index.php,0.0,14,2,1,1,0,1,high_school,2,1,1,1,1,0,0,1,1,,0,1,2,0.0,0,,-2.0,0.0,1.0,0.0,0.0,3,0,0,0,1,0,1,1.0,0.001538213,Open
c34c42fc-d72e-4b84-9087-ea7879dd0656,Sin Sisters Burlesque & Drag,theatre,320 Cedar St,https://linktr.ee/SinSistersBurlesqueandDrag,1.0,14,2,1,0,0,1,theatre,1,1,1,0,0,0,0,1,1,,0,1,2,1.0,0,,200.0,0.0,0.0,0.0,0.0,2,0,0,0,1,0,1,0.0,0.0015361346,Open
21fd5ed2-7e48-486c-b272-290b77c556ee,Wynn Capital Management,financial_advising,101 Cooper St,https://twitter.com/wynncap,1.0,14,2,1,1,0,1,financial_advising,2,1,1,1,1,0,0,1,1,,0,1,2,1.0,0,,403.0,0.0,0.0,0.0,0.0,3,0,0,0,1,0,1,0.0,0.0015346345,Open
7961af9e-27f3-49af-b0ab-808fcd8d9239,Head Heart Hands Healing,massage,"406 Mission Street, Suite E Westside Healing Arts Center",http://www.headhearthandshealing.com/,0.0,14,2,1,1,0,1,massage,5,1,1,1,1,0,0,0,0,,0,1,2,0.0,0,,-1.0,0.0,1.0,0.0,0.0,3,0,0,1,1,0,0,0.0,0.0015314725,Open
8f7d71ea-4c20-4bad-bce0-8cd162e06b03,Alchemy Haus of Hair,beauty_salon,1021 Center St,http://alchemysantacruz.com/,1.0,14,2,1,1,0,1,beauty_salon,2,1,1,1,1,0,0,1,1,,0,1,2,1.0,0,,200.0,0.0,0.0,0.0,0.0,3,0,0,0,1,0,1,0.0,0.0015075024,Open
c99ae15a-c14b-4555-b5e4-2348e752d83a,The Moon Salon,beauty_salon,507 Cedar St,http://www.themoonsantacruz.com/,1.0,14,2,1,1,0,1,beauty_salon,2,1,1,1,1,0,0,1,1,,0,1,2,1.0,0,,200.0,0.0,0.0,0.0,0.0,3,0,0,0,1,0,1,0.0,0.0015075024,Open
7f03730a-d933-4041-b033-f3c1b47ffc8e,Six Animals Kung Fu,martial_arts_club,738 Chestnut St,http://www.sixanimalskungfu.com/,0.0,14,2,1,1,0,1,martial_arts_club,2,1,1,1,1,0,0,1,1,,0,1,2,0.0,0,,406.0,1.0,0.0,0.0,0.0,3,0,0,0,1,0,1,1.0,0.0015064325,Open
1e54cd37-1ba8-4921-b36a-1c0a48f203c7,Santa Cruz Wellness Center,health_and_medical,501 Mission St,http://www.santacruzwellnesscenter.org/,0.0,14,2,1,1,0,1,health_and_medical,2,1,1,1,1,0,0,1,1,,0,1,2,0.0,0,,404.0,1.0,0.0,0.0,0.0,3,0,0,0,1,0,1,1.0,0.0014990859,Open
1cbe56b5-f204-4941-a7a4-83bc5a93a1c1,Kinship Hair Co.,hair_salon,114 Pearl Aly,https://www.kinshiphairco.com/,1.0,14,2,1,1,0,1,hair_salon,1,1,1,1,1,0,0,1,1,,0,1,2,1.0,0,,200.0,0.0,0.0,0.0,0.0,3,0,0,0,1,0,1,0.0,0.0014983059,Open
d131f708-cff3-4584-a779-56bf1d85c452,Santa Cruz Fire Department Station 1,fire_department,711 Center St,http://www.cityofsantacruz.com/departments/fire-department,1.0,14,2,1,1,0,1,fire_department,2,1,1,1,1,0,0,1,1,,0,1,2,1.0,0,,403.0,0.0,0.0,0.0,0.0,3,0,0,0,1,0,1,0.0,0.0014919355,Open
3c67f9ff-1c2f-4364-8af9-a442f83e9078,Dell Williams Jewelers,jewelry_store,1320 Pacific Ave,http://www.dellwilliams.com/,1.0,14,2,1,1,0,1,jewelry_store,2,1,1,1,1,0,0,1,1,,0,1,2,1.0,1,13.910735123058233,200.0,0.0,0.0,0.0,0.0,3,0,0,0,1,0,1,0.0,0.0014811589,Open
7c8593d4-97f1-443c-a89b-2c395706b1c2,Glatfelter-Jones & Decker Architecture,professional_services,312 Lincoln St,,,14,2,0,1,0,1,professional_services,1,0,0,1,1,0,0,1,1,,0,1,2,,0,,,,,0.0,0.0,2,0,0,0,1,0,1,0.0,0.0014730183,Open
4989601b-7b52-4d7a-8088-143ceb265649,Edgewater Health Center,professional_services,portola dr,,,14,2,0,1,0,1,professional_services,1,0,0,1,1,0,0,1,1,,0,1,2,,0,,,,,0.0,0.0,2,0,0,0,1,0,1,0.0,0.0014730183,Open
bb8f6cf7-dadd-4c5d-9fdb-4c50af83a048,Lifestyle Culinary Arts,caterer,1001 Center St,http://www.lifestyleculinary.com/,0.0,14,2,1,1,0,1,caterer,2,1,1,1,1,0,0,1,1,,0,1,2,0.0,0,,406.0,1.0,0.0,0.0,0.0,3,0,0,0,1,0,1,1.0,0.0014679339,Open
959728fc-90ba-453b-aa07-6f6013b73d0a,Avila Dance Instruction,dance_school,1344 Pacific Ave,http://Ballroomsantacruz.com/,1.0,14,2,1,1,0,1,dance_school,1,1,1,1,1,0,0,1,1,,0,1,2,1.0,0,,200.0,0.0,0.0,0.0,0.0,3,0,0,0,1,0,1,0.0,0.0014494177,Open
6e36802c-72a9-430d-b222-7c63d51d9757,Palomar Ballroom Santa Cruz,dance_school,1344 Pacific Ave,http://www.palomarballroom.com/,1.0,14,2,1,1,0,1,dance_school,1,1,1,1,1,0,0,1,1,,0,1,2,1.0,0,,200.0,0.0,0.0,0.0,0.0,3,0,0,0,1,0,1,0.0,0.0014494177,Open
a84f2101-16ee-45b5-a4c7-f9ad6c0f4486,Hard Core Compost,garbage_collection_service,703 Pacific Ave,http://compost.bike/,1.0,14,2,1,1,0,1,garbage_collection_service,0,1,1,1,1,0,0,1,1,,0,1,2,1.0,0,,200.0,0.0,0.0,0.0,0.0,3,0,0,0,1,0,1,0.0,0.0014471193,Open
61a11d64-b104-46a7-807e-65d2a5f6cad7,Pacific Trading Co.,womens_clothing_store,1224 Pacific Ave,http://www.pacific-trading-co.com/,1.0,14,2,1,1,0,1,womens_clothing_store,2,1,1,1,1,0,0,1,1,,0,1,2,1.0,0,,200.0,0.0,0.0,0.0,0.0,3,0,0,0,1,0,1,0.0,0.0014420128,Open
3a9391e5-a354-42fc-a3e3-30e792488fb6,Avatar Imports,womens_clothing_store,814 Pacific Ave,http://www.avatarimports.net,1.0,14,2,1,1,0,1,womens_clothing_store,2,1,1,1,1,0,0,1,1,,0,1,2,1.0,0,,200.0,0.0,0.0,0.0,0.0,3,0,0,0,1,0,1,0.0,0.0014420128,Open
d78295e0-d03e-4b89-87a1-aff2e35677d0,Art Research Office,art_gallery,1025 Center St,http://artresearchoffice.com/,1.0,14,2,1,1,0,1,art_gallery,1,1,1,1,1,0,0,1,1,,0,1,2,1.0,0,,200.0,0.0,0.0,0.0,0.0,3,0,0,0,1,0,1,0.0,0.0014335888,Open
1c32e403-5d91-4832-9627-de4873340b76,City of Santa Cruz Sister Cities Committee,community_services_non_profits,323 Church St,http://www.cityofsantacruz.com/sistercities,1.0,14,2,1,1,0,1,community_services_non_profits,1,1,1,1,1,0,0,1,1,,0,1,2,1.0,0,,403.0,0.0,0.0,0.0,0.0,3,0,0,0,1,0,1,0.0,0.0014302451,Open
599c2595-1860-4f06-a51e-1d1a54b5656a,Santa Cruz Chamber Players,community_services_non_profits,P.O. Box 4174,http://www.scchamberplayers.org/,1.0,14,2,1,1,0,1,community_services_non_profits,2,1,1,1,1,0,0,1,1,,0,1,2,1.0,0,,200.0,0.0,0.0,0.0,0.0,3,0,0,0,1,0,1,0.0,0.0014299346,Open
9b49adbb-5dda-4409-a4e5-bed43b52e8e6,Ecology Action,community_services_non_profits,877 Cedar St,http://www.ecoact.org/,1.0,14,2,1,1,0,1,community_services_non_profits,2,1,1,1,1,0,0,1,1,,0,1,2,1.0,0,,200.0,0.0,0.0,0.0,0.0,3,0,0,0,1,0,1,0.0,0.0014299346,Open
300e5356-23aa-475d-bf4d-711634289a32,Boys & Girls Clubs of Santa Cruz County,community_services_non_profits,543 Center St,https://boysandgirlsclub.info/,1.0,14,2,1,1,0,1,community_services_non_profits,2,1,1,1,1,0,0,1,1,,0,1,2,1.0,0,,200.0,0.0,0.0,0.0,0.0,3,0,0,0,1,0,1,0.0,0.0014299346,Open
2e7f967a-f6df-49a8-bd3e-2c642670a5a0,Friends of the Rail & Trail,community_services_non_profits,877 Cedar St,http://railandtrail.org/,1.0,14,2,1,1,0,1,community_services_non_profits,2,1,1,1,1,0,0,1,1,,0,1,2,1.0,0,,200.0,0.0,0.0,0.0,0.0,3,0,0,0,1,0,1,0.0,0.0014299346,Open
7bc4571a-ee63-41f6-8f99-5a0d4d5a1922,Friends of Santa Cruz State Parks,community_services_non_profits,1543 Pacific Ave,http://www.thatsmypark.org,1.0,14,2,1,1,0,1,community_services_non_profits,2,1,1,1,1,0,0,1,1,,0,1,2,1.0,0,,200.0,0.0,0.0,0.0,0.0,3,0,0,0,1,0,1,0.0,0.0014299346,Open
3e45438a-22f8-44b2-bd1f-d02af672a9d2,Re-Cycle Garage,community_services_non_profits,348 Washington St,https://motorcyclesandmisfits.com/,1.0,14,2,1,1,0,1,community_services_non_profits,2,1,1,1,1,0,0,1,1,,0,1,2,1.0,0,,200.0,0.0,0.0,0.0,0.0,3,0,0,0,1,0,1,0.0,0.0014299346,Open
c1afe743-a13f-4d11-995b-0fc5f8ca6d15,Veterans of Foreign Wars,community_services_non_profits,846 Front St,http://www.vfw.org/,1.0,14,2,1,1,0,1,community_services_non_profits,2,1,1,1,1,0,0,1,1,,0,1,2,1.0,0,,200.0,0.0,0.0,0.0,0.0,3,0,0,0,1,0,1,0.0,0.0014299346,Open
efc8627f-074a-4757-96d5-1a5ef620fb14,Monterey Bay Fisheries Trust,community_services_non_profits,101 Cooper St,http://www.montereybayfisheriestrust.org/,1.0,14,2,1,1,0,1,community_services_non_profits,2,1,1,1,1,0,0,1,1,,0,1,2,1.0,0,,200.0,0.0,0.0,0.0,0.0,3,0,0,0,1,0,1,0.0,0.0014299346,Open
97c3d87a-38c8-40e8-af5f-392c327dc750,Santa Cruz Refillery,shopping,1349 Pacific Ave,https://thefootprintshop.com/,0.0,14,2,1,1,0,1,shopping,0,1,1,1,1,0,0,1,1,,0,1,2,0.0,0,,-1.0,0.0,1.0,0.0,0.0,3,0,0,0,1,0,1,1.0,0.0014283695,Open
7a621905-053f-4e66-8ed8-0a06e896b587,Palookaville,topic_concert_venue,1133 Pacific Ave,http://www.palookaville.com,1.0,14,2,1,1,0,1,topic_concert_venue,2,1,1,1,1,0,0,1,1,,0,1,2,1.0,0,,200.0,0.0,0.0,0.0,0.0,3,0,0,0,1,0,1,0.0,0.0014256862,Open
279bddea-beb6-428f-a4ea-2bc014788ec3,Pulse Productions,topic_concert_venue,120 Pearl Aly,http://www.pulseproductions.net/,1.0,14,2,1,1,0,1,topic_concert_venue,2,1,1,1,1,0,0,1,1,,0,1,2,1.0,0,,200.0,0.0,0.0,0.0,0.0,3,0,0,0,1,0,1,0.0,0.0014256862,Open
b6aaf098-004a-4879-b0c0-838dace348cc,Birth Point Acupuncture,acupuncture,406 Mission St,http://www.birthworksacupuncture.com/,0.0,14,2,1,1,0,1,acupuncture,0,1,1,1,1,0,0,1,1,,0,1,2,0.0,0,,-1.0,0.0,1.0,0.0,0.0,3,0,0,0,1,0,1,1.0,0.0014235169,Open
2cc89dcb-6ffc-4509-b46a-09766ec68f96,East West Acupuncture and Herb Clinic,acupuncture,912 Center St,http://www.eastwestclinic.net,0.0,14,2,1,1,0,1,acupuncture,2,1,1,1,1,0,0,1,1,,0,1,2,0.0,0,,-1.0,0.0,1.0,0.0,0.0,3,0,0,0,1,0,1,1.0,0.0014209253,Open
c8c33bf2-5844-4847-a2f8-aa62e1dd9dd2,Mbd Consulting,marketing_consultant,310 Locust St Ste C,http://www.mbdconsulting.com/,0.0,14,2,1,1,0,1,marketing_consultant,3,1,1,1,1,0,0,0,0,,0,1,2,0.0,0,,406.0,1.0,0.0,0.0,0.0,3,0,0,1,1,0,0,0.0,0.0014118581,Open
d8754ab2-f9af-46e7-b724-4d51ddc0eafa,Fybr Bamboo,womens_clothing_store,1528 Pacific Ave,http://www.shopfybr.com/,1.0,14,2,1,1,0,1,womens_clothing_store,2,1,1,1,1,0,0,1,1,,0,1,2,1.0,1,11.539684612094465,200.0,0.0,0.0,0.0,0.0,3,0,0,0,1,0,1,0.0,0.001408175,Open
78d4ea51-e3ce-4fee-ac56-2fcb949fcf72,The Salvation Army Santa Cruz Corps Community Center,charity_organization,721 Laurel St,https://santacruz.salvationarmy.org/santa_cruz_corps/,1.0,14,2,1,1,0,1,charity_organization,1,1,1,1,1,0,0,1,1,,0,1,2,1.0,0,,200.0,0.0,0.0,0.0,0.0,3,0,0,0,1,0,1,0.0,0.0014026687,Open
044da934-399e-4a2b-87d9-3e304089c2f3,Agency,home_goods_store,1368 Pacific Ave,http://shopagencyhome.com/,1.0,14,2,1,1,0,1,home_goods_store,1,1,1,1,1,0,0,1,1,,0,1,2,1.0,0,,200.0,0.0,0.0,0.0,0.0,3,0,0,0,1,0,1,0.0,0.0013967574,Open
26781798-c0c1-4ce3-85da-15dcfb8fd034,Coastline Pilates,pilates_studio,406 Mission St,https://momence.com/u/coastline-pilates-santa-cruz-zQ13E3,1.0,14,2,1,1,0,1,pilates_studio,2,1,1,1,1,0,0,1,1,,0,1,2,1.0,0,,200.0,0.0,0.0,0.0,0.0,3,0,0,0,1,0,1,0.0,0.0013939184,Open
827e43b1-ade0-4c7c-8570-58293e5bbc3d,Laura Price Holistic Health Care,naturopathic_holistic,,,,14,2,0,1,0,0,naturopathic_holistic,1,0,0,1,1,0,0,1,1,,0,0,2,,0,,,,,0.0,0.0,1,0,0,0,1,0,1,0.0,0.001387041,Open
64a0f14f-3083-4f58-8402-eb870ddb616e,Sounding Heart,counseling_and_mental_health,310 Locust St,https://thesoundingheart.com/,0.0,14,2,1,1,0,1,counseling_and_mental_health,2,1,1,1,1,0,0,1,1,,0,1,2,0.0,0,,406.0,1.0,0.0,0.0,0.0,3,0,0,0,1,0,1,1.0,0.0013742527,Open
b19f91e2-b2ec-4ba0-b67c-c9cca602c34f,Family Service Agency of the Central Coast,counseling_and_mental_health,104 Walnut Ave,http://fsa-cc.org/,0.0,14,2,1,1,0,1,counseling_and_mental_health,2,1,1,1,1,0,0,1,1,,0,1,2,0.0,0,,406.0,1.0,0.0,0.0,0.0,3,0,0,0,1,0,1,1.0,0.0013742527,Open
bc256764-3855-4c91-8011-68d3a8793686,Survivors Healing Center,counseling_and_mental_health,104 Walnut Ave,http://www.fsa-cc.org/survivors-healing-center/,0.0,14,2,1,1,0,1,counseling_and_mental_health,2,1,1,1,1,0,0,1,1,,0,1,2,0.0,0,,406.0,1.0,0.0,0.0,0.0,3,0,0,0,1,0,1,1.0,0.0013742527,Open
3bc447da-2ae1-4ad0-9c14-bdd3a9570960,SSS Pearls,youth_organizations,543 Center St,https://santacruzseascouts.com/,1.0,14,2,1,0,0,1,youth_organizations,1,1,1,0,0,0,0,1,1,,0,1,2,1.0,0,,200.0,0.0,0.0,0.0,0.0,2,0,0,0,1,0,1,0.0,0.0013717101,Open
9aa5b321-4f45-476e-a5cb-980df307e395,FortyThree,public_relations,740 Front St,http://43pr.com/,1.0,14,2,1,1,0,1,public_relations,2,1,1,1,1,0,0,1,1,,0,1,2,1.0,0,,200.0,0.0,0.0,0.0,0.0,3,0,0,0,1,0,1,0.0,0.0013713104,Open
6fa7f815-defd-461a-a77c-17845593305c,Schooner Realty,property_management,1015 Cedar St,http://www.SchoonerRealty.com/,1.0,14,2,1,1,0,1,property_management,2,1,1,1,1,0,0,1,1,,0,1,2,1.0,0,,405.0,0.0,0.0,0.0,0.0,3,0,0,0,1,0,1,0.0,0.0013643489,Open
9694cbfc-fedc-4986-adaa-af1197da2ab7,Inboard Technology,event_planning,1347 Pacific Ave,https://www.inboardtechnology.com/,1.0,14,2,1,1,0,1,event_planning,2,1,1,1,1,0,0,1,1,,0,1,2,1.0,0,,405.0,0.0,0.0,0.0,0.0,3,0,0,0,1,0,1,0.0,0.0013643489,Open
75955b53-8962-41ac-8408-84828ee808e3,Body Resultz Skin Care,skin_care,1001 Center St,http://www.bodyresultz.com/,0.0,14,2,1,1,0,1,skin_care,2,1,1,1,1,0,0,1,1,,0,1,2,0.0,0,,-1.0,0.0,1.0,0.0,0.0,3,0,0,0,1,0,1,1.0,0.0013624124,Open
0ea26563-54fd-42a7-bdeb-54ff5edd9a5d,Cowell Beach Termite Removal Expert,pest_control_service,1200 Pacific Ave,http://termite-santacruz.com/,0.0,14,2,1,1,0,1,pest_control_service,1,1,1,1,1,0,0,1,1,,0,1,2,0.0,0,,-2.0,0.0,1.0,0.0,0.0,3,0,0,0,1,0,1,1.0,0.0013599654,Open
07b4129e-4b6c-4bc9-8c54-9bb82af9d16f,Farmers Insurance - District Office 86,insurance_agency,1521 Pacific Ave,https://recruitment.farmers.com/industry-recruiter-locator/ca/santa-cruz/pedro-gonzalez,1.0,14,2,1,1,0,1,insurance_agency,0,1,1,1,1,0,0,1,1,,0,1,2,1.0,0,,200.0,0.0,0.0,0.0,0.0,3,0,0,0,1,0,1,0.0,0.0013500724,Open
b41affcd-9664-44b9-bf09-9a6e8956e917,Paul Nelson Insurance Services,insurance_agency,730 Mission St,http://www.bayareainsured.com/,1.0,14,2,1,1,0,1,insurance_agency,0,1,1,1,1,0,0,1,1,,0,1,2,1.0,0,,200.0,0.0,0.0,0.0,0.0,3,0,0,0,1,0,1,0.0,0.0013500724,Open
1f60e595-37da-4e21-b7c6-99d6ed52a9e5,Kenville Locksmith and Security,key_and_locksmith,111 Union St,http://www.kenvillelocksmithsantacruz.com/,1.0,14,2,1,1,0,1,key_and_locksmith,0,1,1,1,1,0,0,1,1,,0,1,2,1.0,0,,200.0,0.0,0.0,0.0,0.0,3,0,0,0,1,0,1,0.0,0.0013383363,Open
8d8b8b3c-91d9-4599-aba2-d2db84a4fecc,Avatar Imports,wholesale_store,1364 Pacific Ave,http://www.avatarimports.net/,1.0,14,2,1,1,0,1,wholesale_store,2,1,1,1,1,0,0,1,1,,0,1,2,1.0,0,,200.0,0.0,0.0,0.0,0.0,3,0,0,0,1,0,1,0.0,0.0013275285,Open
51ab3283-6782-489d-a344-b070b15bbd1a,A Child's Reflection,day_care_preschool,327 Church St,http://www.acracademy.com,1.0,14,2,1,1,0,1,day_care_preschool,2,1,1,1,1,0,0,1,1,,0,1,2,1.0,0,,200.0,0.0,0.0,0.0,0.0,3,0,0,0,1,0,1,0.0,0.0013275285,Open
4abb0d62-883c-48d0-b3b8-aedfe02b3af8,Larson Don W DDS,dentist,916 Center St,https://www.patientconnect365.com/Dentists/California/SantaCruz/95060/Don_W_Larson_DDS,1.0,14,2,1,1,0,1,dentist,2,1,1,1,1,0,0,1,1,,0,1,2,1.0,0,,200.0,0.0,0.0,0.0,0.0,3,0,0,0,1,0,1,0.0,0.0013190698,Open
966ccd2d-bd20-4a82-bb9e-8d07c5a1e4dc,Kaplan Sharon,psychotherapist,144 Walnut Ave,http://sharonkaplantherapy.com/,0.0,14,2,1,1,0,1,psychotherapist,2,1,1,1,1,0,0,1,1,,0,1,2,0.0,0,,406.0,1.0,0.0,0.0,0.0,3,0,0,0,1,0,1,1.0,0.0013117577,Open
549fe64e-59e8-4f0b-8853-c63c2f2e2293,Conscious Current Hypnotherapy,naturopathic_holistic,501 Mission St,https://rickcannon.net,0.0,14,2,1,1,0,1,naturopathic_holistic,2,1,1,1,1,0,0,1,1,,0,1,2,0.0,0,,406.0,1.0,0.0,0.0,0.0,3,0,0,0,1,0,1,1.0,0.0013117577,Open
471d90e4-2474-40c6-aa08-108dbfdc0e7d,12 AM Design,printing_services,877 Cedar St,http://www.12amdesign.com/,0.0,14,2,1,1,0,1,printing_services,2,1,1,1,1,0,0,1,1,,0,1,2,0.0,0,,406.0,1.0,0.0,0.0,0.0,3,0,0,0,1,0,1,1.0,0.0013117577,Open
5303f55d-fffa-4049-91f9-f3d7032697e3,Galleria Wellness Center,naturopathic_holistic,740 Front St,http://www.botanicalreflexology.com/,0.0,14,2,1,1,0,1,naturopathic_holistic,2,1,1,1,1,0,0,1,1,,0,1,2,0.0,0,,406.0,1.0,0.0,0.0,0.0,3,0,0,0,1,0,1,1.0,0.0013117577,Open
98222059-7a98-41f9-a393-8acdb5c6bd50,Botanical Reflexology,reflexology,740 Front St,http://www.botanicalreflexology.com/,0.0,14,2,1,1,0,1,reflexology,2,1,1,1,1,0,0,1,1,,0,1,2,0.0,0,,406.0,1.0,0.0,0.0,0.0,3,0,0,0,1,0,1,1.0,0.0013117577,Open
94a4333d-8dc4-495b-8c37-65d8ac8500fa,Maureen Rozenn,naturopathic_holistic,845 Cedar St,http://www.AcupunctureSantaCruz.net/,0.0,14,2,1,1,0,1,naturopathic_holistic,2,1,1,1,1,0,0,1,1,,0,1,2,0.0,0,,406.0,1.0,0.0,0.0,0.0,3,0,0,0,1,0,1,1.0,0.0013117577,Open
4a3a03fb-092e-4e24-8c8e-3f407047c744,Santa Cruz Dentists,dentist,1200 Pacific Ave,http://santacruzdentists.net/,0.0,14,2,1,1,0,1,dentist,1,1,1,1,1,0,0,1,1,,0,1,2,0.0,0,,-1.0,0.0,1.0,0.0,0.0,3,0,0,0,1,0,1,1.0,0.0013003746,Open
1dc2ddc5-0e2f-491c-a1b1-190dfeb7359d,L Kershner Design,interior_design,911 Center St,http://www.lkershnerdesign.com/,1.0,14,2,1,1,0,1,interior_design,1,1,1,1,1,0,0,1,1,,0,1,2,1.0,0,,200.0,0.0,0.0,0.0,0.0,3,0,0,0,1,0,1,0.0,0.0012645712,Open
a164258b-fea4-401c-a388-7704322ae015,Sarah's Chop Shop,beauty_salon,426 Locust St,,,14,2,0,1,0,1,beauty_salon,2,0,0,1,1,0,0,1,1,,0,1,2,,0,,,,,0.0,0.0,2,0,0,0,1,0,1,0.0,0.0012577754,Open
cdc87892-0cdd-49c0-b83a-4db174513978,"Courtney's Colors, Cuts, Highlights & Waxing",beauty_salon,507 Cedar St,,,14,2,0,1,0,1,beauty_salon,2,0,0,1,1,0,0,1,1,,0,1,2,,0,,,,,0.0,0.0,2,0,0,0,1,0,1,0.0,0.0012577754,Open
bfd146b2-d462-4b1f-8673-a520e5994ab5,UC Santa Cruz Undergraduate Admissions,college_university,"University of California at Santa Cruz, 1156 High St",http://admissions.ucsc.edu/,1.0,14,2,1,1,0,1,college_university,1,1,1,1,1,0,0,1,1,,0,1,2,1.0,0,,200.0,0.0,0.0,0.0,0.0,3,0,0,0,1,0,1,0.0,0.0012529506,Open
e809a2ae-216b-4678-8fcc-835d713f7127,Alana Ramey-Bernardi,acupuncture,1011 Center St,http://www.acupun.com/,1.0,14,2,1,1,0,1,acupuncture,2,1,1,1,1,0,0,1,1,,0,1,2,1.0,0,,200.0,0.0,0.0,0.0,0.0,3,0,0,0,1,0,1,0.0,0.0012446009,Open
50376376-f07a-4016-9a5e-8e9b9d5e57c5,Charmian Traynor,acupuncture,108 Locust St,http://www.acutraynor.com/,1.0,14,2,1,1,0,1,acupuncture,2,1,1,1,1,0,0,1,1,,0,1,2,1.0,0,,200.0,0.0,0.0,0.0,0.0,3,0,0,0,1,0,1,0.0,0.0012446009,Open
17b0e3b8-9ee2-4c0d-82c1-71b8ec6197b6,Rachel Farber Wellness,acupuncture,406 Mission St,http://rachelfarber.com/,1.0,14,2,1,1,0,1,acupuncture,2,1,1,1,1,0,0,1,1,,0,1,2,1.0,0,,200.0,0.0,0.0,0.0,0.0,3,0,0,0,1,0,1,0.0,0.0012446009,Open
277dabfe-9e0f-4f76-9756-a3f2b82a4a3d,"Dr Kristina Hanley, DAOM, LAc",acupuncture,740 Front St,http://www.kristinahanley.com/,1.0,14,2,1,1,0,1,acupuncture,2,1,1,1,1,0,0,1,1,,0,1,2,1.0,0,,200.0,0.0,0.0,0.0,0.0,3,0,0,0,1,0,1,0.0,0.0012446009,Open
939f8f33-3dcb-4bef-911d-36eea62d1b11,Momo Acupuncture,acupuncture,740 Front St,http://www.momo-acupuncture-santacruz.com,1.0,14,2,1,1,0,1,acupuncture,2,1,1,1,1,0,0,1,1,,0,1,2,1.0,0,,200.0,0.0,0.0,0.0,0.0,3,0,0,0,1,0,1,0.0,0.0012446009,Open
ccf699bc-4cd5-4ede-b267-009ba6acb602,Byzantine Jewelry,jewelry_store,1530 Pacific Ave,http://www.bfinejewelry.com/,1.0,14,2,1,1,0,1,jewelry_store,2,1,1,1,1,0,0,1,1,,0,1,2,1.0,1,17.5301545489823,200.0,0.0,0.0,0.0,0.0,3,0,0,0,1,0,1,0.0,0.0012424813,Open
1f934911-f602-4792-8751-e89d3f8621de,Wrist Rocket Creative,graphic_designer,,http://www.startshifting.com/,1.0,14,2,1,0,0,0,graphic_designer,1,1,1,0,0,0,0,1,1,,0,0,2,1.0,0,,200.0,0.0,0.0,0.0,0.0,1,0,0,0,1,0,1,0.0,0.0012309907,Open
cd18a16c-52db-4ead-b9da-74e8670caabc,Octagon Building,monument,Front Cooper Sts,http://en.wikipedia.org/wiki/index.html?curid=18236629,1.0,14,2,1,0,0,1,monument,2,1,1,0,0,0,0,1,1,,0,1,2,1.0,0,,200.0,0.0,0.0,0.0,0.0,2,0,0,0,1,0,1,0.0,0.0012209319,Open
4b962ad0-c325-4b55-b738-53c5e2cd7d13,Tiny Dancer Ballet Studio,dance_school,1001 Center St,http://www.tinydancerballet.com/contact/,0.0,14,2,1,1,0,1,dance_school,2,1,1,1,1,0,0,1,1,,0,1,2,0.0,0,,406.0,1.0,0.0,0.0,0.0,3,0,0,0,1,0,1,1.0,0.0012195162,Open
26d2f0c6-2539-41ec-8183-f51881f049fb,Capitola Advanced Aesthetics,beauty_salon,304 Lincoln St,http://www.instagram.com/skinandlashbysarah/,1.0,14,2,1,1,0,1,beauty_salon,1,1,1,1,1,0,0,1,1,,0,1,2,1.0,0,,200.0,0.0,0.0,0.0,0.0,3,0,0,0,1,0,1,0.0,0.0012148544,Open
b2f108ac-76aa-46fe-9b73-e68d7f6f75de,College Nine Senate,college_university,,http://collegenine.ucsc.edu/activities/senate.html,0.0,14,2,1,0,0,0,college_university,2,1,1,0,0,0,0,1,1,,0,0,2,0.0,0,,404.0,1.0,0.0,0.0,0.0,1,0,0,0,1,0,1,1.0,0.0012074307,Open
edcbf903-38c5-4f23-a4a5-96a687b6b7ed,SubRosa Community Space,community_center,703 Pacific Ave,https://www.santacruzhub.org/,1.0,14,2,1,1,0,1,community_center,2,1,1,1,1,0,0,1,1,,0,1,2,1.0,0,,200.0,0.0,0.0,0.0,0.0,3,0,0,0,1,0,1,0.0,0.0011926208,Open
a348851c-e713-40cc-b11d-229d3f853e6c,London Nelson Community Center,community_center,301 Center St,https://forms.gle/1KRpDis2uopRa8hMA,1.0,14,2,1,1,0,1,community_center,2,1,1,1,1,0,0,1,1,,0,1,2,1.0,0,,200.0,0.0,0.0,0.0,0.0,3,0,0,0,1,0,1,0.0,0.0011926208,Open
c08bc1ec-9b89-42b0-8abf-60802dfea3e4,Big Brothers Big Sisters of Santa Cruz County,community_services_non_profits,740 Front St,http://www.santacruzmentor.org/,1.0,14,2,1,1,0,1,community_services_non_profits,1,1,1,1,1,0,0,1,1,,0,1,2,1.0,0,,200.0,0.0,0.0,0.0,0.0,3,0,0,0,1,0,1,0.0,0.0011766551,Open
bb04faab-9acf-4210-aa88-7c62b905c755,Downtown Association,community_services_non_profits,740 Front St,http://www.downtownsantacruz.com/,1.0,14,2,1,1,0,1,community_services_non_profits,1,1,1,1,1,0,0,1,1,,0,1,2,1.0,0,,200.0,0.0,0.0,0.0,0.0,3,0,0,0,1,0,1,0.0,0.0011766551,Open
be5097ca-1a48-4d3d-a88a-dd4ee74de9bb,Santa Cruz Area Chamber of Commerce,community_services_non_profits,725 Front St,http://santacruzchamber.org/,1.0,14,2,1,1,0,1,community_services_non_profits,1,1,1,1,1,0,0,1,1,,0,1,2,1.0,0,,200.0,0.0,0.0,0.0,0.0,3,0,0,0,1,0,1,0.0,0.0011766551,Open
c32b1722-617f-43c2-8aaf-fb7981ad25d4,Santa Cruz Indian Council,community_services_non_profits,121 Rincon St,http://www.scmbc.org/,1.0,14,2,1,1,0,1,community_services_non_profits,1,1,1,1,1,0,0,1,1,,0,1,2,1.0,0,,200.0,0.0,0.0,0.0,0.0,3,0,0,0,1,0,1,0.0,0.0011766551,Open
6a516081-33e3-4886-9677-e456f7f11561,Action Chiropractic Center,chiropractor,406 Mission St,http://www.actionchirocenter.com/,1.0,14,2,1,1,0,1,chiropractor,2,1,1,1,1,0,0,1,1,,0,1,2,1.0,0,,200.0,0.0,0.0,0.0,0.0,3,0,0,0,1,0,1,0.0,0.0011764858,Open
cf3cd7a7-55ac-4d82-a050-6e6e96a13193,"Dr. Craig Eymann / Aloha Sports Chiropractic, Santa Cruz CA",chiropractor,903 Pacific Ave,http://www.drcraig-chiropractor.com/,1.0,14,2,1,1,0,1,chiropractor,2,1,1,1,1,0,0,1,1,,0,1,2,1.0,0,,200.0,0.0,0.0,0.0,0.0,3,0,0,0,1,0,1,0.0,0.0011764858,Open
4b6be985-7fd8-41d2-8215-639a23c546f9,Eye Q,optometrist,1101 Pacific Ave,http://eyeqsantacruz.com/,1.0,14,2,1,1,0,1,optometrist,1,1,1,1,1,0,0,1,1,,0,1,2,1.0,0,,200.0,0.0,0.0,0.0,0.0,3,0,0,0,1,0,1,0.0,0.0011731583,Open
b5cb5ede-26c1-4754-ac64-fc793d427203,Dr. Francis Kuo Family Eyecare,optometrist,346 Union St,http://www.drkuo-eyecare.com/,1.0,14,2,1,1,0,1,optometrist,1,1,1,1,1,0,0,1,1,,0,1,2,1.0,0,,200.0,0.0,0.0,0.0,0.0,3,0,0,0,1,0,1,0.0,0.0011731583,Open
98ae82cf-4f11-4466-a540-1813d83244f9,Spex,optometrist,124 Church St,http://www.santacruzoptometric.com,1.0,14,2,1,1,0,1,optometrist,1,1,1,1,1,0,0,1,1,,0,1,2,1.0,0,,200.0,0.0,0.0,0.0,0.0,3,0,0,0,1,0,1,0.0,0.0011731583,Open
c2e2d841-8592-453d-80aa-ff136292064c,Santa Cruz Optometric Center,optometrist,904 Cedar St,http://www.santacruzoptometric.com/,1.0,14,2,1,1,0,1,optometrist,1,1,1,1,1,0,0,1,1,,0,1,2,1.0,0,,200.0,0.0,0.0,0.0,0.0,3,0,0,0,1,0,1,0.0,0.0011731583,Open
5df37ddd-8010-4775-a578-72322f16686c,Cardinal Construction,construction_services,903 Pacific Ave,http://www.cardinal-construct.com/,1.0,14,2,1,1,0,1,construction_services,1,1,1,1,1,0,0,1,1,,0,1,2,1.0,0,,200.0,0.0,0.0,0.0,0.0,3,0,0,0,1,0,1,0.0,0.0011731583,Open
cbdd39d1-6030-41ca-bf78-77db694530e1,Forte Vocal Performance Acad,performing_arts,418 Maple St,http://fortevocals.com,0.0,14,2,1,1,0,1,performing_arts,2,1,1,1,1,0,0,1,1,,0,1,2,0.0,0,,406.0,1.0,0.0,0.0,0.0,3,0,0,0,1,0,1,1.0,0.0011687251,Open
d2ad41af-88e1-4b9e-b212-5e8d1b582a3b,Jade,womens_clothing_store,117 Walnut Ave,https://jade-santa-cruz-ca.hub.biz/,1.0,14,2,1,1,0,1,womens_clothing_store,1,1,1,1,1,0,0,1,1,,0,1,2,1.0,0,,200.0,0.0,0.0,0.0,0.0,3,0,0,0,1,0,1,0.0,0.0011620633,Open
71e3db06-54d9-4218-be0c-32511909fbaa,Pacific Garden Mall,shopping_center,1424 Pacific Ave,http://www.downtownsantacruz.com,1.0,14,2,1,1,0,1,shopping_center,1,1,1,1,1,0,0,1,1,,0,1,2,1.0,0,,200.0,0.0,0.0,0.0,0.0,3,0,0,0,1,0,1,0.0,0.0011556697,Open
283d5f6b-ce54-4cc4-a49a-a244ca46b98b,ROW Collective,art_gallery,738 Chestnut St,,,14,2,0,1,0,1,art_gallery,1,0,0,1,1,0,0,1,1,,0,1,2,,0,,,,,0.0,0.0,2,0,0,0,1,0,1,0.0,0.0011501034,Open
1075ce8b-c742-464a-bbfe-75beb46b7d9b,Maria Fernandez Orthopedic Massage and Manual Therapy,massage_therapy,108 Locust St,,,14,2,0,1,0,1,massage_therapy,1,0,0,1,1,0,0,1,1,,0,1,2,,0,,,,,0.0,0.0,2,0,0,0,1,0,1,0.0,0.0011490899,Open
e7ebc8f8-cc05-49d1-9230-329188d5e972,Pana Food Truck,food_truck,118 Cooper St,http://Panafoodtruck.com/,0.0,14,2,1,1,0,1,food_truck,2,1,1,1,1,0,0,1,1,,0,1,2,0.0,0,,406.0,1.0,0.0,0.0,0.0,3,0,0,0,1,0,1,1.0,0.0011399634,Open
01a65058-da21-43c2-84e1-2e4e7945f0d9,Needful Things Smoke Shop,tobacco_shop,823 Pacific Ave,,,14,2,0,1,0,1,tobacco_shop,2,0,0,1,1,0,0,1,1,,0,1,2,,0,,,,,1.0,0.0,2,0,0,0,1,0,1,0.0,0.0011358481,Open
ea1fc3ac-b89d-46f7-86e6-d746f9171db8,Santa Cruz Libraries Central Library,library,1543 Pacific Ave,,,14,2,0,1,0,1,library,1,0,0,1,1,0,0,1,1,,0,1,2,,0,,,,,0.0,0.0,2,0,0,0,1,0,1,0.0,0.0011053191,Open
15b79b5c-b158-4319-a5f6-2fce50811647,Locust Street Garage,parking,124 Locust St,https://en.parkopedia.com/parking/garage/locust_garage/95060/santa_cruz/?vendor=here,1.0,14,2,1,1,0,1,parking,1,1,1,1,1,0,0,1,1,,0,1,2,1.0,0,,200.0,0.0,0.0,0.0,0.0,3,0,0,0,1,0,1,0.0,0.0010854976,Open
5cb57502-b9f9-4266-9cc1-70eeeed02bca,Santa Cruz High School Pool,swimming_pool,006 501-01,schstf.weebly.com,1.0,14,2,1,0,0,1,swimming_pool,2,1,1,0,0,0,0,1,1,,0,1,2,1.0,0,,200.0,0.0,0.0,0.0,0.0,2,0,0,0,1,0,1,0.0,0.0010712827,Open
986691dd-ce8b-4fe2-977d-3c3ceb51b0b2,Mobile Kangaroo,it_service_and_computer_repair,740 Front St,http://www.mobilekangaroo.com/,1.0,14,2,1,1,0,1,it_service_and_computer_repair,2,1,1,1,1,0,0,1,1,mobile kangaroo,1,1,2,1.0,0,,200.0,0.0,0.0,0.0,0.0,3,0,0,0,1,0,1,0.0,0.0010673592,Open
d8674a8f-88e5-4bf4-b9c9-b6765c87a015,Mission Hill Dental,dentist,615 Mission St,https://www.missionhilldentalcare.com,1.0,14,2,1,1,0,1,dentist,1,1,1,1,1,0,0,1,1,,0,1,2,1.0,0,,200.0,0.0,0.0,0.0,0.0,3,0,0,0,1,0,1,0.0,0.0010629628,Open
728ec95a-b8f9-4d97-87f3-a2e530f8dbd9,Project Pollinate,community_services_non_profits,703 Pacific Ave,http://www.projectpollinate.org,0.0,14,2,1,1,0,1,community_services_non_profits,2,1,1,1,1,0,0,1,1,,0,1,2,0.0,0,,-2.0,0.0,1.0,0.0,0.0,3,0,0,0,1,0,1,1.0,0.0010569043,Open
21c180bb-4db7-4f6a-ae77-d58351d804bf,First Class Cleaning Services,home_cleaning,,http://www.springs-cleaning.com/,1.0,14,2,1,1,0,0,home_cleaning,0,1,1,1,1,0,0,1,1,,0,0,2,1.0,0,,200.0,0.0,0.0,0.0,0.0,2,0,0,0,1,0,1,0.0,0.0010567906,Open
b0bac212-5c9d-4747-89ff-b27e3831856d,Leaf and Vine Urban Plant Shop,nursery_and_gardening,1532 Pacific Ave,http://www.leafandvineplants.com/,1.0,14,2,1,1,0,1,nursery_and_gardening,2,1,1,1,1,0,0,1,1,,0,1,2,1.0,1,17.318848146197038,200.0,0.0,0.0,1.0,0.0,3,0,0,0,1,0,1,0.0,0.0010554338,Open
d14f0a10-129c-4c30-999f-633986c825ec,Club Pilates,pilates_studio,1010 Center St,http://clubpilates.com/santacruz,1.0,14,2,1,1,0,1,pilates_studio,2,1,1,1,1,0,0,1,1,Club Pilates,1,1,2,1.0,0,,200.0,0.0,0.0,0.0,0.0,3,0,0,0,1,0,1,0.0,0.001047671,Open
32fa5f6c-d8a5-4ca9-99c5-baa6c4630e29,Santa Cruz City-County Library,library,1543 Pacific Ave,,,14,2,0,1,0,1,library,2,0,0,1,1,0,0,1,1,,0,1,2,,0,,,,,0.0,0.0,2,0,0,0,1,0,1,0.0,0.0010421765,Open
e7bfb05e-448d-40f9-a625-a704b7bd3116,Poke House,poke_restaurant,1543 Pacific Ave,http://Www.poke.house/,1.0,14,2,1,1,0,1,poke_restaurant,2,1,1,1,1,0,0,1,1,Poke House,1,1,2,1.0,0,,200.0,0.0,0.0,0.0,0.0,3,0,0,0,1,0,1,0.0,0.0010244347,Open
2517a0ae-01a5-40b6-ac79-0ea224defcf4,New Street Dental,dentist,525 Center St,https://www.newstreetdentalsantacruz.com/,0.0,14,2,1,1,0,1,dentist,2,1,1,1,1,0,0,1,1,,0,1,2,0.0,0,,406.0,1.0,0.0,0.0,0.0,3,0,0,0,1,0,1,1.0,0.0009983187,Open
a251932f-abf7-4049-991a-8e2f63a3ea0b,Scoot Science,software_development,877 Cedar St,https://www.scootscience.com/,1.0,14,2,1,1,0,1,software_development,2,1,1,1,1,0,0,1,1,,0,1,2,1.0,0,,200.0,0.0,0.0,0.0,0.0,3,0,0,0,1,0,1,0.0,0.0009947906,Open
78115cc9-5b96-4704-b208-34d6a275ed0a,"Evergreen Historical Cemetery, Santa Cruz CA",public_service_and_government,,,,14,2,0,0,0,0,public_service_and_government,0,0,0,0,0,0,0,1,1,,0,0,2,,0,,,,,0.0,0.0,0,0,0,0,1,0,1,0.0,0.0009887927,Open
f5ff609b-e396-43fa-a003-f86c1d21c879,Fine Point Law,lawyer,113 Cooper St,http://www.finepointlaw.com/,1.0,14,2,1,1,0,1,lawyer,2,1,1,1,1,0,0,1,1,,0,1,2,1.0,0,,200.0,0.0,0.0,0.0,0.0,3,0,0,0,1,0,1,0.0,0.000988304,Open
551d192e-2a7e-4bee-977e-02246fa7bfea,Penrose Chun & Gorman LLP,lawyer,1200 Pacific Ave,http://www.pcg-llp.com/,1.0,14,2,1,1,0,1,lawyer,2,1,1,1,1,0,0,1,1,,0,1,2,1.0,0,,200.0,0.0,0.0,0.0,0.0,3,0,0,0,1,0,1,0.0,0.000988304,Open
e864bc1c-1aa6-455e-8a0d-58d90a6cdbf5,Downtown Santa Cruz Makers Market,grocery_store,1520 Pacific Ave,http://www.downtownsantacruz.com,1.0,14,2,1,1,0,1,grocery_store,1,1,1,1,1,0,0,1,1,,0,1,2,1.0,1,16.35234257747828,200.0,0.0,0.0,0.0,0.0,3,0,0,0,1,0,1,0.0,0.0009840445,Open
bb2e2fc2-7282-42b3-86fa-36ab32b6a3e7,Santa Cruz Public Libraries,library,224 Church St,https://www.santacruzpl.org/,1.0,14,2,1,1,0,1,library,1,1,1,1,1,0,0,1,1,,0,1,2,1.0,0,,200.0,0.0,0.0,0.0,0.0,3,0,0,0,1,0,1,0.0,0.00097113196,Open
84d7b11a-515c-4e5b-8d75-8043737496f1,Moe's Alley,topic_concert_venue,,http://www.moesalley.com/,1.0,14,2,1,0,0,0,topic_concert_venue,1,1,1,0,0,0,0,1,1,,0,0,2,1.0,0,,200.0,0.0,0.0,0.0,0.0,1,0,0,0,1,0,1,0.0,0.00096773205,Open
e085d9c5-0c18-42ed-a2be-e264bb4b5dd0,Healing Coast Chiropractic,chiropractor,528 Chestnut St,http://www.healingcoast.org/,1.0,14,2,1,1,0,1,chiropractor,1,1,1,1,1,0,0,1,1,,0,1,2,1.0,0,,200.0,0.0,0.0,0.0,0.0,3,0,0,0,1,0,1,0.0,0.0009480362,Open
7af320a3-5f30-4c02-9f17-bde68aa8e562,Metro Santa Cruz,train_station,,http://www.metrosantacruz.com/,1.0,14,2,1,1,0,0,train_station,2,1,1,1,1,0,0,1,1,,0,0,2,1.0,0,,200.0,0.0,0.0,0.0,0.0,2,0,0,0,1,0,1,0.0,0.00094621704,Open
361cc723-6564-4c2a-bd4d-e4f220f9e870,Sage Float Spa,spas,230 Walnut Ave,,,14,2,0,1,0,1,spas,2,0,0,1,1,0,0,1,1,,0,1,2,,0,,,,,0.0,0.0,2,0,0,0,1,0,1,0.0,0.00094398117,Open
670f88fa-2ee6-4173-9ed9-218a45f1518b,Kumon Math and Reading Center,tutoring_center,740 Front St,http://www.kumon.com/santa-cruz,1.0,14,2,1,1,0,1,tutoring_center,1,1,1,1,1,0,0,1,1,Kumon,1,1,2,1.0,0,,403.0,0.0,0.0,0.0,0.0,3,0,0,0,1,0,1,0.0,0.000943439,Open
b7b3688f-5992-4189-945b-317473c55c27,Adrianna Gonzalez Acupuncture,acupuncture,740 Front St,https://dradriannagonzalez.com/,1.0,14,2,1,1,0,1,acupuncture,0,1,1,1,1,0,0,1,1,,0,1,2,1.0,0,,200.0,0.0,0.0,0.0,0.0,3,0,0,0,1,0,1,0.0,0.00093962153,Open
03735ea9-c450-444f-9a63-549222c0dce1,Stripe,interior_design,107 Walnut Ave,http://www.stripethestore.com/,1.0,14,2,1,1,0,1,interior_design,0,1,1,1,1,0,0,1,1,,0,1,2,1.0,0,,200.0,0.0,0.0,0.0,0.0,3,0,0,0,1,0,1,0.0,0.0009081803,Open
3ea1c1ae-106f-4ed3-94c4-c6de28eaba70,Goodwill Central Coast,thrift_store,204 Union St,http://www.goodwill.org/,1.0,14,2,1,1,0,1,thrift_store,2,1,1,1,1,0,0,1,1,"Goodwill Industries International, Inc.",1,1,2,1.0,0,,200.0,0.0,0.0,0.0,0.0,3,0,0,0,1,0,1,0.0,0.0008825567,Open
c759afa1-bc0b-4491-89c1-f367b220d6f6,Law Offices of Myra J Prestidge,lawyer,101 Cooper St,https://myraprestidgelaw.com/,0.0,14,2,1,1,0,1,lawyer,2,1,1,1,1,0,0,1,1,,0,1,2,0.0,0,,-1.0,0.0,1.0,0.0,0.0,3,0,0,0,1,0,1,1.0,0.0008757614,Open
f9c9369f-9c3a-47e3-8fa2-4a68fca5f924,76,gas_station,335 Mission St,https://www.76.com/,1.0,14,2,1,1,0,1,gas_station,1,1,1,1,1,0,0,1,1,76,1,1,2,1.0,0,,200.0,0.0,0.0,0.0,0.0,3,0,0,0,1,0,1,0.0,0.00087247434,Open
3d1e5473-7dd5-4462-9c73-542ccebedce8,GO Santa Cruz County,travel,,http://www.gosantacruzcounty.org/,1.0,14,2,1,0,0,0,travel,1,1,1,0,0,0,0,1,1,,0,0,2,1.0,0,,200.0,0.0,0.0,0.0,0.0,1,0,0,0,1,0,1,0.0,0.0008679289,Open
8dde51fb-be29-4c40-abda-f7b90943d3b3,"Spalding Digital Edge, LLC",internet_marketing_service,1013 Cedar St,http://www.davidspalding.net/,0.0,14,2,1,1,0,1,internet_marketing_service,2,1,1,1,1,0,0,1,1,,0,1,2,0.0,0,,503.0,0.0,0.0,0.0,0.0,3,0,0,0,1,0,1,1.0,0.000865663,Open
debf730e-a1aa-4f62-9383-b774654de48c,Voosh Technologies Inc,software_development,877 Cedar St,https://vooshperformance.com/,1.0,14,2,1,1,0,1,software_development,1,1,1,1,1,0,0,1,1,,0,1,2,1.0,0,,200.0,0.0,0.0,0.0,0.0,3,0,0,0,1,0,1,0.0,0.0008597833,Open
d6106272-40a7-4baa-8e8a-34e02de852bf,Fonda Technologies,software_development,877 Cedar St,https://mifonda.io/,1.0,14,2,1,1,0,1,software_development,1,1,1,1,1,0,0,1,1,,0,1,2,1.0,0,,200.0,0.0,0.0,0.0,0.0,3,0,0,0,1,0,1,0.0,0.0008597833,Open
555d5be9-180d-40d3-8199-750944850dc8,Giavaneers Inc,software_development,1545 Pacific Ave,http://www.giavaneers.com/,1.0,14,2,1,1,0,1,software_development,1,1,1,1,1,0,0,1,1,,0,1,2,1.0,0,,200.0,0.0,0.0,0.0,0.0,3,0,0,0,1,0,1,0.0,0.0008597833,Open
de5ef46d-1fd2-4596-bb63-57bbc9694d2f,PowerWest Properties Santa Cruz,property_management,118 Pearl Aly,https://powerwestproperties.com/,1.0,14,2,1,1,0,1,property_management,2,1,1,1,1,0,0,1,1,,0,1,2,1.0,0,,200.0,0.0,0.0,0.0,0.0,3,0,0,0,1,0,1,0.0,0.0008594233,Open
073f9f67-6977-43a5-97cb-af28b2a145d3,NextSpace Coworking Santa Cruz,event_planning,101 Cooper St,https://pacificworkplaces.com/locations/santa-cruz-coworking-space/,1.0,14,2,1,1,0,1,event_planning,2,1,1,1,1,0,0,1,1,,0,1,2,1.0,0,,200.0,0.0,0.0,0.0,0.0,3,0,0,0,1,0,1,0.0,0.0008594233,Open
12594b60-ab17-4429-baa8-cd048cbf7ccb,St George Residences,real_estate_service,833 Front St,http://stgeorgesantacruz.com/,1.0,14,2,1,1,0,1,real_estate_service,2,1,1,1,1,0,0,1,1,,0,1,2,1.0,0,,200.0,0.0,0.0,0.0,0.0,3,0,0,0,1,0,1,0.0,0.0008594233,Open
2ce6f86a-74b3-493b-aa60-8f0b17fe62dd,Asphera Incorporated,event_planning,629 Center St,http://www.asphera.com/,1.0,14,2,1,1,0,1,event_planning,2,1,1,1,1,0,0,1,1,,0,1,2,1.0,0,,200.0,0.0,0.0,0.0,0.0,3,0,0,0,1,0,1,0.0,0.0008594233,Open
29b9f72b-cb9f-44e0-9cdd-3fe007f4a147,Santa Cruz,community_services_non_profits,101 Cooper St,http://www.santacruzworks.org/,1.0,14,2,1,1,0,1,community_services_non_profits,0,1,1,1,1,0,0,1,1,,0,1,2,1.0,0,,200.0,0.0,0.0,0.0,0.0,3,0,0,0,1,0,1,0.0,0.00084502035,Open
b368c135-285f-4fe5-b525-d9c95efe57d1,Project Daraja Inc. ,community_services_non_profits,113 Cooper St,http://www.projectdaraja.org/,1.0,14,2,1,1,0,1,community_services_non_profits,0,1,1,1,1,0,0,1,1,,0,1,2,1.0,0,,200.0,0.0,0.0,0.0,0.0,3,0,0,0,1,0,1,0.0,0.00084502035,Open
c2950f9d-6cac-48d5-a23a-2b3eb5652a51,Benevolently,community_services_non_profits,877 Cedar St,http://www.benevolent.ly/,1.0,14,2,1,1,0,1,community_services_non_profits,0,1,1,1,1,0,0,1,1,,0,1,2,1.0,0,,200.0,0.0,0.0,0.0,0.0,3,0,0,0,1,0,1,0.0,0.00084502035,Open
2fa0c1f5-9a3d-4816-85d8-ea709b728840,Community Law & Mediation Services,lawyer,310 Locust St Suite F,http://www.harmonylaw.net/,1.0,14,2,1,1,0,1,lawyer,1,1,1,1,1,0,0,1,1,,0,1,2,1.0,0,,200.0,0.0,0.0,0.0,0.0,3,0,0,0,1,0,1,0.0,0.00083131506,Open
efc28f48-24a7-45f1-bfad-32ee743fba2b,Sasha Brodsky,lawyer,1362 Pacific Ave,http://www.brodsky.law/,1.0,14,2,1,1,0,1,lawyer,1,1,1,1,1,0,0,1,1,,0,1,2,1.0,0,,200.0,0.0,0.0,0.0,0.0,3,0,0,0,1,0,1,0.0,0.00083131506,Open
04a51fee-50a8-44bf-9b9d-d90e3bb1800a,Brereton Law Office,lawyer,1362 Pacific Ave,http://www.breretonlawoffice.com/,1.0,14,2,1,1,0,1,lawyer,1,1,1,1,1,0,0,1,1,,0,1,2,1.0,0,,200.0,0.0,0.0,0.0,0.0,3,0,0,0,1,0,1,0.0,0.00083131506,Open
5da0967c-6376-4f0c-8d77-cac94758fe3b,Calvary Episcopal Church,church_cathedral,532 Center St,http://www.calvarysantacruz.org/,0.0,14,2,1,1,0,1,church_cathedral,1,1,1,1,1,0,0,1,1,,0,1,2,0.0,0,,406.0,1.0,0.0,0.0,0.0,3,0,0,0,1,0,1,1.0,0.00080729165,Open
a8c978c8-f8b6-4682-b86e-3760f45b8c0f,Prophet Elias Greek Orthodox Church,church_cathedral,223 Church St,http://www.propheteliassc.org/,0.0,14,2,1,1,0,1,church_cathedral,1,1,1,1,1,0,0,1,1,,0,1,2,0.0,0,,406.0,1.0,0.0,0.0,0.0,3,0,0,0,1,0,1,1.0,0.00080729165,Open
7217a26e-f7c4-444a-9e1f-598057186ae0,West Coast Community Bank,bank_credit_union,75 River St,https://www.wccb.com/,1.0,14,2,1,1,0,1,bank_credit_union,2,1,1,1,1,0,0,1,1,,0,1,2,1.0,0,,200.0,0.0,0.0,0.0,0.0,3,0,0,0,1,0,1,0.0,0.0008029145,Open
8915e82b-ff8e-445d-9efd-cfb28879129f,Digital Opportunity,childrens_clothing_store,1071 41st Ave,https://existentialcrisis.com/,0.0,14,2,1,1,0,1,childrens_clothing_store,0,1,1,1,1,0,0,1,1,,0,1,2,0.0,0,,406.0,1.0,0.0,0.0,0.0,3,0,0,0,1,0,1,1.0,0.00079288246,Open
a4b3b046-55e1-422e-8eba-bc8540555e4b,Amanda E. Fargo,psychologist,501 Mission St,https://linktr.ee/Drfargo,1.0,14,2,1,1,0,1,psychologist,2,1,1,1,1,0,0,1,1,,0,1,2,1.0,0,,200.0,0.0,0.0,0.0,0.0,3,0,0,0,1,0,1,0.0,0.0007607634,Open
2a1e5d06-ec98-461d-80af-b69b87534ed8,Bandit Systems,information_technology_company,101 Cooper St,http://www.banditsystems.com/,1.0,14,2,1,1,0,1,information_technology_company,2,1,1,1,1,0,0,1,1,,0,1,2,1.0,0,,200.0,0.0,0.0,0.0,0.0,3,0,0,0,1,0,1,0.0,0.0007607634,Open
2a9d8200-efc0-4d37-8a92-ce6719f10519,Fullpower Technologies,information_technology_company,1200 Pacific Ave,https://www.fullpower.com/,1.0,14,2,1,1,0,1,information_technology_company,2,1,1,1,1,0,0,1,1,,0,1,2,1.0,0,,200.0,0.0,0.0,0.0,0.0,3,0,0,0,1,0,1,0.0,0.0007607634,Open
0cb725a5-9ade-4838-970c-015379aefc53,ScratchSpace Inc,information_technology_company,101 Cooper St,http://www.scratchspace.com/,1.0,14,2,1,1,0,1,information_technology_company,2,1,1,1,1,0,0,1,1,,0,1,2,1.0,0,,200.0,0.0,0.0,0.0,0.0,3,0,0,0,1,0,1,0.0,0.0007607634,Open
37493de3-28b5-4e23-83e3-4199dd311d12,Plaza Lane Optometry,optometrist,1537 Pacific Ave,http://www.plazalaneoptometry.com/,1.0,14,2,1,1,0,1,optometrist,1,1,1,1,1,0,0,1,1,,0,1,2,1.0,1,13.658502306305083,200.0,0.0,0.0,0.0,0.0,3,0,0,0,1,0,1,0.0,0.00075887976,Open
2293dbf8-5e72-46ad-84d7-aa00616b4b08,Santa Cruz High School Baseball Field,baseball_field,,,,14,2,0,0,0,0,baseball_field,2,0,0,0,0,0,0,1,1,,0,0,2,,0,,,,,0.0,0.0,0,0,0,0,1,0,1,0.0,0.00073326705,Open
b5023cc2-bad7-43df-ae24-92f64a28d56d,Pacific Avenue Historic District,landmark_and_historical_building,,,,14,2,0,0,0,0,landmark_and_historical_building,2,0,0,0,0,0,0,1,1,,0,0,2,,0,,,,,0.0,0.0,0,0,0,0,1,0,1,0.0,0.00073326705,Open
c98f6eab-de27-4bab-b4a7-dfd5fc65bd4c,Genealogical Society Library,library,244 Church St,http://cagenweb.com,1.0,14,2,1,1,0,1,library,0,1,1,1,1,0,0,1,1,,0,1,2,1.0,0,,200.0,0.0,0.0,0.0,0.0,3,0,0,0,1,0,1,0.0,0.0006973825,Open
7274f141-2180-4d1e-a5bf-4128e6e9b21c,Event Santa Cruz,event_planning,101 Cooper St,http://www.EventSantaCruz.com/,1.0,14,2,1,1,0,1,event_planning,1,1,1,1,1,0,0,1,1,,0,1,2,1.0,0,,200.0,0.0,0.0,0.0,0.0,3,0,0,0,1,0,1,0.0,0.0006924981,Open
6fc9904d-ce4c-42bd-9ecc-a70106120e7c,Awakening Wild,active_life,,http://awakeningwild.com/,1.0,14,2,1,0,0,0,active_life,0,1,1,0,0,0,0,1,1,,0,0,2,1.0,0,,200.0,0.0,0.0,0.0,0.0,1,0,0,0,1,0,1,0.0,0.000640544,Open
6e24448b-c0ad-4288-b762-6fa34d5eef8c,BURL AUDIO,b2b_electronic_equipment,,http://www.burlaudio.com/,1.0,14,2,1,0,0,0,b2b_electronic_equipment,0,1,1,0,0,0,0,1,1,,0,0,2,1.0,0,,200.0,0.0,0.0,0.0,0.0,1,0,0,0,1,0,1,0.0,0.000640544,Open
1c3b6685-7ad2-44da-bccc-c9d63f6ee69c,NAACP Santa Cruz County,community_services_non_profits,,http://naacpsantacruz.com/,1.0,14,2,1,1,0,0,community_services_non_profits,1,1,1,1,1,0,0,1,1,,0,0,2,1.0,0,,200.0,0.0,0.0,0.0,0.0,2,0,0,0,1,0,1,0.0,0.0006273546,Open
36150d77-5643-4061-b139-7f90c6b07c2a,Santa Cruz High Softball Field,attractions_and_activities,"Santa Cruz High School, 415 Walnut Ave",,,14,2,0,0,0,1,attractions_and_activities,2,0,0,0,0,0,0,1,1,,0,1,2,,0,,,,,0.0,0.0,1,0,0,0,1,0,1,0.0,0.00062279566,Open
200185f9-7c91-4778-a415-8c642edb84eb,Tom Scribner statue,fountain,1520 Pacific Ave,,,14,2,0,0,0,1,fountain,2,0,0,0,0,0,0,1,1,,0,1,2,,0,,,,,0.0,0.0,1,0,0,0,1,0,1,0.0,0.00062279566,Open
3cbbdd98-aa34-4c0e-8bb8-4f829534bad4,Little Red Church,church_cathedral,532 Center St,http://www.calvarysantacruz.org/,0.0,14,2,1,0,0,1,church_cathedral,1,1,1,0,0,0,0,1,1,,0,1,2,0.0,0,,406.0,1.0,0.0,0.0,0.0,2,0,0,0,1,0,1,1.0,0.0006201832,Open
28335840-32aa-452c-8011-17c7c50cb811,Santa Cruz Software,software_development,877 Cedar St,https://santacruzsoftware.com/,1.0,14,2,1,1,0,1,software_development,0,1,1,1,1,0,0,1,1,,0,1,2,1.0,0,,200.0,0.0,0.0,0.0,0.0,3,0,0,0,1,0,1,0.0,0.00061740214,Open
07d7d547-c303-4f17-8e6e-47d07d812172,Cloud Brigade,information_technology_company,101 Cooper St,https://www.cloudbrigade.com/,1.0,14,2,1,1,0,1,information_technology_company,1,1,1,1,1,0,0,1,1,,0,1,2,1.0,0,,200.0,0.0,0.0,0.0,0.0,3,0,0,0,1,0,1,0.0,0.0006129891,Open
381c7167-1ae2-495e-9de1-87dfe9827572,Kyle R. Keene,naturopathic_holistic,740 Front St,,,14,2,0,1,0,1,naturopathic_holistic,2,0,0,1,1,0,0,1,1,,0,1,2,,0,,,,,0.0,0.0,2,0,0,0,1,0,1,0.0,0.0006001988,Open
4ea8a41d-7cec-49ae-9ccc-379402c763ba,Chestnut Street Apartment,landmark_and_historical_building,530 Chestnut St,,,14,2,0,1,0,1,landmark_and_historical_building,2,0,0,1,1,0,0,1,1,,0,1,2,,0,,,,,0.0,0.0,2,0,0,0,1,0,1,0.0,0.0006001988,Open
8649a38b-74d7-4e53-be3b-05dcc88628d0,Pixeltools Corporation,software_development,1205 Pacific Ave,http://pixeltools.com/,0.0,14,2,1,1,0,1,software_development,1,1,1,1,1,0,0,1,1,,0,1,2,0.0,0,,502.0,0.0,0.0,0.0,0.0,3,0,0,0,1,0,1,1.0,0.0005825754,Open
81457ed2-2456-4691-97b3-fa3ee8dd7dc6,Comerica Bank,bank_credit_union,25 River St,https://locations.comerica.com/location/santa-cruz-main,1.0,14,2,1,1,0,1,bank_credit_union,2,1,1,1,1,0,0,1,1,Comerica Bank,1,1,2,1.0,0,,200.0,0.0,0.0,0.0,0.0,3,0,0,0,1,0,1,0.0,0.0005651752,Open
49e7eecd-cdee-498f-ae85-8bbae2a4a263,The 24 Hours of Lemons,race_track,1015 Cedar St,http://www.24hoursoflemons.com/,1.0,14,2,1,0,0,1,race_track,2,1,1,0,0,0,0,1,1,,0,1,2,1.0,0,,200.0,0.0,0.0,0.0,0.0,2,0,0,0,1,0,1,0.0,0.0005409169,Open
db3be516-70b6-4c7a-a09e-e135d69564ee,KeyMe Locksmiths,key_and_locksmith,602 Laurel St,https://key.me/kiosks/california/santa-cruz/santa-cruz/locksmith-duplicate-keys-santa-cruz-7-eleven-95060-california,1.0,14,2,1,1,0,1,key_and_locksmith,1,1,1,1,1,0,0,1,1,KeyMe Locksmiths,1,1,2,1.0,0,,200.0,0.0,0.0,0.0,0.0,3,0,0,0,1,0,1,0.0,0.00053014606,Open
e010ac69-bd09-4898-903b-97fad92c6392,Authentic,property_management,310 Locust St,http://authenticre.com/,1.0,14,2,1,1,0,1,property_management,0,1,1,1,1,0,0,1,1,,0,1,2,1.0,0,,200.0,0.0,0.0,0.0,0.0,3,0,0,0,1,0,1,0.0,0.0004972528,Open
99676bbc-e3a9-4735-a0a3-b4d3b17291bb,Santa Cruz Property Management-Utopia ,property_management,343 Church St,https://utopiamanagement.com/,1.0,14,2,1,1,0,1,property_management,0,1,1,1,1,0,0,1,1,,0,1,2,1.0,0,,200.0,0.0,0.0,0.0,0.0,3,0,0,0,1,0,1,0.0,0.0004972528,Open
33c416cc-d7d5-4452-9347-99283f1ef486,Amtrak-Santa Cruz,bus_station,920 Pacific Ave,,,14,2,0,0,0,1,bus_station,2,0,0,0,0,0,0,1,1,,0,1,2,,0,,,,,0.0,0.0,1,0,0,0,1,0,1,0.0,0.0004901294,Open
a5cc7903-94a6-43bf-8b30-8b1dcdd4b864,FedEx Office Print & Ship Center,shipping_center,712 Front St,https://local.fedex.com/en-us/ca/santa-cruz/office-5102,1.0,14,2,1,1,0,1,shipping_center,1,1,1,1,1,0,0,1,1,FedEx Ship Center,1,1,2,1.0,0,,200.0,0.0,0.0,0.0,0.0,3,0,0,0,1,0,1,0.0,0.0004853159,Open
6145052f-6bd1-4c54-8b69-fa46f3b76b76,MME Civil and Structural Engineering,engineering_services,224 Walnut Ave,http://www.m-me.com/,1.0,14,2,1,1,0,1,engineering_services,0,1,1,1,1,0,0,1,1,,0,1,2,1.0,0,,200.0,0.0,0.0,0.0,0.0,3,0,0,0,1,0,1,0.0,0.00044015102,Open
658b8aed-721a-411f-a8de-fba4de231bfb,Smart Legal Solutions,lawyer,406 Mission St,,,14,2,0,1,0,1,lawyer,2,0,0,1,1,0,0,1,1,,0,1,2,,0,,,,,0.0,0.0,2,0,0,0,1,0,1,0.0,0.00037366417,Open
44cfa790-9f5e-48f5-9883-b9a8c24d8627,Santa Cruz Downtown Historic District,park,,http://downtown-neighborhood-historic-district.placestars.com,1.0,14,2,1,0,0,0,park,2,1,1,0,0,0,0,1,1,,0,0,2,1.0,0,,403.0,0.0,0.0,0.0,0.0,1,0,0,0,1,0,1,0.0,0.00036121072,Open
558c13e2-155e-43e8-bed4-f0ea77c8b949,Epiphany Recording Studio,music_production,341 Union St,http://www.epiphanyrecordingstudio.com/,1.0,14,2,1,0,0,1,music_production,0,1,1,0,0,0,0,1,1,,0,1,2,1.0,0,,405.0,0.0,0.0,0.0,0.0,2,0,0,0,1,0,1,0.0,0.00035416565,Open
301d0bed-ca02-438f-8017-be1ccbd09191,The Fábrica,community_services_non_profits,703 Pacific Ave,https://thefabricaworkshop.org/,1.0,14,2,1,0,0,1,community_services_non_profits,2,1,1,0,0,0,0,1,1,,0,1,2,1.0,0,,200.0,0.0,0.0,0.0,0.0,2,0,0,0,1,0,1,0.0,0.00031871736,Open
eeda1cb4-c47f-47e2-85ea-98fa6c55a280,Leadership Santa Cruz County,community_services_non_profits,101 Cooper St,https://www.leadershipsantacruzcounty.org/,1.0,14,2,1,0,0,1,community_services_non_profits,1,1,1,0,0,0,0,1,1,,0,1,2,1.0,0,,200.0,0.0,0.0,0.0,0.0,2,0,0,0,1,0,1,0.0,0.00026221081,Open
b1ffceaa-1d1e-4f29-a1d0-a0807349c1e0,Free Skool Santa Cruz,community_services_non_profits,703 Pacific Ave,https://freeskoolsantacruz.wordpress.com/,1.0,14,2,1,0,0,1,community_services_non_profits,1,1,1,0,0,0,0,1,1,,0,1,2,1.0,0,,200.0,0.0,0.0,0.0,0.0,2,0,0,0,1,0,1,0.0,0.00026221081,Open
86f544b3-0335-4c17-b939-ffa17500f511,Psychedelic Santa Cruz,community_services_non_profits,738 Chestnut St,https://psychedelicsantacruz.org/,1.0,14,2,1,0,0,1,community_services_non_profits,1,1,1,0,0,0,0,1,1,,0,1,2,1.0,0,,200.0,0.0,0.0,0.0,0.0,2,0,0,0,1,0,1,0.0,0.00026221081,Open
3dde3bc3-0527-4e7c-8fc8-babf4f426135,Think Local First Santa Cruz,community_services_non_profits,1515 Pacific Ave,http://www.thinklocalsantacruz.org/,1.0,14,2,1,0,0,1,community_services_non_profits,1,1,1,0,0,0,0,1,1,,0,1,2,1.0,0,,200.0,0.0,0.0,0.0,0.0,2,0,0,0,1,0,1,0.0,0.00026221081,Open
5d9d7a38-8194-4a50-931b-636ee59dc028,Neurolutions,medical_research_and_development,1101 Pacific Ave,http://neurolutions.com/,0.0,14,2,1,0,0,1,medical_research_and_development,2,1,1,0,0,0,0,1,1,,0,1,2,0.0,0,,406.0,1.0,0.0,0.0,0.0,2,0,0,0,1,0,1,1.0,0.00025473573,Open
58e61a70-bd65-491b-83b2-15ad94d48825,Lama Lekshey Zangpo Rinpoche,meditation_center,740 Front St,http://lamalakshey.org/,0.0,14,2,1,0,0,1,meditation_center,0,1,1,0,0,0,0,1,1,,0,1,2,0.0,0,,404.0,1.0,0.0,0.0,0.0,2,0,0,0,1,0,1,1.0,0.00024355356,Open
8973ce7a-2eb6-492b-9990-bff4378d2f22,Laurel Park,park,301 Center St,http://www.laurelpark.com,1.0,14,2,1,0,0,1,park,2,1,1,0,0,0,0,1,1,,0,1,2,1.0,0,,200.0,0.0,0.0,0.0,0.0,2,0,0,0,1,0,1,0.0,0.00023714955,Open
4be94d3c-6d23-473e-b132-e02e0a15f67a,EDI Educators,community_services_non_profits,175 Walnut Ave,https://edieducators.org/,1.0,14,2,1,0,0,1,community_services_non_profits,0,1,1,0,0,0,0,1,1,,0,1,2,1.0,0,,200.0,0.0,0.0,0.0,0.0,2,0,0,0,1,0,1,0.0,0.00018527468,Open
71297115-194e-4feb-9e13-77b1917d3056,Bobcat Technologies,software_development,101 Cooper St,http://www.bobcattechnologies.com/,1.0,14,2,1,0,0,1,software_development,0,1,1,0,0,0,0,1,1,,0,1,2,1.0,0,,200.0,0.0,0.0,0.0,0.0,2,0,0,0,1,0,1,0.0,0.00014480755,Open
