id,name,category_primary,address_freeform,website,url_alive,days_since_update,source_count,has_website,has_phone,has_email,has_address,category_primary,category_alt_count,website_count,has_website,phone_count,has_phone,email_count,has_email,social_count,has_social,has_brand,has_address,source_count,days_since_update,url_alive,contact_richness,src_AllThePlaces,src_DAC,src_Foursquare,src_Microsoft,src_Overture,src_PinMeTo,src_meta,probability_closed,prediction
cfc45e65-12c7-43c9-b82c-21b648a08d2e,Americas Best Value Inn Mountain View,resort,1012 W El Camino Real,,,12,2,1,1,0,1,resort,3,1,1,1,1,0,0,0,0,0,1,2,12,,3,0,0,0,1,1,0,0,0.028654393,Open
6dafd130-8688-4809-a549-3216472987e1,Budget Motel,motel,1028 W El Camino Real,http://www.budgetmotelmv.net,1.0,12,2,1,1,0,1,motel,2,1,1,1,1,0,0,1,1,0,1,2,12,1.0,3,0,0,0,0,1,0,1,0.0016600039,Open
9cfa7b7f-09a3-457e-a0d2-ced6d7e30f69,Terra Patio & Garden,furniture_store,1064 W El Camino Real,http://www.terrapatio.com,1.0,903,2,1,1,0,1,furniture_store,0,1,1,1,1,0,0,0,0,0,1,2,903,1.0,3,0,0,1,0,1,0,0,0.91409683,Closed
88ef4f0f-fcd4-4feb-8826-13bf69ab4612,Terra Outdoor Living,outdoor_furniture_store,1064 W El Camino Real,https://terraoutdoor.com/,1.0,12,2,1,1,0,1,outdoor_furniture_store,2,1,1,1,1,0,0,0,0,0,1,2,12,1.0,3,0,0,0,1,1,0,0,0.009850112,Open
b35a52be-bce1-43c3-a5fe-ee2407fdffbb,K Z Kitchen Cabinets & Stone,retail,1015 W El Camino Real,http://kzkitchen.com,1.0,621,2,1,1,0,1,retail,0,1,1,1,1,0,0,0,0,0,1,2,621,1.0,3,0,0,1,0,1,0,0,0.08488606,Open
a5500cfd-71b4-4727-852e-ac3b4ec7c988,Edward Jones,financial_advising,1045 W El Camino Real,https://www.edwardjones.com/mandy-andrei,1.0,12,2,1,1,0,1,financial_advising,2,1,1,1,1,0,0,1,1,0,1,2,12,1.0,3,0,0,0,0,1,0,1,0.001430045,Open
3ac48a39-e88d-4c89-90bc-1b93f04f76e1,Prime Dental,dentist,1045 W El Camino Real,http://www.primeimplantcenter.com/,0.0,12,2,1,1,0,1,dentist,2,1,1,1,1,0,0,1,1,0,1,2,12,0.0,3,0,0,0,0,1,0,1,0.0022140057,Open
286c2a62-13b8-4dff-8b12-38f23c346d53,Suzy Barber,barber,1051 W El Camino Real,http://www.boosky.com/,1.0,12,2,1,1,0,1,barber,2,1,1,1,1,0,0,1,1,0,1,2,12,1.0,3,0,0,0,0,1,0,1,0.0014380114,Open
a4bf93d0-164d-4920-97b0-c32a66b1a452,Mandy Andrei,financial_advising,1045 W El Camino Real Suite C,https://www.edwardjones.com/us-en/financial-advisor/mandy-andrei,1.0,12,2,1,0,0,1,financial_advising,0,1,1,0,0,0,0,2,1,1,1,2,12,1.0,2,1,0,0,0,1,0,0,0.002188286,Open
0a9056e0-9ddc-40dc-a63a-8d51403cf0d6,Taco Bell,fast_food_restaurant,950 W El Camino Real,http://www.tacobell.com,1.0,339,2,1,1,0,1,fast_food_restaurant,0,1,1,1,1,0,0,3,1,0,1,2,339,1.0,3,0,0,1,0,1,0,0,0.8863352,Closed
c3fce88c-d954-4b00-a7bb-b662d35898f8,"Starbucks, 177 W El Camino Real, Mountain View, Ca",coffee_shop,1003 W El Camino Real,,,12,2,0,0,0,1,coffee_shop,1,0,0,0,0,0,0,1,1,0,1,2,12,,1,0,0,0,0,1,0,1,0.0010944987,Open
53b88eab-14f1-4e3c-ae63-476a406dff82,Church in Mountain View,church_cathedral,912 W El Camino Real,https://thechurchinmountainview.org,1.0,12,2,1,1,0,1,church_cathedral,1,1,1,1,1,0,0,1,1,0,1,2,12,1.0,3,0,0,0,0,1,0,1,0.0004395135,Open
66942fad-f43e-4614-989c-bfe594a485fb,Tirupathi Bhimas,indian_restaurant,856 W El Camino Real,http://www.tirupathibhimas.us/#/home,0.0,339,2,1,1,0,1,indian_restaurant,0,1,1,1,1,0,0,0,0,0,1,2,339,0.0,3,0,0,1,0,1,0,0,0.6842944,Closed
2842aa59-959a-497c-8128-6d34cedcdd2b,Vada Pav,indian_restaurant,856 W El Camino Real,http://vadapavusa.com,1.0,336,2,1,0,0,1,indian_restaurant,0,1,1,0,0,0,0,1,1,0,1,2,336,1.0,2,0,0,1,0,1,0,0,0.99748576,Closed
3418fbf9-5cd8-430d-a71f-de11b67499ba,Chennai Kings,pan_asian_restaurant,856 W El Camino Real,http://chennaikingsmountainviewca.com/,0.0,12,2,1,1,0,1,pan_asian_restaurant,2,1,1,1,1,0,0,0,0,0,1,2,12,0.0,3,0,0,0,1,1,0,0,0.025015872,Open
f1649db5-9e7c-4784-9b38-0c4dcc6eb040,Ego Blinds,furniture_store,856 W El Camino Real #B,http://egoblinds.com,1.0,146,2,1,1,0,1,furniture_store,0,1,1,1,1,0,0,1,1,0,1,2,146,1.0,3,0,0,1,0,1,0,0,0.013717287,Open
87fd6da8-067a-4849-9eba-0e5cdac98bf4,Ethereal Glow Aesthetics,medical_spa,856 W El Camino Real,http://etherealglowaesthetics.com/,1.0,12,2,1,1,0,1,medical_spa,1,1,1,1,1,0,0,1,1,0,1,2,12,1.0,3,0,0,0,0,1,0,1,0.0012767038,Open
be769ddf-1883-4bf4-8522-6752aa9b4030,Safari Kid,preschool,856 W El Camino Real,http://safarikidusa.com/,1.0,12,2,1,1,0,1,preschool,2,1,1,1,1,0,0,1,1,0,1,2,12,1.0,3,0,0,0,0,1,0,1,0.0010073761,Open
c3147037-ded0-494f-938c-5168518d308b,RRR Biryanis,indian_restaurant,856 W El Camino Real,http://www.rrrbiryanis.us/,0.0,12,2,1,1,0,1,indian_restaurant,2,1,1,1,1,0,0,1,1,0,1,2,12,0.0,3,0,0,0,0,1,0,1,0.048849028,Open
52ee191c-ea84-4132-b9e8-61a09e63f46e,Mercer Advisors,investing,800 W El Camino Real,https://www.merceradvisors.com/location/mountain-view-silicon-valley/,1.0,12,2,1,1,0,1,investing,2,1,1,1,1,0,0,1,1,1,1,2,12,1.0,3,0,0,0,0,1,0,1,0.002874814,Open
2d500dea-52a9-4ef1-8cd6-74d14f19ea0f,Hathorn Insurance Agency,insurance_agency,800 W El Camino Real,http://www.hathorninsurance.com/,1.0,12,2,1,1,0,1,insurance_agency,0,1,1,1,1,0,0,1,1,0,1,2,12,1.0,3,0,0,0,0,1,0,1,0.00036299697,Open
67f9159e-f3d6-4d1e-8fb7-ba984946f96b,Platform9 Systems,software_development,800 W El Camino Real,https://platform9.com/,1.0,12,2,1,1,0,1,software_development,2,1,1,1,1,0,0,1,1,0,1,2,12,1.0,3,0,0,0,0,1,0,1,0.0014380114,Open
c6348208-a32a-4d64-9e5d-4bcebd8b69f7,Wealth Architects,financial_advising,800 W El Camino Real,http://www.wealtharchitects.com,1.0,12,2,1,1,0,1,financial_advising,1,1,1,1,1,0,0,1,1,0,1,2,12,1.0,3,0,0,0,0,1,0,1,0.0006490237,Open
578cd019-24ca-4fe7-be22-343b56384566,Miko Robot USA,information_technology_company,800 W El Camino Real,http://bz-intelligentrobot.com/,0.0,12,2,1,1,0,1,information_technology_company,2,1,1,1,1,0,0,1,1,0,1,2,12,0.0,3,0,0,0,0,1,0,1,0.0023622664,Open
35928a85-18e8-4bb8-8c36-e9c8dd89c2d6,Element Home Remodeling,contractor,800 W El Camino Real,https://elementhomeremodeling.com/,1.0,12,2,1,1,0,1,contractor,2,1,1,1,1,0,0,1,1,0,1,2,12,1.0,3,0,0,0,0,1,0,1,0.0016904869,Open
4d92547b-c1a4-4fa8-b89d-04827aeeba7f,Bonnie Li Accounting and Tax Service,trusts,800 W El Camino Real,http://www.bonniecpa.com,1.0,12,2,1,1,0,1,trusts,2,1,1,1,1,0,0,1,1,0,1,2,12,1.0,3,0,0,0,0,1,0,1,0.0014380114,Open
2a7810d1-561f-428a-8dc8-a25228421785,Kalia Law P.C.,lawyer,800 W El Camino Real,http://www.kalialawpc.com/,1.0,12,2,1,1,0,1,lawyer,2,1,1,1,1,0,0,1,1,0,1,2,12,1.0,3,0,0,0,0,1,0,1,0.0014380114,Open
453ab265-b55c-4925-8b98-c5e6ded10201,LeverX Inc,event_planning,800 W El Camino Real,https://leverx.com/products/ips-integrated-process-solution,1.0,12,2,1,1,0,1,event_planning,2,1,1,1,1,0,0,1,1,0,1,2,12,1.0,3,0,0,0,0,1,0,1,0.0014380114,Open
69b1565e-f2ca-4cb6-99a9-581d90928d08,Koncept Education Inc.,tutoring_center,800 W El Camino Real,http://keykoncept.com/,1.0,12,2,1,1,0,1,tutoring_center,2,1,1,1,1,0,0,1,1,0,1,2,12,1.0,3,0,0,0,0,1,0,1,0.00075953413,Open
3ea0e1ee-373f-4782-ad61-9f47b1507bb5,Beer Garage AB InBev,pub,800 W El Camino Real,,,12,2,0,0,0,1,pub,1,0,0,0,0,0,0,1,1,0,1,2,12,,1,0,0,0,0,1,0,1,0.008244375,Open
466ce6c8-9156-445a-a1da-6137f1f93324,Tanis Communications,public_relations,800 W El Camino Real,http://www.taniscomm.com/,1.0,12,2,1,1,0,1,public_relations,2,1,1,1,1,0,0,1,1,0,1,2,12,1.0,3,0,0,0,0,1,0,1,0.0014380114,Open
c4487e29-a76d-4303-aab0-280708299223,Omnify,software_development,800 W El Camino Real,https://www.getomnify.com/,1.0,12,2,1,1,0,1,software_development,0,1,1,1,1,0,0,1,1,0,1,2,12,1.0,3,0,0,0,0,1,0,1,0.0007938093,Open
ac966c8e-655e-47a2-ba49-ffa34ec70d12,Rabbit Groomers Inc,pet_groomer,800 W El Camino Real,https://rabbitgroomers.com/,1.0,12,2,1,1,0,1,pet_groomer,1,1,1,1,1,0,0,1,1,0,1,2,12,1.0,3,0,0,0,0,1,0,1,0.00093226106,Open
4ed04766-97bb-41ea-baf9-aef2dce0585f,CD Web Marketing,marketing_agency,800 W El Camino Real,,,12,2,0,1,0,1,marketing_agency,2,0,0,1,1,0,0,1,1,0,1,2,12,,2,0,0,0,0,1,0,1,0.00045828213,Open
7aa37f8b-d4e4-4528-a7b5-0091012b03c3,Grit Mindset Therapy,psychologist,800 W El Camino Real,http://gritmindsettherapy.com/,1.0,12,2,1,1,0,1,psychologist,1,1,1,1,1,0,0,1,1,0,1,2,12,1.0,3,0,0,0,0,1,0,1,0.0003814768,Open
a1396d9f-5a1d-4370-8520-15590b13eb4e,Arctic Grey,web_designer,800 W El Camino Real,https://www.arcticgrey.com/,1.0,12,2,1,1,0,1,web_designer,2,1,1,1,1,0,0,1,1,0,1,2,12,1.0,3,0,0,0,0,1,0,1,0.0016904869,Open
f7344936-ac7b-45c3-be70-675a038192ca,Dolatch Construction Inc,construction_services,800 W El Camino Real,http://www.dolatch.com/,1.0,12,2,1,1,0,1,construction_services,1,1,1,1,1,0,0,1,1,0,1,2,12,1.0,3,0,0,0,0,1,0,1,0.0012767038,Open
60e43516-73f8-4492-8b97-a858c1c70692,Elevate Group,real_estate_agent,800 W El Camino Real,https://www.goelevategroup.com/members/jen-beehler/,1.0,12,2,1,1,0,1,real_estate_agent,2,1,1,1,1,0,0,1,1,0,1,2,12,1.0,3,0,0,0,0,1,0,1,0.003228637,Open
523d8e95-5d9c-4ec4-a20e-71f63cd49b86,Protonshub Technologies,software_development,800 W El Camino Real,http://www.protonshub.com/?utm_source=facebook&utm_medium=page,1.0,12,2,1,1,0,1,software_development,0,1,1,1,1,0,0,1,1,0,1,2,12,1.0,3,0,0,0,0,1,0,1,0.0007938093,Open
b5260cdf-e9e1-4ff0-920f-f00f68aacb5c,WhoAPI,software_development,800 W El Camino Real,https://whoapi.com/,1.0,12,2,1,1,0,1,software_development,1,1,1,1,1,0,0,1,1,0,1,2,12,1.0,3,0,0,0,0,1,0,1,0.0012767038,Open
66ca1459-c892-4c36-b658-4f013c0f90eb,"Ricksoft, Inc.",software_development,800 W El Camino Real,https://www.ricksoft-inc.com/,1.0,12,2,1,1,0,1,software_development,0,1,1,1,1,0,0,1,1,0,1,2,12,1.0,3,0,0,0,0,1,0,1,0.0007938093,Open
3adb8a92-73e9-447e-9118-71ce44f6ac25,Utobo Inc,software_development,800 W El Camino Real,http://online.utobo.com/,1.0,12,2,1,1,0,1,software_development,0,1,1,1,1,0,0,1,1,0,1,2,12,1.0,3,0,0,0,0,1,0,1,0.0007938093,Open
1c1704cf-c454-494b-9a36-b8324b5b869b,EOS Data Analytics,software_development,800 W El Camino Real,https://eos.com/,1.0,12,2,1,0,0,1,software_development,2,1,1,0,0,0,0,1,1,0,1,2,12,1.0,2,0,0,0,0,1,0,1,0.00038564097,Open
8a3f03eb-a3b3-4437-a80b-b9eed52502fd,Trucking Companies Hiring,freight_and_cargo_service,800 W El Camino Real,https://www.truckingcompanieshiring.com/,1.0,12,2,1,1,0,1,freight_and_cargo_service,1,1,1,1,1,0,0,1,1,0,1,2,12,1.0,3,0,0,0,0,1,0,1,0.0020856624,Open
015c8dc0-780d-4bbd-a129-eec9a7dceb15,Eploy 247,professional_services,800 W El Camino Real,http://www.eploy247.com/,0.0,12,2,1,1,0,1,professional_services,0,1,1,1,1,0,0,1,1,0,1,2,12,0.0,3,0,0,0,0,1,0,1,0.0009099299,Open
59036ff1-77b3-4c36-a72a-a97dc0a37a35,EVelopers,software_development,800 W El Camino Real,http://evelopers.com/,1.0,12,2,1,1,0,1,software_development,0,1,1,1,1,0,0,1,1,0,1,2,12,1.0,3,0,0,0,0,1,0,1,0.0007938093,Open
0f99d5a7-dfb9-4ba3-9816-e8af3c247f99,Resume Target San Francisco,writing_service,800 W El Camino Real,https://www.resumetarget.com/location/california-ca/san-francisco/?utm_medium=organic&utm_source=facebook&utm_term=sanfrancisco-profile,1.0,12,2,1,1,0,1,writing_service,2,1,1,1,1,0,0,1,1,1,1,2,12,1.0,3,0,0,0,0,1,0,1,0.002874814,Open
7e8e3f4d-8227-4da0-9c70-9e408d2c4a6b,All Green Electronics Recycling,recycling_center,800 W El Camino Real,https://www.allgreenrecycling.com/mountain-view-electronic-waste-recycling/,1.0,12,2,1,1,0,1,recycling_center,2,1,1,1,1,0,0,1,1,0,1,2,12,1.0,3,0,0,0,0,1,0,1,0.0014380114,Open
186ee2db-7bfa-4295-9c05-856f79d7c35d,Customer Rush Marketing,advertising_agency,800 W El Camino Real,http://www.customerrush.com/content-marketing/eliminate-content-marketing-overwhelm/,1.0,12,2,1,1,0,1,advertising_agency,2,1,1,1,1,0,0,1,1,0,1,2,12,1.0,3,0,0,0,0,1,0,1,0.0046781045,Open
df3c9810-d594-4f61-bc3f-a910c65ab47b,Silicon Valley Heights,real_estate,800 W El Camino Real,http://www.svheights.com,1.0,12,2,1,1,0,1,real_estate,1,1,1,1,1,0,0,1,1,0,1,2,12,1.0,3,0,0,0,0,1,0,1,0.0012767038,Open
b01e58db-06a3-45f6-b775-e667f64bf1fe,LogicHub,software_development,800 W El Camino Real,http://www.logichub.com/,1.0,12,2,1,1,0,1,software_development,2,1,1,1,1,0,0,1,1,0,1,2,12,1.0,3,0,0,0,0,1,0,1,0.0014380114,Open
35d79b87-29a2-468d-95d3-3e29b3298077,Beacon Wealth Advisory,financial_advising,800 W El Camino Real,https://www.beaconwa.com/,1.0,12,2,1,1,0,1,financial_advising,2,1,1,1,1,0,0,1,1,0,1,2,12,1.0,3,0,0,0,0,1,0,1,0.001430045,Open
4f818059-fa2e-4cdb-99b1-189d981a8c9f,Sabohc,software_development,800 W El Camino Real,https://www.sabohc.com/,1.0,12,2,1,1,0,1,software_development,2,1,1,1,1,0,0,1,1,0,1,2,12,1.0,3,0,0,0,0,1,0,1,0.0014380114,Open
7d032b10-64a5-4d46-87fa-651bc6711db3,Intelligent Mortgage Inc,mortgage_broker,800 W El Camino Real,https://www.intelligentmortgage.com/quote/,0.0,12,2,1,1,0,1,mortgage_broker,0,1,1,1,1,0,0,1,1,0,1,2,12,0.0,3,0,0,0,0,1,0,1,0.0025204038,Open
330b343c-7c48-4c47-a323-4eaa0a7384b0,Menlo Security,software_development,800 W El Camino Real,https://www.menlosecurity.com/,1.0,12,2,1,1,0,1,software_development,2,1,1,1,1,0,0,1,1,0,1,2,12,1.0,3,0,0,0,0,1,0,1,0.0014380114,Open
6bd4836c-cdab-4add-b156-718979b6a3f6,Picturelab,event_photography,800 W El Camino Real,http://www.picturelab.com/,1.0,12,2,1,1,0,1,event_photography,1,1,1,1,1,0,0,1,1,0,1,2,12,1.0,3,0,0,0,0,1,0,1,0.0012767038,Open
42bf4317-6a6d-451c-94cc-4867c8c95a9c,CISC Semiconductor Corp.,software_development,800 W El Camino Real,http://www.cisc-semiconductor.com/,1.0,12,2,1,1,0,1,software_development,2,1,1,1,1,0,0,1,1,0,1,2,12,1.0,3,0,0,0,0,1,0,1,0.0014380114,Open
1a71277e-f314-4535-a50d-d3dfe367cf83,Protonshub Technologies,business,"800 W El Camino Real Suite 180, Mountain View, CA 94040, United States",https://www.protonshub.com,1.0,143,2,1,1,0,1,business,0,1,1,1,1,0,0,1,1,0,1,2,143,1.0,3,0,0,1,0,1,0,0,0.003209284,Open
8fd171b8-fa4e-4ba2-9928-41a226676de7,Peninsula Law Group APLC,legal_services,800 W El Camino Real Ste 180,https://www.plg1.com,1.0,283,2,1,1,0,1,legal_services,0,1,1,1,1,0,0,0,0,0,1,2,283,1.0,3,0,0,1,0,1,0,0,0.02527545,Open
78d91eb2-45d9-4555-b780-194f9e5b25ff,Amici's East Coast Pizzeria,pizza_restaurant,790 Castro St,https://www.amicis.com/location_details.asp?id=4&d=Mountain%20View;,1.0,12,2,1,1,0,1,pizza_restaurant,1,1,1,1,1,0,0,0,0,0,1,2,12,1.0,3,0,0,0,1,1,0,0,0.107796244,Open
67930f5b-64cc-4f59-8e81-64da476f78e2,Sana'a Cafe,cafe,650 Castro Street Suite 110,https://sanaahousecafe.com,1.0,85,2,1,1,0,1,cafe,0,1,1,1,1,0,0,1,1,0,1,2,85,1.0,3,0,0,1,0,1,0,0,0.024716211,Open
12406b6a-c6f1-4c9a-9635-10b22b931257,The UPS Store 1847,shipping_center,650 Castro St,https://locations.theupsstore.com/ca/mountain-view/650-castro-st?utm_source=Yext&utm_medium=organic&utm_campaign=Listings,1.0,12,2,1,1,0,1,shipping_center,2,1,1,1,1,0,0,1,1,1,1,2,12,1.0,3,0,0,0,0,1,0,1,0.002874814,Open
442bce10-30a6-443d-9f93-6ce3a7aef72b,1 Oz Coffee,coffee_shop,650 Castro St,http://www.1ozcoffee.com/,1.0,12,2,1,1,0,1,coffee_shop,2,1,1,1,1,0,0,1,1,0,1,2,12,1.0,3,0,0,0,0,1,0,1,0.0117646195,Open
8ab35ddd-6895-4cc1-9a52-ae41f077ba45,Shred Nations,shredding_services,650 Castro St,https://www.shrednations.com/mountain-view/?utm_source=facebook&utm_medium=retail&utm_campaign=sn-deci-facebook-internal-mapslisting,1.0,12,2,1,1,0,1,shredding_services,1,1,1,1,1,0,0,1,1,1,1,2,12,1.0,3,0,0,0,0,1,0,1,0.0023156605,Open
230554dc-2f97-40da-b539-c324de3e8961,Mediterranean Grill House,mediterranean_restaurant,650 Castro St,http://mediterraneangrillhouse.com/index.htm,0.0,12,2,1,1,0,1,mediterranean_restaurant,2,1,1,1,1,0,0,1,1,0,1,2,12,0.0,3,0,0,0,0,1,0,1,0.033839576,Open
ce2693e5-e62e-44dc-90d3-5bcbe05799b7,Starbucks,coffee_shop,750 Castro St,https://www.starbucks.com/store-locator/store/11148/,1.0,12,2,1,1,0,1,coffee_shop,2,1,1,1,1,0,0,1,1,1,1,2,12,1.0,3,0,0,0,0,1,0,1,0.0067617917,Open
8247a6b6-505f-4437-9aac-f04cca6a1cfa,Gluten Free Pizza Garden (Mountain View),restaurant,790 Castro St,https://mountainview.glutenfreepizzagarden.com/?utm_source=bing&utm_medium=websiteurl&utm_campaign=search,1.0,12,2,1,1,0,1,restaurant,0,1,1,1,1,0,0,0,0,0,1,2,12,1.0,3,0,0,0,1,1,0,0,0.024001043,Open
ee90b85f-68e6-4936-83ae-88132b37c039,Spangler Mortuary,funeral_services_and_cemeteries,799 Castro St,http://www.spanglermortuary.com/,1.0,12,2,1,1,0,1,funeral_services_and_cemeteries,0,1,1,1,1,0,0,1,1,0,1,2,12,1.0,3,0,0,0,0,1,0,1,0.00032921482,Open
565ea426-59a3-475c-bc8c-78a7923dd47e,Fleur De Lis Florist,flowers_and_gifts_shop,811 Castro St,http://www.fdlflowers.com/,1.0,12,2,1,1,0,1,flowers_and_gifts_shop,1,1,1,1,1,0,0,1,1,0,1,2,12,1.0,3,0,0,0,0,1,0,1,0.001962329,Open
34efa1a3-45c6-45fb-9320-4f9237ecb0fe,Mountain View Funeral and Cremation Service - The Casket Store,cremation_services,805 Castro St,,,12,2,1,1,0,1,cremation_services,1,1,1,1,1,0,0,0,0,0,1,2,12,,3,0,0,0,1,1,0,0,0.015852554,Open
4b64e151-b540-41cf-9bda-ff2764b51b3d,Health Gorilla,software_development,800 W El Camino Real,https://healthgorilla.com/,1.0,12,2,1,1,0,1,software_development,1,1,1,1,1,0,0,1,1,0,1,2,12,1.0,3,0,0,0,0,1,0,1,0.0012767038,Open
c23ae52c-9097-4847-823f-de7485cdc4bc,IWANDO,software_development,800 W El Camino Real,https://iwando.com/,1.0,12,2,1,1,0,1,software_development,2,1,1,1,1,0,0,1,1,0,1,2,12,1.0,3,0,0,0,0,1,0,1,0.0014380114,Open
fbe98589-1ffb-4747-a62f-ffbff7163679,Pactum AI Inc.,software_development,800 W El Camino Real,http://www.pactum.com/,1.0,12,2,1,0,0,1,software_development,0,1,1,0,0,0,0,1,1,0,1,2,12,1.0,2,0,0,0,0,1,0,1,0.00028912723,Open
a4153d0c-6cb8-4499-acf7-3b89193f8530,Real X Inc,software_development,800 W El Camino Real,https://ripe.ai/i/0mj0u18w/july2020,0.0,12,2,1,1,0,1,software_development,1,1,1,1,1,0,0,1,1,0,1,2,12,0.0,3,0,0,0,0,1,0,1,0.0031757231,Open
a8414aac-337c-4006-b18f-d11f547fa89c,Car Hire Mountain View/Deliveries | SIXT rent a car,car_rental_agency,800 West El Camino Real,https://www.sixt.co.uk/car-hire/usa/mountain-view-ca/mountain-view-deliveries/,1.0,12,2,1,0,0,1,car_rental_agency,0,1,1,0,0,0,0,1,1,1,1,2,12,1.0,2,1,0,0,0,1,0,0,0.014425762,Open
55cfd1e7-70aa-467b-a454-75d34aedd377,Power Rise: PE Investment in China and US,financial_service,800 W El Camino Real,http://www.powerriseus.com/,0.0,12,2,1,1,0,1,financial_service,2,1,1,1,1,0,0,1,1,0,1,2,12,0.0,3,0,0,0,0,1,0,1,0.007852571,Open
bddf5776-98f8-4781-9078-b0483ebc7a75,Modlin Legal,lawyer,800 W El Camino Real,http://www.modlinlegal.com/,0.0,12,2,1,1,0,1,lawyer,2,1,1,1,1,0,0,1,1,0,1,2,12,0.0,3,0,0,0,0,1,0,1,0.003272911,Open
8bdc6eac-958c-43c7-8809-60461e046088,Chop Chop Landscaping,landscaping,800 W El Camino Real,https://www.landscapingmountainviewca.com/,1.0,12,2,1,1,0,1,landscaping,2,1,1,1,1,0,0,1,1,0,1,2,12,1.0,3,0,0,0,0,1,0,1,0.0014380114,Open
854500c8-7c4e-4002-b7f5-acfec9549938,Resume Target Palo Alto,career_counseling,800 W El Camino Real #180,,,12,2,1,1,0,1,career_counseling,2,1,1,1,1,0,0,0,0,0,1,2,12,,3,0,0,0,1,1,0,0,0.011932223,Open
b32e71e3-7516-474a-a281-a5baf46d8aaa,Doota,software_development,800 W El Camino Real,http://www.doota.io/,0.0,12,2,1,1,0,1,software_development,0,1,1,1,1,0,0,1,1,0,1,2,12,0.0,3,0,0,0,0,1,0,1,0.0025204038,Open
fcd4a44a-70f3-40f4-9898-14b298ec86f1,Alcorn Immigration Law,immigration_law,800 W El Camino Real Ste 180,https://www.alcorn.law/,1.0,12,2,1,1,0,1,immigration_law,0,1,1,1,1,0,0,0,0,0,1,2,12,1.0,3,0,0,0,1,1,0,0,0.010246237,Open
5e4988ae-7a48-429d-a229-c24872e2bcc0,Chris Crego - Atria Real Estate,real_estate_agent,800 W El Camino Real,https://www.atriare.com/,1.0,12,2,1,1,0,1,real_estate_agent,0,1,1,1,1,0,0,1,1,0,1,2,12,1.0,3,0,0,0,0,1,0,1,0.0005983915,Open
48186658-e500-4b4d-90b2-0d99651c3f37,Passware,information_technology_company,800 W El Camino Real,http://www.passware.com/,1.0,12,2,1,1,0,1,information_technology_company,1,1,1,1,1,0,0,1,1,0,1,2,12,1.0,3,0,0,0,0,1,0,1,0.0003814768,Open
15115598-b1ad-4dc3-86df-1546511a02cd,Outingz,event_photography,800 W El Camino Real,,,12,2,0,1,0,1,event_photography,2,0,0,1,1,0,0,1,1,0,1,2,12,,2,0,0,0,0,1,0,1,0.00045828213,Open
3589c0f0-7230-44b0-8a2c-67d3d83662f3,Belontex,financial_service,800 W El Camino Real,https://miningusd.online/take-offer,0.0,12,2,1,0,0,1,financial_service,0,1,1,0,0,0,0,1,1,0,1,2,12,0.0,2,0,0,0,0,1,0,1,0.0014794151,Open
ef897fc6-d2d2-4cc0-b8a1-8fc6ba8f2d01,Premier Airport Shuttle,airport_shuttles,800 W El Camino Real,http://www.bookmyairportshuttle.com/,1.0,12,2,1,1,0,1,airport_shuttles,1,1,1,1,1,0,0,1,1,0,1,2,12,1.0,3,0,0,0,0,1,0,1,0.0012767038,Open
c4e8bae9-0fa1-4e5c-b0f0-8cfccb67f2af,Dealpoint USA,professional_services,800 W El Camino Real,http://Dealpointusa.com/,1.0,12,2,1,1,0,1,professional_services,0,1,1,1,1,0,0,1,1,0,1,2,12,1.0,3,0,0,0,0,1,0,1,0.00037184934,Open
7f03e28d-d3ca-4ab1-89b5-92e834c76072,Forgeahead Solutions,it_service_and_computer_repair,800 W El Camino Real,http://www.forgeahead.io/,1.0,12,2,1,1,0,1,it_service_and_computer_repair,1,1,1,1,1,0,0,1,1,0,1,2,12,1.0,3,0,0,0,0,1,0,1,0.00090567564,Open
a12cf09d-7942-44ac-83c6-5e4ec35288f9,EAGLE Priority Insurance Agency,insurance_agency,800 W El Camino Real,http://www.eagleinsa.com/,1.0,12,2,1,1,0,1,insurance_agency,0,1,1,1,1,0,0,1,1,0,1,2,12,1.0,3,0,0,0,0,1,0,1,0.00036299697,Open
01d77959-5bb2-4456-8818-4d6549f66499,Peplink,event_photography,800 W El Camino Real,http://www.peplink.com,1.0,12,2,1,1,0,1,event_photography,2,1,1,1,1,0,0,1,1,0,1,2,12,1.0,3,0,0,0,0,1,0,1,0.0014380114,Open
e70a0233-444a-4ff3-b260-f3feabb6a850,John Maxwell,real_estate_agent,800 W El Camino Real,,,12,2,0,1,0,1,real_estate_agent,2,0,0,1,1,0,0,1,1,0,1,2,12,,2,0,0,0,0,1,0,1,0.0020861242,Open
a1ae16e9-7397-4d19-90b5-3021a306795c,TheaterEars,cinema,,https://theaterears.com/download,1.0,12,2,1,1,0,0,cinema,1,1,1,1,1,0,0,1,1,0,0,2,12,1.0,2,0,0,0,0,1,0,1,0.0021654095,Open
83387839-8275-458b-9c05-935b1d14f592,MKF,printing_services,800 W El Camino Real,http://www.mkfimpact.org/,0.0,12,2,1,1,0,1,printing_services,2,1,1,1,1,0,0,1,1,0,1,2,12,0.0,3,0,0,0,0,1,0,1,0.003272911,Open
b940f7f9-0873-4f48-a0f8-a6a76c6a7797,Transvideo Studios,event_photography,800 W El Camino Real,"http://www.twitter.com/Transvideo,http://www.picturelab.com/",0.0,12,2,1,1,0,1,event_photography,1,1,1,1,1,0,0,1,1,0,1,2,12,0.0,3,0,0,0,0,1,0,1,0.0031757231,Open
d8632c9a-5ac6-4c2b-b44b-c90715509085,Bt Properties-Management & Investment Services,apartments,800 W El Camino Real Ste 180,https://btproperties.com/,1.0,12,2,1,1,0,1,apartments,1,1,1,1,1,0,0,0,0,0,1,2,12,1.0,3,0,0,0,1,1,0,0,0.009611758,Open
cd984995-fa1f-4567-92dd-a2ae3b2d994d,Dr. Munn,counseling_and_mental_health,800 W El Camino Real,http://drmunn.com/,1.0,12,2,1,1,0,1,counseling_and_mental_health,2,1,1,1,1,0,0,1,1,0,1,2,12,1.0,3,0,0,0,0,1,0,1,0.0014661477,Open
80446b11-f232-4617-a8fc-317f12d71873,Travelzoo Com Sales,travel_services,800 W El Camino Real,http://ir.travelzoo.com,1.0,12,2,1,1,0,1,travel_services,2,1,1,1,1,0,0,1,1,0,1,2,12,1.0,3,0,0,0,0,1,0,1,0.0014380114,Open
18969ba6-43d7-4ac7-9749-bb25f2a9a958,AP Investment Management,financial_advising,800 W El Camino Real,https://www.apinvestmentmanagement.com/,1.0,12,2,1,1,0,1,financial_advising,0,1,1,1,1,0,0,1,1,0,1,2,12,1.0,3,0,0,0,0,1,0,1,0.00024872072,Open
15670c31-8cf5-4dca-ae2d-e2f0946d2ffb,Morocco's Restaurant Mountain View,middle_eastern_restaurant,873 Castro St,http://www.moroccosrestaurant.com/,0.0,12,2,1,1,0,1,middle_eastern_restaurant,3,1,1,1,1,0,0,0,0,0,1,2,12,0.0,3,0,0,0,1,1,0,0,0.2032856,Open
4873f145-35fc-425c-a6dc-833a5d86f6e0,Evodyne Robotics Academy,educational_camp,881 Castro St,https://evodyneacademy.com/,1.0,12,2,1,1,0,1,educational_camp,2,1,1,1,1,0,0,1,1,0,1,2,12,1.0,3,0,0,0,0,1,0,1,0.0014380114,Open
e81fc229-dbe2-45db-afc6-3be4a4cfbfa3,Aruba Salon,beauty_salon,825 Castro St,http://arubasalonmountainview.com,0.0,12,2,1,1,0,1,beauty_salon,2,1,1,1,1,0,0,1,1,0,1,2,12,0.0,3,0,0,0,0,1,0,1,0.003069077,Open
73097365-ea30-4483-aa4e-4f2cf80c7fae,Excellent Nails,nail_salon,821 Castro St,http://gorgeousnailsspa.com,0.0,12,2,1,1,0,1,nail_salon,2,1,1,1,1,0,0,1,1,0,1,2,12,0.0,3,0,0,0,0,1,0,1,0.0035416181,Open
3ce9fd1a-961f-47ee-9d0c-d565a1ebf924,The Spangler Family of Mortuaries,cremation_services,799 Castro St,http://www.spanglermortuary.com/,1.0,12,2,1,1,0,1,cremation_services,2,1,1,1,1,0,0,0,0,0,1,2,12,1.0,3,0,0,0,1,1,0,0,0.009850112,Open
31e3a803-893c-486d-a948-8d32954b90f9,WSO2,corporate_office,787 Castro St,https://wso2.com,1.0,188,2,1,0,0,1,corporate_office,0,1,1,0,0,0,0,1,1,0,1,2,188,1.0,2,0,0,1,0,1,0,0,0.123369515,Open
48cf594d-001d-4504-a0b1-83c506f991a5,Vpaul Salon,beauty_salon,787 Castro St,http://www.vpaulasalon.com,1.0,12,2,1,1,0,1,beauty_salon,2,1,1,1,1,0,0,1,1,0,1,2,12,1.0,3,0,0,0,0,1,0,1,0.0013990046,Open
fa539acd-0627-41ed-80c3-a5abc62e6848,Clover,financial_service,785 Castro St,http://www.clover.com/,1.0,12,2,1,1,0,1,financial_service,1,1,1,1,1,0,0,1,1,0,1,2,12,1.0,3,0,0,0,0,1,0,1,0.0025024167,Open
7eba6519-49b7-4087-8687-d823764eac98,Accenture,business_management_services,650 Castro St,https://www.accenture.com/us-en/about/company-index?c=acn_glb_locationmarketiyext_14215395&n=otc_1224,1.0,12,2,1,1,0,1,business_management_services,4,1,1,1,1,0,0,0,0,0,1,2,12,1.0,3,0,0,0,1,1,0,0,0.009165269,Open
8bd816ad-8848-451d-bd53-2ab0fc4fc287,Beaver Group Agency,life_insurance,650 Castro St Ste 120-437,https://bga-insurance.com/,1.0,12,2,1,1,0,1,life_insurance,0,1,1,1,1,0,0,0,0,0,1,2,12,1.0,3,0,0,0,1,1,0,0,0.010246237,Open
1ac8f009-db79-49f1-af16-6af1d17ca9ea,TCBY,ice_cream_shop,650 Castro St,http://www.tcby.com/,1.0,696,2,1,1,1,1,ice_cream_shop,0,1,1,1,1,1,1,0,0,0,1,2,696,1.0,4,0,0,1,0,1,0,0,0.04330602,Open
84e8b406-ed5f-4973-82ec-64ff48e4b5eb,Triada Real Estate Group,real_estate,655 Castro St,https://www.triadainvestments.com/,1.0,12,2,1,1,0,1,real_estate,1,1,1,1,1,0,0,1,1,0,1,2,12,1.0,3,0,0,0,0,1,0,1,0.0012767038,Open
19356408-2ed1-4623-a0c7-115c6c476374,RETTEX,investing,655 Castro St,https://rettex.com/,1.0,12,2,1,1,0,1,investing,1,1,1,1,1,0,0,1,1,0,1,2,12,1.0,3,0,0,0,0,1,0,1,0.0012767038,Open
65e924bb-220c-4558-94d7-41390b9103bd,Illumi Salon,hair_salon,655 Castro St,http://illumisalon.com/,1.0,12,2,1,1,0,1,hair_salon,2,1,1,1,1,0,0,1,1,0,1,2,12,1.0,3,0,0,0,0,1,0,1,0.0019195399,Open
0e2ee79e-94ec-47b6-86cb-236ff8bede6a,Charter Bus Mountain View,rental_service,651 Castro St,https://www.linkedin.com/company/charter-bus-mountain-view,1.0,12,2,1,1,0,1,rental_service,1,1,1,1,1,0,0,1,1,0,1,2,12,1.0,3,0,0,0,0,1,0,1,0.002155853,Open
68fc192d-3615-4085-a4dc-403f606f5d3d,AR Gym,gym,631 Castro St,,,12,2,0,1,0,1,gym,2,0,0,1,1,0,0,1,1,0,1,2,12,,2,0,0,0,0,1,0,1,0.002519627,Open
4013b1e2-0a90-4458-b754-93119f44ad6e,Giovanna's Fine Jewelry,jewelry_store,655 Castro St,http://www.giovannasdiamonds.com/,0.0,12,2,1,1,0,1,jewelry_store,2,1,1,1,1,0,0,1,1,0,1,2,12,0.0,3,0,0,0,0,1,0,1,0.005596094,Open
9012cc54-edf8-41bc-98dc-f9a8a499a44a,Quora,professional_services,650 Castro St,http://www.quora.com,1.0,12,2,1,1,0,1,professional_services,1,1,1,1,1,0,0,1,1,0,1,2,12,1.0,3,0,0,0,0,1,0,1,0.0009801852,Open
355497ed-1cda-48c4-8a44-8fd9ccf46202,Le Boulanger,bakery,650 Castro St,http://www.leboulanger.com/,0.0,12,2,1,1,0,1,bakery,2,1,1,1,1,0,0,1,1,1,1,2,12,0.0,3,0,0,0,0,1,0,1,0.026442276,Open
e9c2599d-932a-418e-b823-f823e9babee8,La Monique's Nail Salon,nail_salon,650 Castro St,http://www.sloan-consulting.com/,0.0,12,2,1,1,0,1,nail_salon,2,1,1,1,1,0,0,1,1,0,1,2,12,0.0,3,0,0,0,0,1,0,1,0.0035416181,Open
a471cec2-b70b-4ab3-9a64-770f882f54a2,Redbubble,shopping,650 Castro St,http://www.redbubble.com,1.0,12,2,1,0,0,1,shopping,1,1,1,0,0,0,0,1,1,0,1,2,12,1.0,2,0,0,0,0,1,0,1,0.00035687926,Open
35891203-9a7e-4d53-bc0c-8ab544be3dd6,Masa Sushi Japan,sushi_restaurant,650 Castro St,http://www.masasushijapanca.com/,1.0,12,2,1,1,0,1,sushi_restaurant,2,1,1,1,1,0,0,1,1,0,1,2,12,1.0,3,0,0,0,0,1,0,1,0.013765904,Open
b895367f-fbc4-495d-baa4-b1a34551cbdb,St. Joseph Catholic Church,church_cathedral,582 Hope St,http://www.sjpmv.org,1.0,50,2,1,1,1,1,church_cathedral,0,1,1,1,1,1,1,1,1,0,1,2,50,1.0,4,0,0,1,0,1,0,0,0.001093158,Open
20697449-a635-4160-88b5-22f0a2493f8f,St. Joseph Parish Mission 2019,religious_organization,582 Hope St,,,12,2,0,0,0,1,religious_organization,1,0,0,0,0,0,0,1,1,0,1,2,12,,1,0,0,0,0,1,0,1,6.650849e-05,Open
f1455ba0-569b-4fc1-bd06-803a3dd30e43,Saint Joseph Catholic Church,catholic_church,582 Hope St,http://www.sjpmv.org/,1.0,12,2,1,1,0,1,catholic_church,2,1,1,1,1,0,0,1,1,0,1,2,12,1.0,3,0,0,0,0,1,0,1,0.0014380114,Open
734aab65-b2ba-47ae-97ef-b3bdbfdff99f,599 Castro,real_estate_agent,560 Hope St,https://www.liveatcentralpark.com/,1.0,12,2,1,1,0,1,real_estate_agent,2,1,1,1,1,0,0,1,1,0,1,2,12,1.0,3,0,0,0,0,1,0,1,0.003228637,Open
43bc3781-02c8-4d78-b494-709268a78025,Bay Area Tamil Catholic Community - BATCC,church_cathedral,582 Hope St,http://tamilcatholic.com/,1.0,12,2,1,1,0,1,church_cathedral,2,1,1,1,1,0,0,1,1,0,1,2,12,1.0,3,0,0,0,0,1,0,1,0.00096865906,Open
901c329e-a5f7-4460-bf37-ecabc15a5edc,Flat Rate Towing,towing_service,582 Hope St,http://www.flatratetowingmountainview.com/,0.0,12,2,1,1,0,1,towing_service,2,1,1,1,1,0,0,1,1,0,1,2,12,0.0,3,0,0,0,0,1,0,1,0.003272911,Open
f467f739-5fb9-4345-b368-eaebfac14195,St. Joseph Parish,catholic_church,580 Hope St,,,12,2,0,0,0,1,catholic_church,1,0,0,0,0,0,0,1,1,0,1,2,12,,1,0,0,0,0,1,0,1,6.650849e-05,Open
65c37f55-d9f2-4ff8-a52c-c2d3bf40304c,Optical Center | Kaiser Permanente Mountain View Medical Offices,eye_care_clinic,555 Castro St 1st Floor,,,12,2,1,1,0,1,eye_care_clinic,1,1,1,1,1,0,0,0,0,0,1,2,12,,3,0,0,0,1,1,0,0,0.015852554,Open
566d39ef-afc0-46a7-ad29-78c303e3b49c,Wong Irene S,professional_services,555 Castro St,,,12,2,0,1,0,1,professional_services,2,0,0,1,1,0,0,1,1,0,1,2,12,,2,0,0,0,0,1,0,1,0.0005832879,Open
a3773b06-5c31-44b0-a6ee-4580ea1746eb,#1 Locksmith,key_and_locksmith,560 Castro St,,,12,2,1,1,0,1,key_and_locksmith,0,1,1,1,1,0,0,0,0,0,1,2,12,,3,0,0,0,1,1,0,0,0.0020828003,Open
62b2cefb-adb4-48d5-8786-bd3b802743ba,Wells Fargo Bank,bank_credit_union,599 Castro St,http://www.wellsfargo.com,1.0,12,2,1,1,0,1,bank_credit_union,2,1,1,1,1,0,0,1,1,0,1,2,12,1.0,3,0,0,0,0,1,0,1,0.00044686536,Open
3029f7fb-8f65-43f0-a6b1-efa9cb3ba3d2,The Sobrato Organization,home_developer,599 Castro St,http://www.sobrato.org/,1.0,12,2,1,1,0,1,home_developer,2,1,1,1,1,0,0,1,1,0,1,2,12,1.0,3,0,0,0,0,1,0,1,0.0014380114,Open
7ac8104d-e097-47d3-bcea-ae02c53b340b,Mountain View Chamber of Commerce,community_services_non_profits,580 Castro St,http://chambermv.org/,1.0,12,2,1,1,0,1,community_services_non_profits,1,1,1,1,1,0,0,1,1,0,1,2,12,1.0,3,0,0,0,0,1,0,1,0.0008278519,Open
77ddc917-c3a6-4310-8803-98f098401532,Chamber of Commerce Mountain View,community_center,580 Castro St,http://www.chambermv.org/,1.0,12,2,1,1,0,1,community_center,1,1,1,1,1,0,0,0,0,0,1,2,12,1.0,3,0,0,0,1,1,0,0,0.0043412196,Open
ea5c4f93-0219-4264-b2f2-8c096080ae2a,Washmix,laundromat,650 Castro St,https://www.washmix.com/,1.0,12,2,1,1,0,1,laundromat,1,1,1,1,1,0,0,1,1,0,1,2,12,1.0,3,0,0,0,0,1,0,1,0.0012767038,Open
294a60ba-6e7e-4ac4-a3b9-d117e3ebd117,Picturelab,graphic_designer,800 W El Camino Real Ste 180,https://www.picturelab.com/,1.0,12,2,1,1,0,1,graphic_designer,1,1,1,1,1,0,0,0,0,0,1,2,12,1.0,3,0,0,0,1,1,0,0,0.015176928,Open
42d445fd-e8b5-4d6f-a012-3331d72ae4fb,Best Bay Locksmith,key_and_locksmith,650 Castro St Ste 120- 4,http://www.bbblocksmith.com/Mountain-View,0.0,12,2,1,1,0,1,key_and_locksmith,0,1,1,1,1,0,0,0,0,0,1,2,12,0.0,3,0,0,0,1,1,0,0,0.004042518,Open
73d82e35-5071-49d6-87aa-a6ab929aedf6,Servpro Of Mountain view/Los Altos,contractor,650 Castro St,http://www.servpromountainviewlosaltos.com/,1.0,12,2,1,1,0,1,contractor,2,1,1,1,1,0,0,1,1,0,1,2,12,1.0,3,0,0,0,0,1,0,1,0.0016904869,Open
fc24db2f-8f35-4a1b-bc06-1f33431d952e,Forever Protected,insurance_agency,650 Castro St,https://calendly.com/lifeinsuranceservices,1.0,12,2,1,1,0,1,insurance_agency,0,1,1,1,1,0,0,1,1,0,1,2,12,1.0,3,0,0,0,0,1,0,1,0.00036299697,Open
cda4e0d8-143d-414f-b0a9-a157a7d8d7c0,Mountain View Civic Center,social_service_organizations,650 Castro St,http://www.prometheusreg.com/commercial/mvccdesc01.html,1.0,12,2,1,1,0,1,social_service_organizations,2,1,1,1,1,0,0,1,1,0,1,2,12,1.0,3,0,0,0,0,1,0,1,0.0014380114,Open
a5c452a8-820c-4287-af40-f79133b6cf2c,Mountain View Movers,movers,650 Castro St,http://mountain-view-movers.com/,0.0,12,2,1,1,0,1,movers,2,1,1,1,1,0,0,1,1,0,1,2,12,0.0,3,0,0,0,0,1,0,1,0.0013359053,Open
f916065a-9b4f-4491-894a-927a906ab964,Trends Personalized 3D,professional_services,650 Castro St,https://trendspersonalized.com/,1.0,12,2,1,1,0,1,professional_services,2,1,1,1,1,0,0,1,1,0,1,2,12,1.0,3,0,0,0,0,1,0,1,0.0018294445,Open
3242d800-cca3-4f89-bda4-f20665e34af4,PatPat,clothing_store,650 Castro St,https://bit.ly/3VbveWX,1.0,12,2,1,1,0,1,clothing_store,2,1,1,1,1,0,0,1,1,0,1,2,12,1.0,3,0,0,0,0,1,0,1,0.012862022,Open
aca30480-d78b-4a14-acef-a8636ff7fd33,Final Expense Insurance,financial_service,650 Castro St,https://bga-insurance.com/final-expense-life-insurance,0.0,12,2,1,1,0,1,financial_service,0,1,1,1,1,0,0,1,1,0,1,2,12,0.0,3,0,0,0,0,1,0,1,0.002092927,Open
abb77358-607f-41d2-859b-e927c2a0e820,Mountain View High School Castro St Mountain View CA,high_school,650 Castro St,,,12,2,0,1,0,1,high_school,2,0,0,1,1,0,0,1,1,0,1,2,12,,2,0,0,0,0,1,0,1,0.00042254914,Open
3720fe23-8628-42f7-9c13-64a930e86da0,Cyclocross Magazine,business,650 Castro St,http://www.cxmagazine.com,1.0,12,2,1,1,0,1,business,2,1,1,1,1,0,0,1,1,0,1,2,12,1.0,3,0,0,0,0,1,0,1,0.0014154589,Open
a6433416-73fc-468d-afce-8af44e898505,Cherith Analytics,religious_organization,650 Castro St,,,12,2,0,0,0,1,religious_organization,2,0,0,0,0,0,0,1,1,0,1,2,12,,1,0,0,0,0,1,0,1,7.194453e-05,Open
d4b5cf2b-dc94-45c0-9fa8-4dd29fa0bd5e,Mountain View Public Safety Foundation,charity_organization,650 Castro St,https://mvpsf.org/,1.0,12,2,1,1,0,1,charity_organization,1,1,1,1,1,0,0,1,1,0,1,2,12,1.0,3,0,0,0,0,1,0,1,0.0005619448,Open
575b8960-e6fb-4109-9594-63d006562b8f,The Elephant In The Room Diversity Trainings,event_planning,650 Castro St,http://www.theelephantintheroomdiversitytrainings.com/,1.0,12,2,1,1,0,1,event_planning,2,1,1,1,1,0,0,1,1,0,1,2,12,1.0,3,0,0,0,0,1,0,1,0.0014380114,Open
66d87def-f0f9-41eb-9c18-5f858f574622,Storidge,software_development,650 Castro St,http://www.storidge.com/,1.0,12,2,1,1,0,1,software_development,1,1,1,1,1,0,0,1,1,0,1,2,12,1.0,3,0,0,0,0,1,0,1,0.0012767038,Open
a22937df-ced5-47ba-a5bf-899298a4000a,Beaver Insurance Services,life_insurance,650 Castro St Ste 20-437,https://bga-insurance.com/,1.0,12,2,1,1,0,1,life_insurance,0,1,1,1,1,0,0,0,0,0,1,2,12,1.0,3,0,0,0,1,1,0,0,0.010246237,Open
37739dca-86c6-417d-b0b4-ba41fea7e999,Smartcar,software_development,650 Castro St,https://smartcar.com/,1.0,12,2,1,1,0,1,software_development,1,1,1,1,1,0,0,1,1,0,1,2,12,1.0,3,0,0,0,0,1,0,1,0.0012767038,Open
268d4029-0c5e-4c45-80b0-1d9b2d218e8b,GSDSolutions,it_service_and_computer_repair,650 Castro St Ste 120,https://gsdsolutions.io/,1.0,12,2,1,1,0,1,it_service_and_computer_repair,0,1,1,1,1,0,0,0,0,0,1,2,12,1.0,3,0,0,0,1,1,0,0,0.0027098956,Open
63657d74-d19e-4d7b-bda7-1cc5ec4a84e5,NuuEDScore,software_development,650 Castro St,http://www.NuuFITGO.com/,0.0,12,2,1,1,0,1,software_development,2,1,1,1,1,0,0,1,1,0,1,2,12,0.0,3,0,0,0,0,1,0,1,0.003272911,Open
c6375fcb-4801-4318-84bd-6f7e7cfa2600,Vitality Bowls,health_food_restaurant,650 Castro St,https://vitalitybowls.com/locations/mountain-view/,1.0,12,2,1,1,0,1,health_food_restaurant,2,1,1,1,1,0,0,1,1,1,1,2,12,1.0,3,0,0,0,0,1,0,1,0.002874814,Open
ed0274b5-71d5-4338-9247-2a8ee8c0d499,Picture Chest Photography,professional_services,650 Castro St,http://www.purestorage.com,1.0,12,2,1,1,0,1,professional_services,2,1,1,1,1,0,0,1,1,0,1,2,12,1.0,3,0,0,0,0,1,0,1,0.0018294445,Open
1ec0ec06-b2c1-4976-9e29-5a240747c739,Lugelo Storybook,software_development,650 Castro St,http://www.Lugelo.com/,1.0,12,2,1,0,0,1,software_development,0,1,1,0,0,0,0,1,1,0,1,2,12,1.0,2,0,0,0,0,1,0,1,0.00028912723,Open
730bad70-5a9f-42e7-8f0c-af9a9d8dce77,Site for Sore Eyes,optometrist,650 Castro St,https://www.siteforsoreeyes.com/mountain-view-location,1.0,12,2,1,1,0,1,optometrist,1,1,1,1,1,0,0,1,1,1,1,2,12,1.0,3,0,0,0,0,1,0,1,0.0028329405,Open
5e3cbf11-2f04-4730-9e3d-5b542d0636a5,Viakoo,software_development,650 Castro St,https://www.viakoo.com/,1.0,12,2,1,1,0,1,software_development,0,1,1,1,1,0,0,1,1,0,1,2,12,1.0,3,0,0,0,0,1,0,1,0.0007938093,Open
3cba84dc-d62d-4722-aae4-1307f59e6f20,Spot Trender,software_development,650 Castro St,https://www.spottrender.com/,1.0,12,2,1,1,0,1,software_development,2,1,1,1,1,0,0,1,1,0,1,2,12,1.0,3,0,0,0,0,1,0,1,0.0014380114,Open
80f51231-2142-4ceb-95a0-7aec6fcda4d6,Mahalo Bowl,food_truck,650 castro St. Ste 140,http://www.mahalobowl.com,0.0,188,2,1,0,0,1,food_truck,0,1,1,0,0,0,0,1,1,0,1,2,188,0.0,2,0,0,1,0,1,0,0,0.040905427,Open
17413fc1-7da4-464b-a2e5-9914a4385baf,Alliance Practice Management,professional_services,650 Castro St,https://alliancevoicesolutions.com/products,1.0,12,2,1,1,0,1,professional_services,2,1,1,1,1,0,0,1,1,0,1,2,12,1.0,3,0,0,0,0,1,0,1,0.0018294445,Open
95449405-2d9e-45e8-8882-e8f889a95105,Axess Cleaners,laundromat,650 Castro St,http://www.axesscleaners.com,0.0,12,2,1,1,0,1,laundromat,2,1,1,1,1,0,0,1,1,0,1,2,12,0.0,3,0,0,0,0,1,0,1,0.003272911,Open
cc3ddc92-0440-4bfe-950b-ba22786c75e6,Iteration Software,it_service_and_computer_repair,650 Castro St Ste 250,http://www.moxiesoft.com,1.0,340,2,1,1,0,1,it_service_and_computer_repair,0,1,1,1,1,0,0,0,0,0,1,2,340,1.0,3,0,0,1,0,1,0,0,0.02492472,Open
02c3d189-0680-4f53-afe4-2bce1ad04923,Morgan Stanley,financial_service,650 Castro St,http://www.morganstanleysmithbarney.com,0.0,481,2,1,1,0,1,financial_service,0,1,1,1,1,0,0,0,0,0,1,2,481,0.0,3,0,0,1,0,1,0,0,0.08084946,Open
1b8ad455-e586-4cb0-bc46-59835db757c3,Zicasso,travel_company,1580 W El Camino Real,https://www.zicasso.com/,1.0,12,2,1,1,0,1,travel_company,2,1,1,1,1,0,0,1,1,0,1,2,12,1.0,3,0,0,0,0,1,0,1,0.0014380114,Open
813fe177-9695-489e-9fac-39033f0d5bc5,GMCstream,advertising_agency,650 Castro St,http://www.gmcstream.com/,1.0,12,2,1,1,0,1,advertising_agency,1,1,1,1,1,0,0,1,1,0,1,2,12,1.0,3,0,0,0,0,1,0,1,0.0024017822,Open
f3b8090d-09fd-4c70-af8b-8e58f525cda7,Joker City,landmark_and_historical_building,900 High School Way,,,12,2,0,0,0,1,landmark_and_historical_building,1,0,0,0,0,0,0,1,1,0,1,2,12,,1,0,0,0,0,1,0,1,6.650849e-05,Open
2784946a-7636-4616-8349-6f8c50129010,Eagle Park Pool,swimming_pool,Eagle Park,http://mountainview.gov/depts/cs/rec/aquatics/lochour.asp,1.0,185,2,1,1,0,1,swimming_pool,0,1,1,1,1,0,0,1,1,0,1,2,185,1.0,3,0,0,1,0,1,0,0,0.060780264,Open
6e96495c-b1fa-4001-b653-7078433ffcf4,Park Place Monitoring,real_estate_service,800 High School Way,https://prometheusapartments.com/san-francisco-bay-area-apartments/san-francisco-south-bay/park-place-south,1.0,12,2,1,1,0,1,real_estate_service,2,1,1,1,1,0,0,1,1,0,1,2,12,1.0,3,0,0,0,0,1,0,1,0.0008408088,Open
c90e9c94-24d7-492e-94ca-d4e2355c10cc,Park Place Apartments,landmark_and_historical_building,851 Church St,http://www.parkplace-apts.com,1.0,12,2,1,1,0,1,landmark_and_historical_building,2,1,1,1,1,0,0,1,1,0,1,2,12,1.0,3,0,0,0,0,1,0,1,0.0014380114,Open
7f9a46e7-f963-4436-9746-7032ef7780ce,Mountain View De Anza Masonic Lodge,lodge,890 Church St,http://www.mountainviewmasoniclodge.com/,1.0,12,2,1,1,0,1,lodge,2,1,1,1,1,0,0,1,1,0,1,2,12,1.0,3,0,0,0,0,1,0,1,0.0014380114,Open
7ed0c8e5-83e3-43fa-a588-a6ae03d2f594,Sunday Assembly Silicon Valley,community_services_non_profits,890 Church St,http://sundayassemblysiliconvalley.org/,1.0,12,2,1,0,0,1,community_services_non_profits,0,1,1,0,0,0,0,1,1,0,1,2,12,1.0,2,0,0,0,0,1,0,1,0.00016439035,Open
4acd5809-00b7-4404-a06e-5e06df912899,Masonic Lodge,lodge,890 Church St,http://www.calodges.org/no194,0.0,12,2,1,1,0,1,lodge,2,1,1,1,1,0,0,1,1,0,1,2,12,0.0,3,0,0,0,0,1,0,1,0.003272911,Open
9215b41c-14f5-49bf-a19c-90d36678cb22,Berlin Wall Memorial,landmark_and_historical_building,585 Franklin St,,,12,2,0,0,0,1,landmark_and_historical_building,2,0,0,0,0,0,0,1,1,0,1,2,12,,1,0,0,0,0,1,0,1,7.194453e-05,Open
5017899e-754c-4801-9f67-33e5927460f9,Friends of the Mountain View Library,community_services_non_profits,585 Franklin St,https://mvlibraryfriends.org/,1.0,12,2,1,1,0,1,community_services_non_profits,1,1,1,1,1,0,0,1,1,0,1,2,12,1.0,3,0,0,0,0,1,0,1,0.0008278519,Open
e14550c9-ada7-438d-bcfe-dcf5d755b083,Mountain View Public Library,library,585 Franklin St,http://library.mountainview.gov/,1.0,12,2,1,1,0,1,library,2,1,1,1,1,0,0,1,1,0,1,2,12,1.0,3,0,0,0,0,1,0,1,0.0009938197,Open
4c4df2b0-e617-454c-919f-c55a413e8d74,Pioneer Memorial Park,park,1146 Church St,http://www.mountainview.gov/depts/cs/parks/parks/default.asp,1.0,12,2,1,1,0,1,park,2,1,1,1,1,0,0,1,1,0,1,2,12,1.0,3,0,0,0,0,1,0,1,0.0009077266,Open
ef1faa92-6273-4d33-9293-1c28994d7a70,Leadership Mountain View,education,580 Castro St,http://www.lmv.education/,1.0,12,2,1,1,0,1,education,1,1,1,1,1,0,0,1,1,0,1,2,12,1.0,3,0,0,0,0,1,0,1,0.00057037605,Open
bbbf75d9-e03e-4b0a-9f30-f8f93a764497,MVSustainability,public_and_government_association,500 Castro St,http://MountainView.gov/Sustainability,1.0,12,2,1,0,0,1,public_and_government_association,0,1,1,0,0,0,0,1,1,0,1,2,12,1.0,2,0,0,0,0,1,0,1,0.00028912723,Open
ba7be231-538f-4fed-9ba6-6967612593cf,City of Mountain View,public_and_government_association,500 Castro St,http://mountainview.gov/,1.0,12,2,1,1,0,1,public_and_government_association,2,1,1,1,1,0,0,1,1,0,1,2,12,1.0,3,0,0,0,0,1,0,1,0.0014380114,Open
bc377476-8a61-41de-afa0-44e363179250,Mountain View City Personnel,public_and_government_association,500 Castro St,https://en.parkopedia.com/parking/garage/municipal_parking_structure_3/94041/mountain_view/?vendor=here,1.0,12,2,1,1,0,1,public_and_government_association,2,1,1,1,1,0,0,1,1,0,1,2,12,1.0,3,0,0,0,0,1,0,1,0.0014380114,Open
2cc1529c-9e2f-4243-93fe-8d44bdffd5ee,Mountain View City Clerk,town_hall,500 Castro St,http://www.mountainview.gov/depts/cs/mvcpa/subsite/default.asp,1.0,12,2,1,1,0,1,town_hall,2,1,1,1,1,0,0,1,1,0,1,2,12,1.0,3,0,0,0,0,1,0,1,0.0014380114,Open
cdb6b9ed-9323-4f23-896a-5f0b48941ce8,LinkedIn Talent Solutions,information_technology_company,,http://business.linkedin.com/talent-solutions/,1.0,12,2,1,0,0,0,information_technology_company,1,1,1,0,0,0,0,1,1,0,0,2,12,1.0,1,0,0,0,0,1,0,1,0.00029251655,Open
352c47a0-9319-430c-86ee-241b703088c2,"Edwin Resuello, Real Estate Broker",real_estate_service,,http://www.SiliconValley-Homes.com/,1.0,12,2,1,1,0,0,real_estate_service,2,1,1,1,1,0,0,1,1,0,0,2,12,1.0,2,0,0,0,0,1,0,1,0.0013117546,Open
74c6c041-f329-40d5-9e26-c6b0d73524fd,"St. Joseph's Seminary, Mountain View CA",religious_organization,No longer ,https://www.facebook.com/SaintJosephSeminary,1.0,12,2,1,0,0,1,religious_organization,2,1,1,0,0,0,0,1,1,0,1,2,12,1.0,2,0,0,0,0,1,0,1,0.00038564097,Open
ce56e351-9739-40ac-ae7e-5bbd2fad3510,Mountain View Home,mountain,1618 Hollingsworth Dr,,,12,2,0,1,0,1,mountain,2,0,0,1,1,0,0,1,1,0,1,2,12,,2,0,0,0,0,1,0,1,0.00045828213,Open
a7133fa1-3883-4477-9439-443e2c3fac19,Cecil Hotel by Pearl-Continental,resort,"Mountain View Road, ",http://www.cecilmurree.com/,1.0,12,2,1,1,0,1,resort,0,1,1,1,1,0,0,1,1,0,1,2,12,1.0,3,0,0,0,0,1,0,1,0.0007938093,Open
51bf132c-f13b-468d-9032-80845049fe13,Mountain View City Hall,town_hall,500 Castro St,http://www.ci.mtnview.ca.us,1.0,71,2,1,1,1,1,town_hall,0,1,1,1,1,1,1,0,0,0,1,2,71,1.0,4,0,0,1,0,1,0,0,0.0076994356,Open
a53fe019-1997-42c9-8f05-49530f2777ed,TheatreWorks,performing_arts,500 Castro St,http://www.theatreworks.org,1.0,143,2,1,1,0,1,performing_arts,0,1,1,1,1,0,0,0,0,0,1,2,143,1.0,3,0,0,1,0,1,0,0,0.0019563213,Open
0aec61d3-3123-4cce-9917-b8dccc7bcc29,Mountain View Community Development,public_and_government_association,500 Castro St,https://econdev.mountainview.gov/,1.0,12,2,1,1,0,1,public_and_government_association,2,1,1,1,1,0,0,1,1,0,1,2,12,1.0,3,0,0,0,0,1,0,1,0.0014380114,Open
56caf038-0dd8-4af4-9634-3a1d9940ed75,Kaiser Permanente,medical_center,555 Castro St,http://kp.org/kpweb/facilitydir/facility.do?id=100351,1.0,12,2,1,1,0,1,medical_center,2,1,1,1,1,0,0,1,1,1,1,2,12,1.0,3,0,0,0,0,1,0,1,0.002964907,Open
0c356138-3efe-4b2b-9bab-d264c6133d64,Pharmacy | Kaiser Permanente Mountain View Medical Offices,pharmacy,555 Castro St,https://thrive.kaiserpermanente.org/care-near-you/northern-california/santaclara/departments/pharmacy/,1.0,12,2,1,1,0,1,pharmacy,2,1,1,1,1,0,0,0,0,0,1,2,12,1.0,3,0,0,0,1,1,0,0,0.05199194,Open
0a5183ff-86db-4022-8bb7-a2b746160bde,Google Store,shopping,,,,12,2,0,1,0,0,shopping,1,0,0,1,1,0,0,1,1,0,0,2,12,,1,0,0,0,0,1,0,1,0.00043524784,Open
1cca9428-d775-4af7-9da0-312e6cfbeb15,Hope's Corner,community_services_non_profits,748 Mercy St,http://www.hopes-corner.org/,1.0,12,2,1,1,0,1,community_services_non_profits,2,1,1,1,1,0,0,1,1,0,1,2,12,1.0,3,0,0,0,0,1,0,1,0.0018236786,Open
8fc93991-18b0-4f0a-8fe6-8e6f54fc3503,Christian Counseling Center,counseling_and_mental_health,748 Mercy St,http://www.kellykoken.com/,1.0,12,2,1,1,0,1,counseling_and_mental_health,1,1,1,1,1,0,0,1,1,0,1,2,12,1.0,3,0,0,0,0,1,0,1,0.001162442,Open
f5afe4e7-d62f-453f-89a6-251aa8b1350e,Trinity United Methodist Church,church_cathedral,748 Mercy St,http://www.cnumc.org,1.0,12,2,1,1,0,1,church_cathedral,0,1,1,1,1,0,0,1,1,0,1,2,12,1.0,3,0,0,0,0,1,0,1,0.00016668234,Open
bc7da3df-5233-4584-99e4-b6eee6d49210,Front Porch Mountain View,religious_organization,748 Mercy St,http://FrontPorchMV.org/,0.0,12,2,1,1,0,1,religious_organization,1,1,1,1,1,0,0,1,1,0,1,2,12,0.0,3,0,0,0,0,1,0,1,0.0031757231,Open
3c84efcd-0110-46aa-8d91-d2a03f67741c,Mountain View - 501 Castro St.,banks,501 Castro St.,https://usbranches.bmo.com/ca/mountain-view/bmo122/,1.0,12,2,1,0,0,1,banks,0,1,1,0,0,0,0,0,0,1,1,2,12,1.0,2,1,0,0,0,1,0,0,0.006473587,Open
715db578-fc04-47be-aced-a1ab64d5e3d8,ATM,atms,501 Castro St,https://usbranches.bmo.com/ca/mountain-view/atm-501csmvc/,1.0,12,2,1,0,0,1,atms,0,1,1,0,0,0,0,0,0,1,1,2,12,1.0,2,1,0,0,0,1,0,0,0.0031764386,Open
569f663f-712b-42b5-bcd1-94bfc6deb111,Mountain View - 501 Castro Street,atms,501 Castro St,https://usbranches.bmo.com/ca/mountain-view/tk607146/,1.0,12,2,1,0,0,1,atms,0,1,1,0,0,0,0,0,0,1,1,2,12,1.0,2,1,0,0,0,1,0,0,0.0031764386,Open
1ea71822-4be3-4833-a539-7e7bf08319b7,Jersey Mike's Subs,fast_food_restaurant,RELOCATING,https://www.jerseymikes.com/20115/mountain-view-ca,1.0,12,2,1,1,0,1,fast_food_restaurant,3,1,1,1,1,0,0,0,0,0,1,2,12,1.0,3,0,0,0,1,1,0,0,0.15339811,Open
aa8758dd-1f19-48ba-af09-fea5ad84cde9,Hippo Insurance,insurance_agency,,https://www.hippo.com/?lpab=al&utm_source=facebook&utm_medium=organic_social_homepage,1.0,12,2,1,1,0,0,insurance_agency,1,1,1,1,1,0,0,1,1,0,0,2,12,1.0,2,0,0,0,0,1,0,1,0.0026233403,Open
f0e5d852-b90b-4761-8780-503ae2c90300,Mountain View Optometry,optometrist,495 Castro St,http://www.mvo.com/,1.0,12,2,1,1,0,1,optometrist,1,1,1,1,1,0,0,1,1,0,1,2,12,1.0,3,0,0,0,0,1,0,1,0.0012387177,Open
7f3ebfa0-f3ca-4f71-9bd4-64c219259b21,CHAC Family Resource Centers,social_service_organizations,748 Mercy St,https://chacmv.org/frcs,0.0,12,2,1,1,0,1,social_service_organizations,2,1,1,1,1,0,0,1,1,0,1,2,12,0.0,3,0,0,0,0,1,0,1,0.003272911,Open
f723ee77-3388-4f1a-95a7-9013bea8fd14,Downtown Mountain View,mountain,565 Castro St,mountainviewdowntown.com,1.0,12,2,1,1,0,1,mountain,1,1,1,1,1,0,0,1,1,0,1,2,12,1.0,3,0,0,0,0,1,0,1,0.0012767038,Open
7a84e18a-a170-4c86-8f3c-8bfb0bd9b4ab,Yoga Belly,yoga_studio,455 Castro St,http://www.yogabellystudio.com,0.0,188,2,1,1,0,1,yoga_studio,0,1,1,1,1,0,0,1,1,0,1,2,188,0.0,3,0,0,1,0,1,0,0,0.087305956,Open
3a2369a9-eed5-45b3-a86d-782fdca64a78,Somewhere Out West,clothing_store,455 Castro St,http://www.somewhereoutwest.net/index.html,0.0,12,2,1,1,0,1,clothing_store,2,1,1,1,1,0,0,1,1,0,1,2,12,0.0,3,0,0,0,0,1,0,1,0.030989066,Open
f7e72dde-ff06-452b-ba32-11532e761cfd,Ginseng Korean BBQ + Tofu,korean_restaurant,475 Castro St,http://www.ginsengbbqtofu.com,0.0,235,2,1,1,0,1,korean_restaurant,0,1,1,1,1,0,0,1,1,0,1,2,235,0.0,3,0,0,1,0,1,0,0,0.2075692,Open
a9a44578-7d38-4053-9c13-6910d14dccc9,The Grill Story,korean_restaurant,475 Castro St,http://www.thegrillstory.com,1.0,188,2,1,1,0,1,korean_restaurant,0,1,1,1,1,0,0,0,0,0,1,2,188,1.0,3,0,0,1,0,1,0,0,0.047416985,Open
e9bdae28-8ee3-4b08-8af5-d27abe151573,Kirin Chinese Seafood Restaurant,chinese_restaurant,485 Castro St,http://kirin-mountainview.com,0.0,53,2,1,1,1,1,chinese_restaurant,0,1,1,1,1,1,1,1,1,0,1,2,53,0.0,4,0,0,1,0,1,0,0,0.016446603,Open
b941aa84-ce49-4b9a-b646-365932ed676f,Kirin Restaurant,chinese_restaurant,485 Castro St,http://Kirinbistromv.com/,1.0,12,2,1,1,0,1,chinese_restaurant,2,1,1,1,1,0,0,1,1,0,1,2,12,1.0,3,0,0,0,0,1,0,1,0.018132279,Open
4aa7af1c-84f7-447f-a5fb-e4650f3e80b0,Mountain View Art & Wine Festival,topic_concert_venue,500 Castro St,http://mvartwine.com/,1.0,12,2,1,1,0,1,topic_concert_venue,1,1,1,1,1,0,0,1,1,0,1,2,12,1.0,3,0,0,0,0,1,0,1,0.0012387177,Open
05d2f804-7f71-49a6-9ef2-cdc9818f44d3,The Posh Bagel,bagel_shop,444 Castro St,http://www.theposhbagel.com,1.0,188,2,1,1,0,1,bagel_shop,0,1,1,1,1,0,0,0,0,0,1,2,188,1.0,3,0,0,1,0,1,0,0,0.031621657,Open
8e92d649-fa8c-423e-aeac-653a395a0433,Asahi Glass,glass_and_mirror_sales_service,444 Castro St,,,12,2,0,1,0,1,glass_and_mirror_sales_service,1,0,0,1,1,0,0,1,1,0,1,2,12,,2,0,0,0,0,1,0,1,0.00045770692,Open
9434be77-d2fa-4309-888b-50fa5aac6fd4,Megagon Labs,computer_hardware_company,444 Castro St,http://www.megagon.ai/,1.0,12,2,1,1,0,1,computer_hardware_company,1,1,1,1,1,0,0,1,1,0,1,2,12,1.0,3,0,0,0,0,1,0,1,0.0012767038,Open
9fd33f50-bd26-4f22-91ec-637a6a5befe1,SentinelOne,software_development,444 Castro St,https://www.sentinelone.com/,1.0,12,2,1,1,0,1,software_development,1,1,1,1,1,0,0,1,1,0,1,2,12,1.0,3,0,0,0,0,1,0,1,0.0012767038,Open
90822328-a4ec-42f2-97fa-fcb917e18e35,Bank of America,banks,444 Castro St,http://www.bankofamerica.com,1.0,47,2,1,1,1,1,banks,0,1,1,1,1,1,1,1,1,0,1,2,47,1.0,4,0,0,1,0,1,0,0,0.009125801,Open
fde60de3-ce5a-4d27-8e6d-dce1e75fc41a,TheatreWorks Silicon Valley,theatrical_productions,500 Castro St,https://linktr.ee/theatreworkssv,1.0,12,2,1,1,0,1,theatrical_productions,2,1,1,1,1,0,0,1,1,0,1,2,12,1.0,3,0,0,0,0,1,0,1,0.0014380114,Open
84dd12f3-0afc-4395-9ccf-95bfd6dcb167,Bean Scene Cafe,cafe,500 Castro St,http://www.mvcpa.com,1.0,12,2,1,1,0,1,cafe,2,1,1,1,1,0,0,1,1,0,1,2,12,1.0,3,0,0,0,0,1,0,1,0.01556326,Open
e4ace41d-3fad-4737-ab41-f0a77873f2cc,Mountain View Center for the Performing Arts,topic_concert_venue,500 Castro St,https://www.mvcpa.com/events,1.0,12,2,1,1,0,1,topic_concert_venue,2,1,1,1,1,0,0,1,1,0,1,2,12,1.0,3,0,0,0,0,1,0,1,0.0027274275,Open
cefeb32e-af6f-475b-b5fd-e5b28caf17e0,Mountain View Farmers' Market,farmers_market,"Lot 12, Bryant St",http://www.cafarmersmkts.com/mountain-view-farmers-market,1.0,12,2,1,1,0,1,farmers_market,2,1,1,1,1,0,0,1,1,0,1,2,12,1.0,3,0,0,0,0,1,0,1,0.00087556447,Open
03598a93-b1cc-4633-9c6a-86d8a5ae5c62,Bank of America ATM,atms,444 Castro St,https://locators.bankofamerica.com/ca/mountainview/financial-centers-mountain-view-8688.html,1.0,12,2,1,1,0,1,atms,2,1,1,1,1,0,0,1,1,0,1,2,12,1.0,3,0,0,0,0,1,0,1,0.01556326,Open
e8905f9e-369b-4698-8f31-a35a040dfb6e,Trans Cosmos USA,financial_service,444 Castro St,http://www.transcosmos.com,1.0,12,2,1,1,0,1,financial_service,2,1,1,1,1,0,0,1,1,0,1,2,12,1.0,3,0,0,0,0,1,0,1,0.0048736506,Open
ad825ece-0b6f-46b2-8816-29c3f0fd6793,Infer,corporate_office,444 Castro St,https://www.infer.com/,1.0,12,2,1,1,0,1,corporate_office,1,1,1,1,1,0,0,0,0,0,1,2,12,1.0,3,0,0,0,1,1,0,0,0.004732646,Open
0113568f-e97c-46f6-b487-08f5eedfb186,CYCLEBAR,cycling_classes,444 Castro Street,https://cyclebar.com/,1.0,12,2,1,1,0,1,cycling_classes,1,1,1,1,1,0,0,0,0,0,1,2,12,1.0,3,0,0,0,1,1,0,0,0.015176928,Open
7b8ae8b1-e81e-487e-b10c-e1baa7703a41,Silicon Valley Community Foundation,community_services_non_profits,444 Castro St,http://svcf.org/,1.0,12,2,1,1,0,1,community_services_non_profits,1,1,1,1,1,0,0,1,1,0,1,2,12,1.0,3,0,0,0,0,1,0,1,0.0008278519,Open
5f2083fe-1169-4c12-b3ad-4f1304b0e21f,ThoughtSpot,software_development,444 Castro St,https://www.thoughtspot.com/,1.0,12,2,1,1,0,1,software_development,2,1,1,1,1,0,0,1,1,0,1,2,12,1.0,3,0,0,0,0,1,0,1,0.0014380114,Open
c8ff339c-add7-474d-bdbe-acc73d1c0853,Credit Sesame,credit_and_debt_counseling,444 Castro St,https://smart.link/tiiwu5ih4lwd1,1.0,12,2,1,1,0,1,credit_and_debt_counseling,2,1,1,1,1,0,0,1,1,0,1,2,12,1.0,3,0,0,0,0,1,0,1,0.0029474122,Open
1c31606c-172d-4504-a970-709c1f1eb1ff,Bank of America Financial Center & Walk-Up ATM | Mountain View Main,banks,444 Castro St STE 100,https://locators.bankofamerica.com/ca/mountainview/financial-centers-mountain-view-8688.html,1.0,12,2,1,0,1,1,banks,0,1,1,0,0,1,1,2,1,1,1,2,12,1.0,3,1,0,0,0,1,0,0,0.009147454,Open
abc56bec-a37c-4e40-9f6b-d905d34779b8,Bank of America Financial Center,bank_credit_union,444 Castro St Ste 100,https://locators.bankofamerica.com/ca/mountainview/financial-centers-mountain-view-8688.html,1.0,12,2,1,1,0,1,bank_credit_union,0,1,1,1,1,0,0,0,0,0,1,2,12,1.0,3,0,0,0,1,1,0,0,0.0016501019,Open
3332e1fc-1399-4a42-afff-eb10fd3fd9f3,Sweetgreen,salad_bar,440 Castro St,https://www.sweetgreen.com/,1.0,12,2,1,1,0,1,salad_bar,2,1,1,1,1,0,0,1,1,1,1,2,12,1.0,3,0,0,0,0,1,0,1,0.0060880245,Open
88ecf6a3-ac71-40fd-afa7-2c2509fbff6b,Mountain View,fast_food_restaurant,440 Castro St,https://order.sweetgreen.com/mountain-view/,1.0,12,2,1,0,0,1,fast_food_restaurant,0,1,1,0,0,0,0,0,0,1,1,2,12,1.0,2,1,0,0,0,1,0,0,0.004720273,Open
6b6351fa-ecb4-4a71-90c6-8a80beb32d78,Casa Lupe,mexican_restaurant,459 Castro St,http://www.casalupemv.com,1.0,12,2,1,1,0,1,mexican_restaurant,2,1,1,1,1,0,0,1,1,0,1,2,12,1.0,3,0,0,0,0,1,0,1,0.009841805,Open
e44b3bc3-8940-41b3-b537-eb5236f8c794,Playco,software_development,421 Castro St,https://play.co/,1.0,12,2,1,0,0,1,software_development,2,1,1,0,0,0,0,1,1,0,1,2,12,1.0,2,0,0,0,0,1,0,1,0.00038564097,Open
19e503ed-749b-4b4f-abd7-fad37439604f,Quova,venue_and_event_space,707 California St,https://www.home.neustar/security-intelligence,1.0,596,2,1,1,0,1,venue_and_event_space,0,1,1,1,1,0,0,0,0,0,1,2,596,1.0,3,0,0,1,0,1,0,0,0.051928237,Open
c594ef32-142d-4067-b0af-9929bd523390,Dynatrace LLC,software_development,401 Castro St SE,https://careers.dynatrace.com/locations/san-mateo/,0.0,12,2,1,1,0,1,software_development,2,1,1,1,1,0,0,0,0,0,1,2,12,0.0,3,0,0,0,1,1,0,0,0.009522621,Open
e7876736-c7ff-4dbf-af79-4e08e16a841b,Scratch,american_restaurant,401 Castro St,http://www.scratchmtnview.com/contact,0.0,12,2,1,1,0,1,american_restaurant,2,1,1,1,1,0,0,1,1,0,1,2,12,0.0,3,0,0,0,0,1,0,1,0.13946976,Open
e91510e8-03e1-4851-8cad-69e436dca289,Techmave Software,information_technology_company,50 E Middlefield Rd Apt 4,https://techmavesoftware.com,1.0,492,2,1,1,0,1,information_technology_company,0,1,1,1,1,0,0,0,0,0,1,2,492,1.0,3,0,0,1,0,1,0,0,0.004768621,Open
7038373d-4ce0-4063-aba1-cbbaad6e7842,Cascal,latin_american_restaurant,400 Castro St,http://www.cascalmv.com/,0.0,12,2,1,1,0,1,latin_american_restaurant,2,1,1,1,1,0,0,1,1,0,1,2,12,0.0,3,0,0,0,0,1,0,1,0.044209216,Open
604140be-49b6-43ae-b693-7118d5b63eb2,Vibrantcultural.com,internet_marketing_service,412 Castro St,https://www.vibrantcultural.com/,1.0,12,2,1,1,0,1,internet_marketing_service,2,1,1,1,1,0,0,1,1,0,1,2,12,1.0,3,0,0,0,0,1,0,1,0.0014380114,Open
a2c3dbb6-663f-4f16-9a09-1d72aa99abf1,The Cantankerous Fish,seafood_restaurant,420 Castro St,http://www.scottsseafoodmv.com,1.0,306,2,1,1,0,1,seafood_restaurant,0,1,1,1,1,0,0,1,1,0,1,2,306,1.0,3,0,0,1,0,1,0,0,0.14449964,Open
fe9924ec-835e-40fd-8a73-f67e7b58c2f5,Scott's Seafood,seafood_restaurant,420 Castro St,,,235,2,0,1,0,1,seafood_restaurant,0,0,0,1,1,0,0,1,1,0,1,2,235,,2,0,0,1,0,1,0,0,0.12153286,Open
e9aab930-a699-47bd-b66d-a52f56e4fd79,Peet's Coffee,coffee_shop,420 Castro St,https://www.peets.com/pages/store-locator?stockist-query=Mountain+View%2C+CA%2C+USA&selected=Mountain+View+-+Castro,1.0,12,2,1,1,0,1,coffee_shop,2,1,1,1,1,0,0,1,1,1,1,2,12,1.0,3,0,0,0,0,1,0,1,0.0067617917,Open
f4c672f7-a3bb-45cb-9b9c-108d025bac2f,Factored,b2b_science_and_technology,400 Castro St,https://www.factored.ai/,1.0,12,2,1,1,0,1,b2b_science_and_technology,0,1,1,1,1,0,0,1,1,0,1,2,12,1.0,3,0,0,0,0,1,0,1,0.0007938093,Open
c89049e9-13c2-4c4c-9f9a-b768eab4b830,Churchill Club at Fenwick & West,venue_and_event_space,801 California St,,,269,2,0,1,0,1,venue_and_event_space,0,0,0,1,1,0,0,1,1,0,1,2,269,,2,0,0,1,0,1,0,0,0.09257519,Open
04a0994f-5f5b-4d4d-a812-9fa2c27576e4,Fenwick and West,lawyer,801 California St,http://www.fenwick.com/,1.0,12,2,1,1,0,1,lawyer,2,1,1,1,1,0,0,1,1,0,1,2,12,1.0,3,0,0,0,0,1,0,1,0.0014380114,Open
a8ec5889-3b1f-4739-9f51-ad29c08284ce,UPS Access Point location,courier_and_delivery_services,850 California St,https://locations.ups.com/us/en/ca/mountainview/access-point-location-171329.html?utm_source=bing&utm_medium=organic&utm_campaign=rio,1.0,12,2,1,1,0,1,courier_and_delivery_services,2,1,1,1,1,0,0,0,0,0,1,2,12,1.0,3,0,0,0,1,1,0,0,0.009850112,Open
9a9d8984-971c-46a8-95c1-3064be098398,Dana Oriental Market,naturopathic_holistic,800 California St,http://www.danaherbalmarket.com/,0.0,12,2,1,1,0,1,naturopathic_holistic,2,1,1,1,1,0,0,1,1,0,1,2,12,0.0,3,0,0,0,0,1,0,1,0.003272911,Open
e6245c48-c42b-4685-b796-dd414b89045c,Bierhaus,beer_garden,383 Castro St,http://bierha.us,1.0,188,2,1,1,0,1,beer_garden,0,1,1,1,1,0,0,1,1,0,1,2,188,1.0,3,0,0,1,0,1,0,0,0.1733496,Open
c4c58652-02ff-49bb-b537-6cf0fbe29436,Ludwig’s Biergarten,german_restaurant,383 Castro St,https://www.ludwigsmv.com,1.0,50,2,1,1,0,1,german_restaurant,0,1,1,1,1,0,0,1,1,0,1,2,50,1.0,3,0,0,1,0,1,0,0,0.064781696,Open
89253f48-7a2d-4c81-82b1-f27002ab8f9f,Wienerschnitzel,burger_restaurant,383 Castro St,http://www.wienerschnitzel.com,1.0,168,2,1,1,0,1,burger_restaurant,0,1,1,1,1,0,0,0,0,0,1,2,168,1.0,3,0,0,1,0,1,0,0,0.21748827,Open
d91a44c3-b404-4aa7-b402-1731b3500490,Acupuncture and Chinese Medical Group,acupuncture,375 Castro St,http://www.trulyacm.net,0.0,12,2,1,1,0,1,acupuncture,2,1,1,1,1,0,0,1,1,0,1,2,12,0.0,3,0,0,0,0,1,0,1,0.003206712,Open
8dce7735-caed-4b8e-914f-536f89681b30,Holistic AcuCare,acupuncture,375 Castro St,http://www.holisticacucare.com/,1.0,12,2,1,1,0,1,acupuncture,1,1,1,1,1,0,0,1,1,0,1,2,12,1.0,3,0,0,0,0,1,0,1,0.0009801852,Open
b23bf645-746a-42b2-9cfc-45cfec30f515,N California Health & Acupuncture,acupuncture,375 Castro St,http://www.cahaa.com,1.0,12,2,1,1,0,1,acupuncture,1,1,1,1,1,0,0,1,1,0,1,2,12,1.0,3,0,0,0,0,1,0,1,0.0009801852,Open
955e4c3a-b4ca-487a-addf-3dcb3bccef8e,Sight Optometry,optometrist,369 Castro St,http://www.sightoptometry.com,1.0,12,2,1,1,0,1,optometrist,1,1,1,1,1,0,0,1,1,0,1,2,12,1.0,3,0,0,0,0,1,0,1,0.0012387177,Open
417eb253-a1ec-45f0-9184-b3c260d98b35,Orchid Life Acupunctute & Wellness,acupuncture,800 California St,http://Orchidlifetcm.com/,0.0,12,2,1,1,0,1,acupuncture,2,1,1,1,1,0,0,1,1,0,1,2,12,0.0,3,0,0,0,0,1,0,1,0.003206712,Open
80e601c6-f076-4b3c-8cc5-3c2da20e61d2,Candace Kuo Optometry,optometrist,369 Castro St,http://www.yelp.com/biz/U-2-Dzr-A8dHZkPE-qmJ4g,1.0,12,2,1,1,0,1,optometrist,1,1,1,1,1,0,0,1,1,0,1,2,12,1.0,3,0,0,0,0,1,0,1,0.0012387177,Open
c9bdf500-6872-4d40-b23f-8a1c52c9cc82,Silicon Valley Home Builders,construction_services,800 California St,http://siliconvalleypropertyshop.com/,1.0,12,2,1,1,0,1,construction_services,2,1,1,1,1,0,0,1,1,0,1,2,12,1.0,3,0,0,0,0,1,0,1,0.0014380114,Open
e163cca0-53d6-47c0-996b-c21a2e6a622e,Limon,peruvian_restaurant,800 California St,,,12,2,0,1,0,1,peruvian_restaurant,2,0,0,1,1,0,0,1,1,1,1,2,12,,2,0,0,0,0,1,0,1,0.0035170524,Open
9482f6d5-cb72-4504-b469-432b94751734,Stampli,software_development,800 California St,https://www.stampli.com/,1.0,12,2,1,1,0,1,software_development,0,1,1,1,1,0,0,1,1,0,1,2,12,1.0,3,0,0,0,0,1,0,1,0.0007938093,Open
c7327338-9375-43f6-a67f-8514d1579686,William Maston Architect and Associates,architectural_designer,372 Castro St,http://www.mastonarchitect.com,1.0,12,2,1,1,0,1,architectural_designer,1,1,1,1,1,0,0,1,1,0,1,2,12,1.0,3,0,0,0,0,1,0,1,0.0012767038,Open
071c6aa8-6f0b-4be1-99ae-5d9af475e87e,Vee Cosmetics,cosmetic_and_beauty_supplies,380 Castro St,http://www.veecosmetics.com,1.0,12,2,1,1,0,1,cosmetic_and_beauty_supplies,1,1,1,1,1,0,0,1,1,0,1,2,12,1.0,3,0,0,0,0,1,0,1,0.0016650106,Open
7523aae8-deb6-4cf3-8012-6c7df313648c,SMB Services,accountant,384 Castro St,https://smbservices.co/,1.0,12,2,1,1,0,1,accountant,1,1,1,1,1,0,0,1,1,0,1,2,12,1.0,3,0,0,0,0,1,0,1,0.0012767038,Open
7adee172-ed7d-4206-8cd0-43250314006f,M•Designs Architects,architectural_designer,384 Castro St,http://www.mdesignsarchitects.com/,1.0,12,2,1,1,0,1,architectural_designer,2,1,1,1,1,0,0,1,1,0,1,2,12,1.0,3,0,0,0,0,1,0,1,0.0014380114,Open
4aee7654-767a-44bc-8cf3-c21d8108e822,Design Mania,marketing_agency,384 Castro St,http://designmania.co/,0.0,12,2,1,1,0,1,marketing_agency,2,1,1,1,1,0,0,1,1,0,1,2,12,0.0,3,0,0,0,0,1,0,1,0.003272911,Open
1874505e-1d6b-46af-90e6-1bea45b3afb8,Sakoon,indian_restaurant,357 Castro St,http://sakoonrestaurant.com,1.0,66,2,1,1,1,1,indian_restaurant,0,1,1,1,1,1,1,1,1,0,1,2,66,1.0,4,0,0,1,0,1,0,0,0.032574233,Open
aebd5d2b-da95-427f-aeb2-b4a72225ebd7,Sono Sushi,sushi_restaurant,357 Castro St,http://www.sono-sushi.com/,0.0,339,2,1,1,0,1,sushi_restaurant,0,1,1,1,1,0,0,0,0,0,1,2,339,0.0,3,0,0,1,0,1,0,0,0.8076713,Closed
ee89da41-4125-400e-993c-a9c42348ed22,Kids Haircuts Mountain View - Kids-friendly hair salon for children,hair_salon,357 Castro St,http://www.kidshaircutsmountainview.com/,1.0,12,2,1,1,0,1,hair_salon,1,1,1,1,1,0,0,1,1,0,1,2,12,1.0,3,0,0,0,0,1,0,1,0.0015220591,Open
fbd890e0-a9e4-4501-86ab-1076e8d7b41b,Sakoon,indian_restaurant,357 Castro St,http://www.sakooncuisine.com/home.htm,0.0,12,2,1,1,0,1,indian_restaurant,2,1,1,1,1,0,0,1,1,0,1,2,12,0.0,3,0,0,0,0,1,0,1,0.048849028,Open
d3bcab3e-91cc-41aa-9816-a48c8812a62e,Studio 364,beauty_salon,364 Castro St,http://www.doccstudio364.com/,0.0,12,2,1,1,0,1,beauty_salon,2,1,1,1,1,0,0,1,1,0,1,2,12,0.0,3,0,0,0,0,1,0,1,0.003069077,Open
2e13c9d0-dcc8-4f9b-a4a9-81adaedc5f37,Rumble Fish Japanese Restaurant,japanese_restaurant,357 Castro St Ste 3A,http://www.rumblefishmv.com,1.0,188,2,1,1,0,1,japanese_restaurant,0,1,1,1,1,0,0,0,0,0,1,2,188,1.0,3,0,0,1,0,1,0,0,0.08391894,Open
ceb3b396-e1c9-47ce-9e08-4d88b39f9089,CVS,atms,850 California St,https://usbranches.bmo.com/ca/mountain-view/vz002473/,1.0,12,2,1,0,0,1,atms,0,1,1,0,0,0,0,0,0,1,1,2,12,1.0,2,1,0,0,0,1,0,0,0.0031764386,Open
a9eec431-23f0-4423-8857-6c593a70a6f0,ATM CVS,atms,850 California St,,,12,2,0,0,0,1,atms,0,0,0,0,0,0,0,0,0,1,1,2,12,,1,1,0,0,0,1,0,0,0.0010488254,Open
12e18bcc-e488-42f5-9f60-f64b2d648921,H&H Fresh Fish Co.,fishmonger,California St. & Bryant St,https://www.hhfreshfish.com/locations/mountain-view,1.0,12,2,1,1,0,1,fishmonger,1,1,1,1,1,0,0,1,1,1,1,2,12,1.0,3,0,0,0,0,1,0,1,0.0023156605,Open
316e4d38-7e53-4be2-ae0e-2d80204d53b7,Shoreline West,condominium,,https://www.shorelinewestmv.com/information-about-our-neighborhood,1.0,284,2,1,0,0,0,condominium,0,1,1,0,0,0,0,0,0,0,0,2,284,1.0,1,0,0,1,0,1,0,0,0.0046967627,Open
1ffc2a30-a113-49e8-bd13-e7975fc3eb54,Eagle Park Pool,swimming_pool,600 Franklin St,http://mountainview.gov/depts/cs/rec/aquatics/lochour.asp,1.0,12,2,1,1,0,1,swimming_pool,2,1,1,1,1,0,0,1,1,0,1,2,12,1.0,3,0,0,0,0,1,0,1,0.0009938197,Open
517c2308-01ca-47f9-9cc1-5d78d13ad696,Vantage Local,marketing_consultant,320 Mountain View Ave,http://www.vantagelocal.com/,0.0,12,2,1,1,0,1,marketing_consultant,7,1,1,1,1,0,0,0,0,0,1,2,12,0.0,3,0,0,0,1,1,0,0,0.006774973,Open
ae2abe0c-d381-4d96-8d86-750d61d0f1cb,Dental House of Wellington,dentist,12012 S Shore Blvd,https://www.dentalhouseofwellington.com,1.0,12,2,1,1,0,1,dentist,0,1,1,1,1,0,0,0,0,0,1,2,12,1.0,3,0,1,0,0,1,0,0,0.0008432789,Open
c63f1bf8-5fe7-4d56-ac2b-bfa51a964d89,CVS Pharmacy,pharmacy,850 California St,https://www.cvs.com/store-locator/landing,1.0,12,2,1,1,0,1,pharmacy,0,1,1,1,1,0,0,1,1,1,1,2,12,1.0,3,0,0,0,0,1,0,1,0.00065627677,Open
76c14c04-6e9c-424d-b692-bf488c240c17,LibertyX Bitcoin ATM,atms,850 California St,https://libertyx.com/a/buy-bitcoin/locations/CA/mountain-view/850-california-st?y_source=1_MTA1NjI1ODkyOC01NTktbG9jYXRpb24ud2Vic2l0ZQ%3D%3D,1.0,12,2,1,1,0,1,atms,2,1,1,1,1,0,0,1,1,1,1,2,12,1.0,3,0,0,0,0,1,0,1,0.0057931235,Open
944b92ca-5bc9-4f3a-b7b3-ea6c51c33667,Poke Bar,poke_restaurant,340 Castro St,http://www.ilovepokebar.com/,1.0,12,2,1,1,0,1,poke_restaurant,2,1,1,1,1,0,0,1,1,1,1,2,12,1.0,3,0,0,0,0,1,0,1,0.002874814,Open
add96414-9942-4c44-bea7-f27b4d89824d,Omelette House @ Ava's,restaurant,340 Castro St,http://www.omelettehouseatavas.com,0.0,188,2,1,1,0,1,restaurant,0,1,1,1,1,0,0,0,0,0,1,2,188,0.0,3,0,0,1,0,1,0,0,0.09174149,Open
5f97e971-c8c2-4f96-86fe-6c0365050edc,Ava's Downtown Market & Deli,specialty_grocery_store,340 Castro St,https://avasmkt.com/,1.0,12,2,1,1,0,1,specialty_grocery_store,2,1,1,1,1,0,0,1,1,0,1,2,12,1.0,3,0,0,0,0,1,0,1,0.0014380114,Open
2841ea27-e2ed-430d-a2ac-75d1e20292f2,"East West Bookshop, Mountain View",bookstore,324 Castro St,http://www.eastwestbooks.org/,1.0,12,2,1,1,0,1,bookstore,2,1,1,1,1,0,0,1,1,0,1,2,12,1.0,3,0,0,0,0,1,0,1,0.004380057,Open
062f5205-6c68-4f90-812d-c0c154e2da99,Crepevine Restaurants,breakfast_and_brunch_restaurant,300 Castro St,https://www.crepevine.com/location/crepe-vine-mountain-view/,1.0,12,2,1,1,0,1,breakfast_and_brunch_restaurant,3,1,1,1,1,0,0,0,0,0,1,2,12,1.0,3,0,0,0,1,1,0,0,0.30570048,Open
f1a47422-a6f2-438b-87c7-29a5d03eff57,Crepevine Restaurant,breakfast_and_brunch_restaurant,300 Castro St,http://www.crepevine.com/,1.0,12,2,1,1,0,1,breakfast_and_brunch_restaurant,3,1,1,1,1,0,0,0,0,0,1,2,12,1.0,3,0,0,0,1,1,0,0,0.30570048,Open
995a2a5e-9a22-493e-aed7-ef26290cf681,Addepar,computer_hardware_company,303 Bryant St,https://addepar.com/,1.0,12,2,1,1,0,1,computer_hardware_company,2,1,1,1,1,0,0,1,1,0,1,2,12,1.0,3,0,0,0,0,1,0,1,0.0014380114,Open
48b4786e-139d-4b18-8c12-d3f3d41bbe1b,Essence Salon,hair_salon,826 W Dana St,http://www.essencesalon.com/,1.0,12,2,1,1,0,1,hair_salon,2,1,1,1,1,0,0,1,1,0,1,2,12,1.0,3,0,0,0,0,1,0,1,0.0019195399,Open
0740591b-0465-4aab-91f2-cb76ac3bbbac,Moving Optimal Chiropractic,chiropractor,838 W Dana St,http://www.movingoptimal.com/,1.0,12,2,1,1,0,1,chiropractor,1,1,1,1,1,0,0,1,1,0,1,2,12,1.0,3,0,0,0,0,1,0,1,0.00046890456,Open
5aacaaa4-83b6-42c7-be5f-b0455bf36904,Taqueria La Espuela,mexican_restaurant,854 W Dana St,http://www.loscharrosrestaurant.com,1.0,12,2,1,1,0,1,mexican_restaurant,2,1,1,1,1,0,0,1,1,0,1,2,12,1.0,3,0,0,0,0,1,0,1,0.009841805,Open
0dd673d4-35ca-4ca0-b087-e05549d8af3c,Essence Salon,hair_stylist,826 W Dana St,http://essencesalon.com/,1.0,12,2,1,1,0,1,hair_stylist,2,1,1,1,1,0,0,0,0,0,1,2,12,1.0,3,0,0,0,1,1,0,0,0.009850112,Open
a3ad6084-f86d-458e-b861-3f3f7b8873b4,Jimenezbarber,professional_services,844 W Dana St,,,12,2,0,1,0,1,professional_services,0,0,0,1,1,0,0,1,1,0,1,2,12,,2,0,0,0,0,1,0,1,0.0002131528,Open
690dad9d-fa34-47bb-8e4b-7e47c810b42c,Well Health Acupuncture,acupuncture,838 W Dana St,http://wellhealthpc.com/,1.0,12,2,1,1,0,1,acupuncture,2,1,1,1,1,0,0,1,1,0,1,2,12,1.0,3,0,0,0,0,1,0,1,0.0018294445,Open
6f79a1e1-90e2-4e96-9d80-e0502c251a58,Eyebrow Station,cosmetic_and_beauty_supplies,834 W Dana St,http://www.beautysaloninmountainview.com,0.0,339,2,1,1,0,1,cosmetic_and_beauty_supplies,0,1,1,1,1,0,0,0,0,0,1,2,339,0.0,3,0,0,1,0,1,0,0,0.13905005,Open
670dcea1-3115-49e1-870f-94b6649dd0bf,Fashion Cuts and Barber Shop,hair_salon,844 W Dana St,https://fashioncutsbarbers.com,1.0,163,2,1,1,0,1,hair_salon,0,1,1,1,1,0,0,1,1,0,1,2,163,1.0,3,0,0,1,0,1,0,0,0.013822027,Open
a5fdfcad-7eae-45b4-9071-ec4619ea5981,Fashion Cuts,barber,844 W Dana St,http://fashioncode.us,0.0,12,2,1,1,0,1,barber,2,1,1,1,1,0,0,1,1,0,1,2,12,0.0,3,0,0,0,0,1,0,1,0.003272911,Open
2a319a7e-7839-4bdc-865f-960f36e21dcf,Angel Garage Door Repair Mountain View,builders,1174 Castro St #201,https://www.angelgaragedoors.com/locations/california/garage-door-repair-mountain-view-ca/,1.0,12,2,1,1,0,1,builders,0,1,1,1,1,0,0,0,0,0,1,2,12,1.0,3,0,0,0,1,1,0,0,0.010246237,Open
c7a24a7f-95aa-4bbb-b88f-0bfb8b3042c7,Yakko Sushi,sushi_restaurant,975 W Dana St,http://yakkosushi.net,0.0,188,2,1,1,0,1,sushi_restaurant,0,1,1,1,1,0,0,0,0,0,1,2,188,0.0,3,0,0,1,0,1,0,0,0.16468804,Open
87fc23a5-93f4-4fcb-9700-2d253e3d94e1,JulieQ's Hair Salon,hair_salon,951 W Dana St,http://www.julieqsalon.com/,1.0,12,2,1,1,0,1,hair_salon,1,1,1,1,1,0,0,1,1,0,1,2,12,1.0,3,0,0,0,0,1,0,1,0.0015220591,Open
041c064e-7c96-4c01-bf1a-757cc70e94c0,McCain Lina M DVM,veterinarian,350 Franklin St,http://www.vetpathways.com/,1.0,12,2,1,1,0,1,veterinarian,1,1,1,1,1,0,0,1,1,0,1,2,12,1.0,3,0,0,0,0,1,0,1,0.00063396833,Open
1126adb0-4799-465c-a83b-d4f8212cef1f,芒廷維尤 (加利福尼亞州),landmark_and_historical_building,,http://www.mountainview.gov,1.0,12,2,1,0,0,0,landmark_and_historical_building,1,1,1,0,0,0,0,1,1,0,0,2,12,1.0,1,0,0,0,0,1,0,1,0.00037166345,Open
2dfb06bf-152a-42e2-91b7-6df9c8179c59,Abundant Life Christian Fllwsp,charity_organization,902 Villa St,,,12,2,0,1,0,1,charity_organization,2,0,0,1,1,0,0,1,1,0,1,2,12,,2,0,0,0,0,1,0,1,0.00033574647,Open
ce7556b9-01d7-4706-9368-c60121505aeb,Tied House Brewery & Cafe,brewery,954 Villa St,http://www.tiedhouse.com,1.0,437,2,1,1,0,1,brewery,0,1,1,1,1,0,0,1,1,0,1,2,437,1.0,3,0,0,1,0,1,0,0,0.9063664,Closed
8f8b6930-e41e-4976-b49d-3c7511310829,Chez TJ,french_restaurant,938 Villa St,http://www.cheztj.com/,1.0,12,2,1,1,0,1,french_restaurant,2,1,1,1,1,0,0,1,1,0,1,2,12,1.0,3,0,0,0,0,1,0,1,0.2516169,Open
40ba3996-d98a-4298-b550-6418e9cb42d1,Dana Park,park,1150 W Dana St,http://www.ci.mtnview.ca.us,1.0,12,2,1,1,0,1,park,1,1,1,1,1,0,0,1,1,0,1,2,12,1.0,3,0,0,0,0,1,0,1,0.00077980437,Open
61bbc4d1-af2d-42db-a65a-bf53b9a27812,Mountain View Fire Department Station No 1,fire_department,251 S Shoreline Blvd,http://www.ci.mtnview.ca.us/city_hall/fire/default.asp,1.0,12,2,1,1,0,1,fire_department,2,1,1,1,1,0,0,1,1,0,1,2,12,1.0,3,0,0,0,0,1,0,1,0.0010087966,Open
b0c43484-a071-4b76-881a-4980ebb5a53b,WellnessNr5 Day Spa,spas,321 Oak St,,,12,2,0,0,0,1,spas,2,0,0,0,0,0,0,1,1,0,1,2,12,,1,0,0,0,0,1,0,1,0.0002580389,Open
392a7538-fff9-4555-9a0b-1f2d50e27ab0,Mountain View Academy,school,360 S Shoreline Blvd,http://mtnviewacademy.org/,1.0,12,2,1,1,0,1,school,2,1,1,1,1,0,0,1,1,0,1,2,12,1.0,3,0,0,0,0,1,0,1,0.0014380114,Open
5e07403c-465d-4442-b429-289762f49406,New Vine Community Church,church_cathedral,360 S Shoreline Blvd,https://newvine.cc/,1.0,12,2,1,1,0,1,church_cathedral,2,1,1,1,1,0,0,1,1,0,1,2,12,1.0,3,0,0,0,0,1,0,1,0.00096865906,Open
a56d2dad-8e97-4cb8-93b7-f49d11c77bdd,Mountain View Candle Company,home_goods_store,320 Mountain View Ave,http://www.mountainviewcandleco.com/,1.0,12,2,1,1,0,1,home_goods_store,1,1,1,1,1,0,0,1,1,0,1,2,12,1.0,3,0,0,0,0,1,0,1,0.0008706473,Open
583dfb84-0358-4ef9-8d7a-4e5d2d66401c,Skycorp Incorporated,travel_services,285 Mountain View Ave,http://www.skycorpinc.com/,1.0,12,2,1,1,0,1,travel_services,1,1,1,1,1,0,0,1,1,0,1,2,12,1.0,3,0,0,0,0,1,0,1,0.0012767038,Open
6c7c70d9-ce81-4724-87e6-167f2f69b850,City of Mountain View - Fire Department,fire_department,1000 Villa St,http://mountainview.gov/depts/fire/default.asp,1.0,12,2,1,1,0,1,fire_department,2,1,1,1,1,0,0,1,1,0,1,2,12,1.0,3,0,0,0,0,1,0,1,0.0010087966,Open
3d74c8d3-119b-4248-92a5-300f21b27eda,Franklin Street Family Apartments,landmark_and_historical_building,135 Franklin St,https://www.roemcorp.com/project/franklin-street-family-apartments,1.0,12,2,1,1,0,1,landmark_and_historical_building,2,1,1,1,1,0,0,1,1,0,1,2,12,1.0,3,0,0,0,0,1,0,1,0.0014380114,Open
cc66d6eb-8303-4fb1-95d5-e5092cdc1f20,Confluent,software_development,899 W Evelyn Ave,http://www.confluent.io/,1.0,12,2,1,1,0,1,software_development,1,1,1,1,1,0,0,1,1,0,1,2,12,1.0,3,0,0,0,0,1,0,1,0.0012767038,Open
e3451244-489f-4a99-8c80-33611db70ea7,23andMe,doctor,899 W Evelyn Ave,http://www.23andme.com,1.0,12,2,1,1,0,1,doctor,2,1,1,1,1,0,0,1,1,0,1,2,12,1.0,3,0,0,0,0,1,0,1,0.0015225549,Open
d434f4da-dea6-47f8-8246-0229dd0118a7,Public Parking,parking,,https://en.parkopedia.com/parking/lot/s_sunnyvale_ave/94086/sunnyvale/?vendor=here,1.0,12,2,1,0,0,0,parking,1,1,1,0,0,0,0,1,1,0,0,2,12,1.0,1,0,0,0,0,1,0,1,0.00033088092,Open
b8ce2d2d-078a-4a9c-830d-1e8e38bed283,HoneyCreek,chinese_restaurant,124 Castro St,http://honeycreekcastro.com,0.0,235,2,1,1,0,1,chinese_restaurant,0,1,1,1,1,0,0,0,0,0,1,2,235,0.0,3,0,0,1,0,1,0,0,0.08331522,Open
7c7ca240-2e6a-41d1-8791-1c6dcccc434b,Xanh Restaurant,vietnamese_restaurant,110 Castro St,http://xanhrestaurant.com,1.0,188,2,1,1,0,1,vietnamese_restaurant,0,1,1,1,1,0,0,0,0,0,1,2,188,1.0,3,0,0,1,0,1,0,0,0.042565566,Open
381c236e-13ef-4bdb-afaf-42755d7a988f,Hunan Chili,chinese_restaurant,102 Castro St,http://www.hunan-chili.com/,0.0,339,2,1,1,0,1,chinese_restaurant,0,1,1,1,1,0,0,0,0,0,1,2,339,0.0,3,0,0,1,0,1,0,0,0.32967392,Open
a3d4e5c0-1e69-4891-8eaa-225afe5f332a,Vaso Azzurro Ristorante,italian_restaurant,108 Castro St,http://www.vasoazzurro.com/,1.0,12,2,1,1,0,1,italian_restaurant,2,1,1,1,1,0,0,1,1,0,1,2,12,1.0,3,0,0,0,0,1,0,1,0.02235514,Open
5ae19f1d-374c-4e8c-b66f-65c6e7eba69f,Vida Tapas Y Cocteles,tapas_bar,110 Castro St,http://www.vidatapasmv.com/,0.0,12,2,1,1,0,1,tapas_bar,2,1,1,1,1,0,0,1,1,0,1,2,12,0.0,3,0,0,0,0,1,0,1,0.04197728,Open
f64d6e0f-72e7-4d69-994d-8a16c31f2286,Johnny & Sanny's,italian_restaurant,110 Castro St,,,12,2,0,1,0,1,italian_restaurant,1,0,0,1,1,0,0,1,1,0,1,2,12,,2,0,0,0,0,1,0,1,0.016315436,Open
6f474f65-c205-4cdf-a687-73347c1bf632,Savvy Cellar Wine Bar,wine_bar,750 W Evelyn Ave,http://www.savvycellar.com/,1.0,12,2,1,1,0,1,wine_bar,2,1,1,1,1,0,0,1,1,0,1,2,12,1.0,3,0,0,0,0,1,0,1,0.026020316,Open
0f67a663-a0a3-4f89-a5ef-4ee06f52a749,Centennial Plaza ATM,financial_service,,http://centennialplazams.com/,1.0,12,2,1,1,0,0,financial_service,0,1,1,1,1,0,0,1,1,0,0,2,12,1.0,2,0,0,0,0,1,0,1,0.0010340494,Open
c4940953-0cdd-4080-b447-ac60f1a3c8ed,Mountain View VTA Light Rail Station,transportation,Evelyn St,http://www.vta.org,1.0,12,2,1,0,0,1,transportation,1,1,1,0,0,0,0,1,1,0,1,2,12,1.0,2,0,0,0,0,1,0,1,0.0019093235,Open
94ec0b22-c779-4572-8e49-8da717c70b1a,Mountain View,train_station,600 W Evelyn Ave,http://www.caltrain.com/,1.0,12,2,1,1,0,1,train_station,1,1,1,1,1,0,0,1,1,0,1,2,12,1.0,3,0,0,0,0,1,0,1,0.0006776568,Open
c548c0f9-e89f-4481-a006-49acf377aeac,Caltrain-Mountain View Caltrain,train_station,600 W Evelyn Ave,https://en.parkopedia.com/parking/lot/caltrain_mountain_view_station/94041/mountain_view/?vendor=here,1.0,12,2,1,1,0,1,train_station,1,1,1,1,1,0,0,1,1,0,1,2,12,1.0,3,0,0,0,0,1,0,1,0.0006776568,Open
c5664a1b-2d58-47a4-9676-dbd4de450b66,Humu,software_development,100 View St,,,12,2,0,1,0,1,software_development,1,0,0,1,1,0,0,1,1,0,1,2,12,,2,0,0,0,0,1,0,1,0.00045770692,Open
637e69e1-b5f9-4fd5-836e-6993c50dbf90,Friendly Yellow Cab,taxi_service,100 View St,,,12,2,0,1,0,1,taxi_service,1,0,0,1,1,0,0,1,1,0,1,2,12,,2,0,0,0,0,1,0,1,0.00045770692,Open
c2d089ee-4eeb-450d-9f11-29c18f7bac92,Study.com,educational_services,100 View St,http://study.com/,1.0,12,2,1,1,0,1,educational_services,2,1,1,1,1,0,0,1,1,0,1,2,12,1.0,3,0,0,0,0,1,0,1,0.0014380114,Open
defd7c82-ad95-49a9-afdc-e632e7224a5c,StarTree Inc,software_development,100 View St,http://www.startree.ai/,1.0,12,2,1,1,0,1,software_development,1,1,1,1,1,0,0,1,1,0,1,2,12,1.0,3,0,0,0,0,1,0,1,0.0012767038,Open
e85aec3b-953e-4965-bd43-57e31204ea82,Castro station,train_station,,http://castrostation.com/,1.0,12,2,1,0,0,0,train_station,2,1,1,0,0,0,0,1,1,0,0,2,12,1.0,1,0,0,0,0,1,0,1,0.0002427292,Open
69b75a72-5cc0-4d82-aa42-fd6bcf11812f,山景城站,transportation,,,,12,2,0,0,0,0,transportation,2,0,0,0,0,0,0,1,1,0,0,2,12,,0,0,0,0,0,1,0,1,0.0013913315,Open
820ef29c-3d5d-408d-bdb5-6f7b302c1f27,Direct Mail for Mac,business_advertising,,https://directmailmac.com/,1.0,12,2,1,0,0,0,business_advertising,0,1,1,0,0,0,0,1,1,0,0,2,12,1.0,1,0,0,0,0,1,0,1,0.00029780963,Open
2dd322a5-08c3-45cb-82d4-9f0fc2ed8fc7,VTA Mountain View Light Rail Station,train_station,600 W Evelyn Ave,http://www.vta.org,1.0,12,2,1,0,0,1,train_station,2,1,1,0,0,0,0,1,1,0,1,2,12,1.0,2,0,0,0,0,1,0,1,0.00023967246,Open
56a655bf-8be7-480e-a99d-5e783735096f,Downtown Mountain View Station,train_station,,http://www.caltrain.com/,1.0,12,2,1,1,0,0,train_station,1,1,1,1,1,0,0,1,1,0,0,2,12,1.0,2,0,0,0,0,1,0,1,0.00088830333,Open
3e2f8cf7-3557-451f-8af4-8f7942144cfc,Mountain View Transit Center,transportation,600 W Evelyn Ave,,,12,2,0,0,0,1,transportation,1,0,0,0,0,0,0,1,1,0,1,2,12,,1,0,0,0,0,1,0,1,0.0005862659,Open
cfaf3e69-eb81-496b-93c8-02e09b3ab312,Depot garage,automotive_repair,727 W Evelyn Ave,http://Depotgaragemv.com/,0.0,12,2,1,1,0,1,automotive_repair,2,1,1,1,1,0,0,1,1,0,1,2,12,0.0,3,0,0,0,0,1,0,1,0.0036703409,Open
536c3608-6c3e-41bf-a6b3-ae926a953b67,Subway,sandwich_shop,701 W Evelyn Ave,,,66,2,0,1,0,1,sandwich_shop,0,0,0,1,1,0,0,1,1,0,1,2,66,,2,0,0,1,0,1,0,0,0.13515763,Open
cd59a200-2a88-4546-96aa-4962adbdca33,Stampli,business,701 W Evelyn Ave,https://www.stampli.com,1.0,396,2,1,1,0,1,business,0,1,1,1,1,0,0,0,0,0,1,2,396,1.0,3,0,0,1,0,1,0,0,0.054508977,Open
520a39dd-4904-4943-88e7-d3473ecafea1,Eagle's Aerie 2356,social_service_organizations,181 Castro St,,,12,2,0,0,0,1,social_service_organizations,1,0,0,0,0,0,0,1,1,0,1,2,12,,1,0,0,0,0,1,0,1,6.650849e-05,Open
1b67ba1b-6bd9-4929-8c8f-2051ee0f9c09,Fraternal Order of Eagles,social_service_organizations,181 Castro St,https://www.foe.com/,1.0,12,2,1,1,0,1,social_service_organizations,2,1,1,1,1,0,0,1,1,0,1,2,12,1.0,3,0,0,0,0,1,0,1,0.0014380114,Open
04b3abfd-5c71-4821-83e3-d4e20667e315,Fu Lam Mum,dim_sum_restaurant,153 Castro St,http://www.fulammummountainview.com,1.0,12,2,1,1,0,1,dim_sum_restaurant,2,1,1,1,1,0,0,1,1,0,1,2,12,1.0,3,0,0,0,0,1,0,1,0.004588995,Open
ddad54db-4042-4c1d-8214-7ba13620de7d,Blue Otter Corporation,software_development,148 Castro St B20,https://teamblueotter.com/,1.0,12,2,1,1,0,1,software_development,0,1,1,1,1,0,0,0,0,0,1,2,12,1.0,3,0,0,0,1,1,0,0,0.010246237,Open
7287a916-a498-4462-8fa1-e5f2fc2e3b3e,Yi Fang Taiwan Fruit Tea,bubble_tea,143 Castro St,https://order.snackpass.co/Yifang-Taiwan-Fruit-Tea-Mountain-View-60ad1065b89ab100d4cdec07,1.0,12,2,1,1,0,1,bubble_tea,2,1,1,1,1,0,0,1,1,0,1,2,12,1.0,3,0,0,0,0,1,0,1,0.0040635983,Open
63271670-0e28-4132-a172-a556da81306a,Double Rainbow Gourmet Ice Cream & Dessert Cafe,desserts,135 Castro St,http://www.doublerainbow.com,1.0,298,2,1,1,0,1,desserts,0,1,1,1,1,0,0,0,0,0,1,2,298,1.0,3,0,0,1,0,1,0,0,0.29678184,Open
2f5378c0-7029-461a-b8f7-b44b3f589da9,Das Bierhauz,german_restaurant,135 Castro St,http://www.Dasbierhauz.com/,1.0,12,2,1,1,0,1,german_restaurant,2,1,1,1,1,0,0,1,1,0,1,2,12,1.0,3,0,0,0,0,1,0,1,0.013765904,Open
29ebbb1b-b173-4c14-8eea-3a4838bad8f7,Olympus Caffe & Bakery,mediterranean_restaurant,135 Castro St,http://www.cafeolympus.com/,1.0,12,2,1,1,0,1,mediterranean_restaurant,2,1,1,1,1,0,0,1,1,0,1,2,12,1.0,3,0,0,0,0,1,0,1,0.029191354,Open
b29e6b15-eab0-4cd8-9443-390fe9c9c63c,Shell Shock Restaurant,seafood_restaurant,124 Castro St,http://www.shellshockrestaurant.com,0.0,188,2,1,1,0,1,seafood_restaurant,0,1,1,1,1,0,0,0,0,0,1,2,188,0.0,3,0,0,1,0,1,0,0,0.08692248,Open
d2fa3208-86b8-437a-ac95-9f2558fe379c,Asian Box,vietnamese_restaurant,142 Castro St,https://locations.asianbox.com/asian-box-27801bcd9afa,0.0,12,2,1,1,0,1,vietnamese_restaurant,2,1,1,1,1,0,0,1,1,1,1,2,12,0.0,3,0,0,0,0,1,0,1,0.04501867,Open
c5935146-5676-4042-b186-2935b80ef122,Blue Line Pizza,pizza_restaurant,146 Castro St,http://www.yelp.com/biz/blue-line-pizza-mountain-view#query:blue%20line%20pizza,1.0,12,2,1,1,0,1,pizza_restaurant,2,1,1,1,1,0,0,1,1,0,1,2,12,1.0,3,0,0,0,0,1,0,1,0.016380176,Open
e59595d6-83f9-4aa6-b4bf-4a0e7f4c1900,Teaspoon Mountain View,tea_room,134 Castro St,,,12,2,0,1,0,1,tea_room,0,0,0,1,1,0,0,1,1,0,1,2,12,,2,0,0,0,0,1,0,1,0.004222291,Open
af22396c-b2e4-48e3-9f01-d84044bf2ee4,Hangen Szechuan Restaurant,chinese_restaurant,134 Castro St,http://hangenszechuan-hub.com,0.0,188,2,1,1,0,1,chinese_restaurant,0,1,1,1,1,0,0,1,1,0,1,2,188,0.0,3,0,0,1,0,1,0,0,0.14840819,Open
ec7556b7-8a5c-4a1e-abf1-1567e80f4f45,Oren's Hummus Shop Mountain View,israeli_restaurant,126 Castro St,http://orenshummus.com/,1.0,12,2,1,1,0,1,israeli_restaurant,2,1,1,1,1,0,0,1,1,1,1,2,12,1.0,3,0,0,0,0,1,0,1,0.006352801,Open
55088198-e00d-4526-bbc1-9d3a26603c73,3 Kingdoms Hot Pot,chinese_restaurant,134 Castro St,https://beacons.page/3kingdomsofficial,1.0,12,2,1,1,0,1,chinese_restaurant,1,1,1,1,1,0,0,1,1,0,1,2,12,1.0,3,0,0,0,0,1,0,1,0.009248144,Open
eca8419c-d11d-46a2-a172-61f8af1753b5,Newsela Fax,professional_services,148 Castro St,,,12,2,0,1,0,1,professional_services,2,0,0,1,1,0,0,1,1,0,1,2,12,,2,0,0,0,0,1,0,1,0.0005832879,Open
f4d6db0f-9516-4de5-9d03-6b95d4ac57cd,DrumWave Inc,software_development,2465 Latham St,https://www.drumwave.com/,1.0,12,2,1,1,0,1,software_development,1,1,1,1,1,0,0,1,1,0,1,2,12,1.0,3,0,0,0,0,1,0,1,0.0012767038,Open
9b85874e-0f1a-4eb4-9cac-3d9b689ccc37,Bushido,japanese_restaurant,156 Castro St,https://www.bushidoizakaya.com,1.0,188,2,1,1,0,1,japanese_restaurant,0,1,1,1,1,0,0,2,1,0,1,2,188,1.0,3,0,0,1,0,1,0,0,0.31931454,Open
04ecea0f-1e0a-4420-8565-9f11d13e89f9,Yugen Ramen,japanese_restaurant,152 Castro St,https://www.yugen-us.com/,1.0,12,2,1,1,0,1,japanese_restaurant,2,1,1,1,1,0,0,1,1,0,1,2,12,1.0,3,0,0,0,0,1,0,1,0.013423221,Open
e443013b-d7ca-4d66-af68-206b0eb25144,Amarin Thai Cuisine,thai_restaurant,174 Castro St,http://www.amarinthaicuisine.com/,1.0,12,2,1,1,0,1,thai_restaurant,2,1,1,1,1,0,0,1,1,0,1,2,12,1.0,3,0,0,0,0,1,0,1,0.02531537,Open
d4d2b0c0-5b0e-4f48-a664-858c2de6be22,Doppio Zero Mountain View,italian_restaurant,160 Castro St,https://www.dzpizzeria.com/mountain-view,0.0,12,2,1,1,0,1,italian_restaurant,2,1,1,1,1,0,0,1,1,0,1,2,12,0.0,3,0,0,0,0,1,0,1,0.04737927,Open
7cd2427a-13f8-49a3-8b06-e7e1c78ae162,Pacific Euro Hotel of Mt View,hotel,891 W Evelyn Ave,http://pacificeurohotelofmountainview.carrothotels.com/,0.0,12,2,1,1,0,1,hotel,2,1,1,1,1,0,0,1,1,0,1,2,12,0.0,3,0,0,0,0,1,0,1,0.0032331466,Open
e09703ca-7cf5-4eb2-bab7-e804e987a88b,Sitare Foundation,charity_organization,888 Villa St,http://www.sitare.org/,1.0,12,2,1,1,0,1,charity_organization,2,1,1,1,1,0,0,1,1,0,1,2,12,1.0,3,0,0,0,0,1,0,1,0.0012383072,Open
8bc20812-0310-404f-8ca4-0b8d0091210e,Arimo,information_technology_company,888 Villa St,https://arimo.com/,0.0,12,2,1,1,0,1,information_technology_company,2,1,1,1,1,0,0,1,1,0,1,2,12,0.0,3,0,0,0,0,1,0,1,0.0023622664,Open
61cfe557-bf67-463c-88a1-47ccc686f890,Legal Zoom,legal_services,888 Villa St,https://www.legalzoom.com,1.0,150,2,1,1,0,1,legal_services,0,1,1,1,1,0,0,0,0,0,1,2,150,1.0,3,0,0,1,0,1,0,0,0.0063748388,Open
29eb4097-b7b6-4bca-b8f9-4c2c453f7b27,Face-N-Body,beauty_salon,854 Villa St,http://www.facenbodyspa.com,0.0,188,2,1,1,1,1,beauty_salon,0,1,1,1,1,1,1,0,0,0,1,2,188,0.0,4,0,0,1,0,1,0,0,0.078710936,Open
b31132e1-5509-441d-b224-b7cac9351299,Next Level Board Game Cafe,cafe,888 Villa St,https://nextlevelboardgamecafe.com,1.0,12,2,1,1,0,1,cafe,2,1,1,1,1,0,0,1,1,0,1,2,12,1.0,3,0,0,0,0,1,0,1,0.01556326,Open
045ab57c-46da-4c71-bac1-934d8b017677,Hair By Soria,hair_salon,888 Villa St Ste 100,http://www.mytime.com/express_checkout/15340-12274,1.0,339,2,1,1,0,1,hair_salon,0,1,1,1,1,0,0,0,0,0,1,2,339,1.0,3,0,0,1,0,1,0,0,0.077702105,Open
c68377ae-e5c2-4517-abe7-92ced04ed53f,Nail Care By Susan,nail_salon,888 Villa St,,,12,2,0,1,0,1,nail_salon,2,0,0,1,1,0,0,1,1,0,1,2,12,,2,0,0,0,0,1,0,1,0.00042805602,Open
93f5c61d-90da-439c-bc83-00c3583a9681,Steins Beer Garden & Restaurant,beer_garden,895 Villa St,http://www.steinsbeergarden.com/,1.0,12,2,1,1,0,1,beer_garden,2,1,1,1,1,0,0,1,1,0,1,2,12,1.0,3,0,0,0,0,1,0,1,0.025625888,Open
43b1a935-78ce-4878-8ffb-3381ba55048e,Katsu,japanese_restaurant,859 Villa St,https://www.sushi-katsu-mv.com/,1.0,12,2,1,1,0,1,japanese_restaurant,2,1,1,1,1,0,0,1,1,0,1,2,12,1.0,3,0,0,0,0,1,0,1,0.013423221,Open
051ca2c6-2a5f-4551-86f7-5f101d80ca91,Phở Tô Châu,vietnamese_restaurant,853 Villa St,https://www.photochau999.com,1.0,54,2,1,1,0,1,vietnamese_restaurant,0,1,1,1,1,0,0,1,1,0,1,2,54,1.0,3,0,0,1,0,1,0,0,0.0237022,Open
0c77e494-a347-4862-969b-640d621bf242,Happy Feet Foot Spa,spas,858 Villa St,http://www.happyfeetfootspa.com,1.0,12,2,1,1,0,1,spas,2,1,1,1,1,0,0,1,1,0,1,2,12,1.0,3,0,0,0,0,1,0,1,0.001227626,Open
e74ff7dc-3629-4882-97e6-68379888e464,Wink Med Spa,medical_spa,854 Villa St,http://www.winkmedspa.com/,1.0,12,2,1,1,0,1,medical_spa,2,1,1,1,1,0,0,1,1,0,1,2,12,1.0,3,0,0,0,0,1,0,1,0.0014380114,Open
721ab3ac-44c1-411e-8b21-cb963255ba5e,Aesthetic Skin Care Center,day_spa,854 Villa St,,,12,2,1,1,0,1,day_spa,3,1,1,1,1,0,0,0,0,0,1,2,12,,3,0,0,0,1,1,0,0,0.028654393,Open
76b5ca5f-bf82-4758-aba7-5e8163f1ecc9,Verde Tea Cafe,tea_room,852 Villa St,http://verdeteacafe.net,0.0,12,2,1,1,0,1,tea_room,2,1,1,1,1,0,0,1,1,0,1,2,12,0.0,3,0,0,0,0,1,0,1,0.03630734,Open
354d9031-d386-4a0c-bc81-f20fbc72cc45,Halal Street Xinjiang Cuisine - Mountain View,chinese_restaurant,174 Castro St,https://halalstreethotpotxinjiangcuisine.com/,1.0,12,2,1,1,0,1,chinese_restaurant,2,1,1,1,1,0,0,1,1,0,1,2,12,1.0,3,0,0,0,0,1,0,1,0.018132279,Open
e779508d-2609-430f-9849-177a22d0fe74,Udon Mugizo,japanese_restaurant,180 Castro St,http://www.mugizo-us.com,1.0,12,2,1,1,0,1,japanese_restaurant,2,1,1,1,1,0,0,1,1,0,1,2,12,1.0,3,0,0,0,0,1,0,1,0.013423221,Open
0987fa57-cb6a-4f6f-a828-1f11522fbc3b,Shabuway,japanese_restaurant,180 Castro St,http://shabuway.com,1.0,188,2,1,1,0,1,japanese_restaurant,0,1,1,1,1,0,0,1,1,0,1,2,188,1.0,3,0,0,1,0,1,0,0,0.2140775,Open
b281097a-3a3d-40f1-9fc0-11450b3c8d4f,La Fontaine Restaurant,french_restaurant,186 Castro St,http://www.lafontainerestaurant.com,1.0,12,2,1,1,0,1,french_restaurant,2,1,1,1,1,0,0,1,1,0,1,2,12,1.0,3,0,0,0,0,1,0,1,0.2516169,Open
27d62c77-9a0e-4afa-9ceb-acb102f73fbd,B'Zu Cafe,mediterranean_restaurant,186 Castro St,http://www.bzucafe.com,0.0,235,2,1,0,0,1,mediterranean_restaurant,0,1,1,0,0,0,0,0,0,0,1,2,235,0.0,2,0,0,1,0,1,0,0,0.20825657,Open
5990420a-fcd1-4368-86d8-d64ea7acf868,Zucca,mediterranean_restaurant,186 Castro St,http://www.zuccaristorante.com/,0.0,339,2,1,1,0,1,mediterranean_restaurant,0,1,1,1,1,0,0,0,0,0,1,2,339,0.0,3,0,0,1,0,1,0,0,0.76218706,Closed
3cb76b58-2168-433c-a5dc-ba85d17ffd94,Ephesus,mediterranean_restaurant,185 Castro St,http://ephesusrestaurant.net,1.0,66,2,1,1,0,1,mediterranean_restaurant,0,1,1,1,1,0,0,0,0,0,1,2,66,1.0,3,0,0,1,0,1,0,0,0.035646163,Open
6c6ba282-a37c-4c1b-b888-a0a1fb04656c,Velocity Software Inc,software_development,196 Castro St,http://www.velocity-software.com,1.0,12,2,1,1,0,1,software_development,2,1,1,1,1,0,0,1,1,0,1,2,12,1.0,3,0,0,0,0,1,0,1,0.0014380114,Open
36b0523f-c406-4df2-9ac8-78977935b8f4,191 Restaurant & Bar,american_restaurant,191 Castro St,http://191restaurantbar.com,0.0,339,2,1,1,0,1,american_restaurant,0,1,1,1,1,0,0,0,0,0,1,2,339,0.0,3,0,0,1,0,1,0,0,0.80623263,Closed
f5187e8d-0794-4260-a56f-57ca0d390cf0,Eureka,american_restaurant,191 Castro St,http://eurekarestaurantgroup.com/blog/locations/mountain-view/,1.0,12,2,1,1,0,1,american_restaurant,2,1,1,1,1,0,0,1,1,1,1,2,12,1.0,3,0,0,0,0,1,0,1,0.053188372,Open
9c106d38-5a43-44c9-863f-dda2dd58ab9f,Hong Kong Bakery,bakery,210 Castro St,http://www.hongkongbakery.com,1.0,12,2,1,1,0,1,bakery,2,1,1,1,1,0,0,1,1,0,1,2,12,1.0,3,0,0,0,0,1,0,1,0.004380057,Open
19d7aa7e-bd13-4d4a-a7d6-12d0b20683fd,Independent Order of Odd Fellows,social_club,206 Castro St,https://mountainviewoddfellows.org,1.0,120,2,1,1,0,1,social_club,0,1,1,1,1,0,0,2,1,0,1,2,120,1.0,3,0,0,1,0,1,0,0,0.0028513817,Open
60c7b5ef-e65a-4159-8616-b7fa476081bc,Maison Alyzee,bakery,212 Castro St,https://www.maisonalyzee.com/,1.0,12,2,1,1,0,1,bakery,2,1,1,1,1,0,0,1,1,0,1,2,12,1.0,3,0,0,0,0,1,0,1,0.004380057,Open
4bd83a04-629f-4456-bebe-71f90774bdac,City Dolls Color & Hair Design,hair_salon,833 Villa St,http://city-dolls-color-hair-design.business.site,0.0,12,2,1,1,0,1,hair_salon,2,1,1,1,1,0,0,1,1,0,1,2,12,0.0,3,0,0,0,0,1,0,1,0.004575836,Open
2d3266dd-318e-4701-8c56-22cc8b046a15,IOOF Independent Order of Odd Fellows Lodge 244,lodge,823 Villa St,http://mountainviewoddfellows.org/,1.0,12,2,1,1,0,1,lodge,1,1,1,1,1,0,0,1,1,0,1,2,12,1.0,3,0,0,0,0,1,0,1,0.0012767038,Open
5bb86e7d-7da9-4017-9ba9-32b711723e45,Agave Mexican Bistro,mexican_restaurant,194 Castro St,http://agaveca.com/,1.0,12,2,1,1,0,1,mexican_restaurant,2,1,1,1,1,0,0,1,1,0,1,2,12,1.0,3,0,0,0,0,1,0,1,0.009841805,Open
fd7806e3-2288-4591-995b-eb2330e95cc4,Orbit & Rust,hair_salon,845 Villa St,http://www.orbitandrust.com/,1.0,12,2,1,1,0,1,hair_salon,2,1,1,1,1,0,0,1,1,0,1,2,12,1.0,3,0,0,0,0,1,0,1,0.0019195399,Open
511add25-0ea7-4d2d-8ccb-5611a95b0aae,Mifen101,chinese_restaurant,841 Villa St,,,12,2,0,1,0,1,chinese_restaurant,1,0,0,1,1,0,0,1,1,0,1,2,12,,2,0,0,0,0,1,0,1,0.0038403836,Open
955d3620-faaf-4d43-853a-0cbcdf8220e3,Pho To Chau 999,vietnamese_restaurant,853 Villa St,https://www.photochau999.com/,1.0,12,2,1,1,0,1,vietnamese_restaurant,2,1,1,1,1,0,0,1,1,0,1,2,12,1.0,3,0,0,0,0,1,0,1,0.013552264,Open
0e775ca6-bbdc-47f6-a1a6-d53342a57cac,Imagine Hair Salon,hair_salon,857 Villa St,http://imaginebeauty.net,0.0,12,2,1,1,0,1,hair_salon,2,1,1,1,1,0,0,1,1,0,1,2,12,0.0,3,0,0,0,0,1,0,1,0.004575836,Open
734ff7e9-911f-48f7-b648-c7ccf4a734d9,Golden Wok,chinese_restaurant,895 Villa St,http://mountain-view-ca.amlocfirms.com/cat/restaurants.html,0.0,235,2,1,1,0,1,chinese_restaurant,0,1,1,1,1,0,0,0,0,0,1,2,235,0.0,3,0,0,1,0,1,0,0,0.08331522,Open
4d2fb421-2058-4c91-96fe-22ffbbe7cc07,Steins Beer Garden Mountain View,beer_garden,895 Villa St,http://www.steinsbeergarden.com/,1.0,12,2,1,1,0,1,beer_garden,2,1,1,1,1,0,0,1,1,0,1,2,12,1.0,3,0,0,0,0,1,0,1,0.025625888,Open
a3e26940-7ccf-4e58-b10a-5a9da48be4e4,Shezan,indian_restaurant,216 Castro St,http://www.shezanrestaurant.com,0.0,339,2,1,1,0,1,indian_restaurant,0,1,1,1,1,0,0,0,0,0,1,2,339,0.0,3,0,0,1,0,1,0,0,0.6842944,Closed
795f78a9-9cce-49ae-92e6-07788f17dae6,Godavari,indian_restaurant,216 Castro St,http://www.godavari.us/,0.0,339,2,1,1,0,1,indian_restaurant,0,1,1,1,1,0,0,0,0,0,1,2,339,0.0,3,0,0,1,0,1,0,0,0.6842944,Closed
c439ad30-6bb6-4e64-9d43-bfa4e72cc320,Monte Carlo Restaurant and Bar,dance_club,228 Castro St,http://www.montecarloniteclub.com/,0.0,12,2,1,1,0,1,dance_club,2,1,1,1,1,0,0,1,1,0,1,2,12,0.0,3,0,0,0,0,1,0,1,0.048949268,Open
26744811-8dde-4f95-abd1-975ee966a344,Sushi Arashi,sushi_restaurant,240 Castro St,https://www.sushiarashi.com,1.0,44,2,1,1,0,1,sushi_restaurant,0,1,1,1,1,0,0,0,0,0,1,2,44,1.0,3,0,0,1,0,1,0,0,0.032068625,Open
d735ad66-cf3b-4bcf-9055-2bcb53910b70,Maharaja Indian Cuisine,indian_restaurant,236 Castro St,http://chefliumandarin.com,0.0,235,2,1,1,0,1,indian_restaurant,0,1,1,1,1,0,0,0,0,0,1,2,235,0.0,3,0,0,1,0,1,0,0,0.23068038,Open
27270bb2-60b5-4313-a843-524c3de32b4d,Mervyn's / Umai Sushi Restaurant & Lounge,dive_bar,236 Castro St,https://www.mervynsushi.com/,0.0,12,2,1,1,0,1,dive_bar,3,1,1,1,1,0,0,0,0,0,1,2,12,0.0,3,0,0,0,1,1,0,0,0.20106529,Open
fc1f3f11-5b75-4cc0-9419-cc0e5eee0ed0,Teaspoon,tea_room,236 Castro St,http://www.teaspoonfun.com/,1.0,12,2,1,1,0,1,tea_room,2,1,1,1,1,0,0,1,1,1,1,2,12,1.0,3,0,0,0,0,1,0,1,0.004305048,Open
dc58311b-0c3e-4bcb-ba7c-9b9a58b62745,Mervyn's Lounge & Restaurant,sushi_restaurant,236 Castro St,http://www.yelp.com/biz/mervyns-lounge-mountain-view,1.0,12,2,1,1,0,1,sushi_restaurant,2,1,1,1,1,0,0,1,1,0,1,2,12,1.0,3,0,0,0,0,1,0,1,0.013765904,Open
b884ace9-455b-4b9f-808e-614cf83cec2c,Kamei Japanese House,japanese_restaurant,240 Castro St,http://www.chow.com,1.0,235,2,1,1,0,1,japanese_restaurant,0,1,1,1,1,0,0,0,0,0,1,2,235,1.0,3,0,0,1,0,1,0,0,0.1082745,Open
20bf582e-02e8-46ae-9d16-05d6b8ba3eca,Ristorante Don Giovanni,italian_restaurant,235 Castro St,http://www.dongiovannis.com/,1.0,12,2,1,1,0,1,italian_restaurant,2,1,1,1,1,0,0,1,1,0,1,2,12,1.0,3,0,0,0,0,1,0,1,0.02235514,Open
74b701c4-638e-4a38-9216-114e3b7b9844,Jiff Inc,software_development,215 Castro St,http://www.jiff.com/,1.0,12,2,1,1,0,1,software_development,1,1,1,1,1,0,0,1,1,0,1,2,12,1.0,3,0,0,0,0,1,0,1,0.0012767038,Open
ad5a813d-7799-4576-9852-53d09649984d,Genesis of Mountain View,car_dealer,2575 California St,,,12,2,0,0,0,1,car_dealer,0,0,0,0,0,0,0,1,1,0,1,2,12,,1,0,0,0,0,1,0,1,0.00057059136,Open
215fc1d3-aca9-49f1-a484-9e4eb0477093,MIchael Miller,counseling_and_mental_health,313 Sacramento,http://michael-miller.blog/,0.0,12,2,1,0,0,1,counseling_and_mental_health,1,1,1,0,0,0,0,1,1,0,1,2,12,0.0,2,0,0,0,0,1,0,1,0.0020369512,Open
dfcf2023-7cf4-471a-b989-1e160ad0eb5a,Edvidya,tutoring_center,,http://edvidya.org/,1.0,12,2,1,1,0,0,tutoring_center,0,1,1,1,1,0,0,1,1,0,0,2,12,1.0,2,0,0,0,0,1,0,1,0.00042525027,Open
a087403f-0826-46d0-9615-949f62942172,Omnissa Workspace ONE,software_development,,https://www.omnissa.com/,1.0,12,2,1,0,0,0,software_development,2,1,1,0,0,0,0,1,1,0,0,2,12,1.0,1,0,0,0,0,1,0,1,0.00039498566,Open
0b82e9d3-bdbb-4a60-94df-8e9c41089c5d,Ume Tea,bubble_tea,220 Castro St,http://umeteaca.com,1.0,12,2,1,1,0,1,bubble_tea,1,1,1,1,1,0,0,1,1,1,1,2,12,1.0,3,0,0,0,0,1,0,1,0.001791883,Open
3f29326e-848c-44ca-ac41-bdf590524af9,Gyros House,mediterranean_restaurant,212 Castro St,http://gyroshouse.net,0.0,339,2,1,1,0,1,mediterranean_restaurant,0,1,1,1,1,0,0,0,0,0,1,2,339,0.0,3,0,0,1,0,1,0,0,0.76218706,Closed
04926e27-f75f-4091-981b-dccf3fef84be,QBB,american_restaurant,216 Castro St,http://www.eatqbb.com/,0.0,12,2,1,1,0,1,american_restaurant,2,1,1,1,1,0,0,1,1,0,1,2,12,0.0,3,0,0,0,0,1,0,1,0.13946976,Open
7004bd15-ad8f-4d8d-a755-143ff64987be,Pokeworks,poke_restaurant,211 Castro St,https://www.pokeworks.com/,1.0,12,2,1,1,0,1,poke_restaurant,2,1,1,1,1,0,0,1,1,1,1,2,12,1.0,3,0,0,0,0,1,0,1,0.002874814,Open
60d42f7c-a054-409b-adcc-478dbb8ef851,Alexander's Patisserie,bakery,209 Castro St,http://www.alexanderspatisserie.com/,1.0,12,2,1,1,0,1,bakery,2,1,1,1,1,0,0,1,1,0,1,2,12,1.0,3,0,0,0,0,1,0,1,0.004380057,Open
b39e44a2-0332-450f-a049-5b2fabfcc9a1,Tsunami Sushi,sushi_restaurant,209 Castro St,http://tsunamisushi.info/,1.0,339,2,1,1,0,1,sushi_restaurant,0,1,1,1,1,0,0,0,0,0,1,2,339,1.0,3,0,0,1,0,1,0,0,0.64770335,Closed
70ef9f57-6736-4c5d-be2e-18de625d466a,Monthly Comedy at Red Rock,comedy_club,,http://redrockcoffee.com,1.0,130,2,1,1,0,0,comedy_club,0,1,1,1,1,0,0,0,0,0,0,2,130,1.0,2,0,0,1,0,1,0,0,0.007777812,Open
43616ba3-73b4-4fd7-8aff-e3da47e4488a,Red Rock Coffee,coffee_shop,201 Castro St,http://www.redrockcoffee.org/,1.0,12,2,1,1,0,1,coffee_shop,2,1,1,1,1,0,0,1,1,0,1,2,12,1.0,3,0,0,0,0,1,0,1,0.0117646195,Open
8cf0ae08-0b8b-437b-b60a-45e4df2286d6,Workato,information_technology_company,215 Castro St,https://www.workato.com,1.0,202,2,1,1,0,1,information_technology_company,0,1,1,1,1,0,0,0,0,0,1,2,202,1.0,3,0,0,1,0,1,0,0,0.0054733586,Open
b64b0492-0c69-48a1-8fc2-3e48f240e6ad,Global Village Cafe,restaurant,209 Castro St,http://www.globalvillagecafe.com/,1.0,235,2,1,1,0,1,restaurant,0,1,1,1,1,0,0,0,0,0,1,2,235,1.0,3,0,0,1,0,1,0,0,0.05055659,Open
62594437-e634-4c6a-ba06-3a08d2ba7d84,St. Stephen's Green,irish_pub,223 Castro St,http://ststephensgreen.com/,1.0,12,2,1,1,0,1,irish_pub,2,1,1,1,1,0,0,1,1,0,1,2,12,1.0,3,0,0,0,0,1,0,1,0.004380057,Open
36fc75a6-5fe8-4716-b916-b32ee468591d,Fibbar Magees Irish Pub,irish_pub,223 Castro St,,,12,2,0,1,0,1,irish_pub,2,0,0,1,1,0,0,1,1,0,1,2,12,,2,0,0,0,0,1,0,1,0.0024674947,Open
44e2369f-8cd2-4540-add3-0c987f26491a,Noche De Fiesta,dance_club,,,,12,2,0,1,0,0,dance_club,0,0,0,1,1,0,0,1,1,0,0,2,12,,1,0,0,0,0,1,0,1,0.001253132,Open
36b78e57-a307-4495-81bf-1a2e55ae4a05,Nebula,information_technology_company,215 Castro St,http://www.nebula.com,0.0,12,2,1,1,0,1,information_technology_company,2,1,1,1,1,0,0,1,1,0,1,2,12,0.0,3,0,0,0,0,1,0,1,0.0023622664,Open
d25009a9-f710-4a47-a493-3e69bab6cdf5,Superhot Hot Pot & Korean BBQ,korean_restaurant,210 Hope St,https://superhotrestaurant.weebly.com,1.0,12,2,1,1,0,1,korean_restaurant,2,1,1,1,1,0,0,1,1,0,1,2,12,1.0,3,0,0,0,0,1,0,1,0.016832558,Open
999c3744-da16-4ac5-b6fc-dfebe51b23b9,Gbox,information_technology_company,701 Villa St,http://www.gbox.com/,1.0,12,2,1,0,0,1,information_technology_company,2,1,1,0,0,0,0,1,1,0,1,2,12,1.0,2,0,0,0,0,1,0,1,0.0004948058,Open
57f33216-483c-4fe9-9a9a-076920e5ca3b,Fiesta Del Mar Too,mexican_restaurant,735 Villa St,http://www.fiestadelmar.com,0.0,12,2,1,1,0,1,mexican_restaurant,2,1,1,1,1,0,0,1,1,0,1,2,12,0.0,3,0,0,0,0,1,0,1,0.027572649,Open
bbbfdf02-a52f-4e38-a4ce-fd8931333f65,Cafe 86,cafe,738 Villa St,http://www.cafe-86.com/,1.0,12,2,1,1,0,1,cafe,1,1,1,1,1,0,0,1,1,0,1,2,12,1.0,3,0,0,0,0,1,0,1,0.007641939,Open
a6f7eaad-272e-41d9-9fd4-9c3b0cc0eb52,Salon Finesse,hair_salon,732 Villa St,http://www.mytime.com/express_checkout/118040-48032,1.0,12,2,1,1,0,1,hair_salon,2,1,1,1,1,0,0,1,1,0,1,2,12,1.0,3,0,0,0,0,1,0,1,0.0019195399,Open
468b5763-1d7b-4672-8d34-520b14c439fc,Ada Lash,beauty_salon,726 Villa St,https://www.adalashstudio.com/,1.0,12,2,1,1,0,1,beauty_salon,1,1,1,1,1,0,0,1,1,0,1,2,12,1.0,3,0,0,0,0,1,0,1,0.0006349252,Open
a197766f-3ae6-4ff2-a3fa-f1f85b892f5d,T. Castle,bubble_tea,738 Villa St,,,51,2,0,1,0,1,bubble_tea,0,0,0,1,1,0,0,1,1,0,1,2,51,,2,0,0,1,0,1,0,0,0.009100281,Open
4b788527-cb1d-4a1b-b4db-b7894ad624b3,Sugar Spa,sugaring,746 Villa St,http://www.sugarspa.net/,1.0,12,2,1,1,0,1,sugaring,2,1,1,1,1,0,0,1,1,0,1,2,12,1.0,3,0,0,0,0,1,0,1,0.003174027,Open
2ed0d97a-e40a-490c-b071-eed6399f929a,Bella on villa salon,beauty_salon,744 Villa St,http://www.bellaovilla.com/,0.0,12,2,1,1,0,1,beauty_salon,1,1,1,1,1,0,0,1,1,0,1,2,12,0.0,3,0,0,0,0,1,0,1,0.0015235621,Open
a590500e-a20b-466d-96c3-ca5474e30e88,Happy Lemon,bubble_tea,742 Villa St,https://happylemonwest.com,1.0,12,2,1,1,0,1,bubble_tea,2,1,1,1,1,0,0,1,1,0,1,2,12,1.0,3,0,0,0,0,1,0,1,0.0040635983,Open
b2496bed-e287-4718-b6f5-92edb7b3ecf1,Tapioca Express,bubble_tea,740 Villa St,http://www.tapiocaexpress.com,1.0,188,2,1,1,0,1,bubble_tea,0,1,1,1,1,0,0,2,1,0,1,2,188,1.0,3,0,0,1,0,1,0,0,0.15330777,Open
6c57a78b-0316-42ad-b31e-5b24c24c4746,Perfect salon,beauty_salon,744 Villa St,https://www.groupon.com/biz/mountain-view-ca/perfect-salon,1.0,12,2,1,1,0,1,beauty_salon,2,1,1,1,1,0,0,1,1,0,1,2,12,1.0,3,0,0,0,0,1,0,1,0.0013990046,Open
de9b0840-7366-4499-9a27-0cdbc526e285,Hummus Mediterranean Kitchen,mediterranean_restaurant,185 Castro St,https://www.eatathummus.com,1.0,12,2,1,1,0,1,mediterranean_restaurant,2,1,1,1,1,0,0,1,1,0,1,2,12,1.0,3,0,0,0,0,1,0,1,0.029191354,Open
cca20ab2-8974-4be6-b2aa-65267b7d6316,Lot 8,parking,105 Hope St,http://en.parkopedia.com/parking/lot/lot_8/94041/mountain_view/?vendor=here,1.0,12,2,1,1,0,1,parking,1,1,1,1,1,0,0,1,1,0,1,2,12,1.0,3,0,0,0,0,1,0,1,0.00021303374,Open
d71993dd-9fe5-4f27-adda-a0985f77c101,Wang Benjamin DDS,dentist,682 Villa St,,,12,2,0,1,0,1,dentist,2,0,0,1,1,0,0,1,1,0,1,2,12,,2,0,0,0,0,1,0,1,0.00026258634,Open
0a75c0ae-a369-4e90-8e9a-7b812345a107,Silicon Valley Custom Homes,contractor,682 Villa St,http://svcustomhomes.com/,1.0,12,2,1,1,0,1,contractor,1,1,1,1,1,0,0,1,1,0,1,2,12,1.0,3,0,0,0,0,1,0,1,0.00090567564,Open
cb489147-26d4-4e6b-85b7-c861b996de29,Villa Rouge,furniture_store,282 Castro St,http://www.villarougestore.com,0.0,875,2,1,1,1,1,furniture_store,0,1,1,1,1,1,1,1,1,0,1,2,875,0.0,4,0,0,1,0,1,0,0,0.027430966,Open
9b084747-fc7b-4d43-a56b-ba2a1171728e,Kelly's Healing Massage,massage_therapy,714 Villa St,https://kellyshealing.com,1.0,55,2,1,1,0,1,massage_therapy,0,1,1,1,1,0,0,0,0,0,1,2,55,1.0,3,0,0,1,0,1,0,0,0.0024389138,Open
416e9512-dbfb-4aa6-b35e-6eb1fedc15fe,Bangkok Spoon,thai_restaurant,700 Villa St,http://bkkspoon.com/,0.0,339,2,1,1,0,1,thai_restaurant,0,1,1,1,1,0,0,0,0,0,1,2,339,0.0,3,0,0,1,0,1,0,0,0.6842944,Closed
e8db9de9-76f6-4e57-b1f6-2ea8c8e000c2,Seasons Noodles & Dumplings Garden,restaurant,702 Villa St,https://www.seasonnoodledumplinggarden.com/?utm_source=bing&utm_medium=websiteurl&utm_campaign=search,0.0,12,2,1,1,0,1,restaurant,0,1,1,1,1,0,0,0,0,0,1,2,12,0.0,3,0,0,0,1,1,0,0,0.026067069,Open
5bf530da-dba1-4156-8a41-6ffd2d75c29c,Serene Spa,spas,714 Villa St,http://www.serene-dayspa.com,1.0,308,2,1,1,0,1,spas,0,1,1,1,1,0,0,0,0,0,1,2,308,1.0,3,0,0,1,0,1,0,0,0.06650056,Open
794b5f16-3b72-4de0-9dc4-adba215def37,Mountain View Post Office,post_office,211 Hope St,https://usps.com,1.0,12,2,1,1,0,1,post_office,2,1,1,1,1,0,0,1,1,0,1,2,12,1.0,3,0,0,0,0,1,0,1,0.0010087966,Open
c85f47e1-9c17-4c3f-935a-8922173df587,Online Jewelry جواهرات آنلاین,b2b_jewelers, Mountain View,https://www.facebook.com/FamousJewellry,1.0,12,2,1,1,0,1,b2b_jewelers,1,1,1,1,1,0,0,1,1,0,1,2,12,1.0,3,0,0,0,0,1,0,1,0.0012767038,Open
9ace627f-cc26-4c64-9147-d61a418d8f22,MOUNTAIN VIEW,post_office,211 HOPE ST,,,12,2,0,0,0,1,post_office,1,0,0,0,0,0,0,0,0,0,1,2,12,,1,1,0,0,0,1,0,0,0.0002485235,Open
7d11cf3d-c770-4b82-bbfb-849ce3957e5d,United States Postal Service,shipping_center,211 Hope St,https://tools.usps.com/locations/details/1440608?utm_source=website-url&utm_medium=search&utm_campaign=yext,1.0,12,2,1,1,0,1,shipping_center,1,1,1,1,1,0,0,0,0,0,1,2,12,1.0,3,0,0,0,1,1,0,0,0.015176928,Open
5f11b618-b7d4-4914-8a78-0387b82abcda,US Post Office,post_office,211 Hope St,https://tools.usps.com/find-location.htm?location=1440608,1.0,46,2,1,1,0,1,post_office,0,1,1,1,1,0,0,3,1,0,1,2,46,1.0,3,0,0,1,0,1,0,0,0.0023970741,Open
1deb9aaa-8edc-47ef-8772-1f129118876f,Airport Taxi Cab Services SFO SJC OAK,airport_shuttles,211 Hope St Unit 491,http://www.airporttaxicabservices.com/,1.0,12,2,1,1,0,1,airport_shuttles,1,1,1,1,1,0,0,0,0,0,1,2,12,1.0,3,0,0,0,1,1,0,0,0.015176928,Open
df98f24c-1355-444c-ad8f-f616f0d6126c,Mountain View Los Altos,mountain,211 Hope St,http://www.counselingtoyou.com,1.0,12,2,1,1,0,1,mountain,2,1,1,1,1,0,0,1,1,0,1,2,12,1.0,3,0,0,0,0,1,0,1,0.0014380114,Open
33efdf6c-1999-414e-acf1-f8b7a9844897,Career Board Network,medical_service_organizations,211 Hope St,https://careerboardnetwork.com/,1.0,12,2,1,1,0,1,medical_service_organizations,2,1,1,1,1,0,0,1,1,0,1,2,12,1.0,3,0,0,0,0,1,0,1,0.0014380114,Open
cc697308-c10c-4855-b042-b42ec227e145,NorthStar Survey,land_surveying,211 Hope St,https://www.nssurvey.net/contact,1.0,12,2,1,1,0,1,land_surveying,1,1,1,1,1,0,0,1,1,0,1,2,12,1.0,3,0,0,0,0,1,0,1,0.0012767038,Open
1e89b559-9f93-4f03-ac10-ea60442a936a,Farming With Nature,forestry_service,211 Hope St # 955,http://www.farmingwithnature.com,1.0,185,2,1,1,0,1,forestry_service,0,1,1,1,1,0,0,0,0,0,1,2,185,1.0,3,0,0,1,0,1,0,0,0.09796501,Open
fe3592ad-3ca7-4d3d-b99f-b3b3e6d9f5b2,SF City Limo,wine_tours,211 Hope St # 390579,https://sfcitylimo.com/Rates/,1.0,12,2,1,1,0,1,wine_tours,3,1,1,1,1,0,0,0,0,0,1,2,12,1.0,3,0,0,0,1,1,0,0,0.02293607,Open
03b71ac6-831e-417b-9e63-fdef01553fb5,Birri,business_to_business,211 Hope St,https://www.birri.com/,1.0,12,2,1,1,0,1,business_to_business,0,1,1,1,1,0,0,0,0,0,1,2,12,1.0,3,0,0,0,1,1,0,0,0.010246237,Open
85588144-a196-4370-af44-0c51a456ca34,Rapyd,financial_service,,https://www.rapyd.net/,1.0,12,2,1,0,0,0,financial_service,1,1,1,0,0,0,0,1,1,0,0,2,12,1.0,1,0,0,0,0,1,0,1,0.0012424694,Open
70905e72-8e5c-48a9-a537-c39fe4d2fe9f,Silicon Valley Irish Fleadh,arts_and_entertainment,210 Hope St,http://www.siliconvalleyirishfleadh.com/,0.0,12,2,1,1,0,1,arts_and_entertainment,1,1,1,1,1,0,0,1,1,0,1,2,12,0.0,3,0,0,0,0,1,0,1,0.0046397843,Open
1a0f09fb-954f-4ebe-8934-f68933022c98,Hair & Now,hair_salon,257 Castro St Ste 112,http://www.hairandnow.com,1.0,234,2,1,1,0,1,hair_salon,0,1,1,1,1,0,0,1,1,0,1,2,234,1.0,3,0,0,1,0,1,0,0,0.09141004,Open
701d7212-cadb-4bc6-bcb3-172c78923d7d,Opal Social Club,dance_club,251 Castro St,http://opalnightclub.com,1.0,58,2,1,1,1,1,dance_club,0,1,1,1,1,1,1,1,1,0,1,2,58,1.0,4,0,0,1,0,1,0,0,0.02023489,Open
773ad355-0045-4abd-b5b4-8727728c65e0,Frank Conrad's Music Instruction,musical_instrument_store,278 Hope St,,,12,2,1,1,0,1,musical_instrument_store,1,1,1,1,1,0,0,0,0,0,1,2,12,,3,0,0,0,1,1,0,0,0.015852554,Open
a58bce55-d81a-4176-a24f-0bb0b1ec36d2,A & J Couture,t_shirt_store,257 Castro St Ste 100,http://www.shoptiques.com/boutiques/aandj-couture,0.0,12,2,1,1,0,1,t_shirt_store,2,1,1,1,1,0,0,0,0,0,1,2,12,0.0,3,0,0,0,1,1,0,0,0.060990587,Open
c62b48a3-4b2f-4b3e-92aa-97f84c3ebd8a,Opal By Arena,lounge,251 Castro St,http://instagram.com/opalbyarena,1.0,12,2,1,1,0,1,lounge,2,1,1,1,1,0,0,1,1,0,1,2,12,1.0,3,0,0,0,0,1,0,1,0.013552264,Open
25a191fd-adee-431f-8102-fa32a8b7ef72,Opal Event Center,event_planning,251 Castro St,http://www.opaleventcenter.com/,0.0,12,2,1,1,0,1,event_planning,1,1,1,1,1,0,0,1,1,0,1,2,12,0.0,3,0,0,0,0,1,0,1,0.0031757231,Open
0cd25c0d-4312-4534-ac25-25d2594a9c82,Paolo Mejia Fine Art and Design,art_gallery,257 Castro St,http://www.paolomejia.com/,1.0,12,2,1,1,0,1,art_gallery,0,1,1,1,1,0,0,1,1,0,1,2,12,1.0,3,0,0,0,0,1,0,1,0.00022081005,Open
25f80f2b-4811-40d3-87eb-720a469f78c8,Mountain View Art Frame Studio,arts_and_crafts,257 Castro St,http://www.artframestudio.com,1.0,46,2,1,1,1,1,arts_and_crafts,0,1,1,1,1,1,1,1,1,0,1,2,46,1.0,4,0,0,1,0,1,0,0,0.009125801,Open
5467c37e-b0cc-477e-ab38-b275ce3c1aa2,OPAL Venue & Event Space,event_technology_service,251 Castro St,http://www.opalsiliconvalley.com,1.0,188,2,1,1,1,1,event_technology_service,0,1,1,1,1,1,1,0,0,0,1,2,188,1.0,4,0,0,1,0,1,0,0,0.015785567,Open
562b7a66-030e-4512-bf9a-a0b7f7021d15,Center Tailor & Alterations,gents_tailor,257 Castro St,https://center-tailor-alterations.business.site,0.0,246,2,1,1,0,1,gents_tailor,0,1,1,1,1,0,0,0,0,0,1,2,246,0.0,3,0,0,1,0,1,0,0,0.06840785,Open
cf82bc0e-ebfb-4ab8-b4cb-2434ebac48d3,Gelato Classico Italian Ice Cream,gelato,241 Castro St,http://www.caffeclassicofoods.com,1.0,12,2,1,1,0,1,gelato,2,1,1,1,1,0,0,1,1,0,1,2,12,1.0,3,0,0,0,0,1,0,1,0.003967522,Open
80b970fd-9f10-4a96-a886-3dcd7a3fe5fe,Molly Magees,irish_pub,241 Castro St,https://mollysmountainview.com/,1.0,12,2,1,1,0,1,irish_pub,2,1,1,1,1,0,0,1,1,0,1,2,12,1.0,3,0,0,0,0,1,0,1,0.004380057,Open
e3e30f2a-4dc2-4f50-8e9c-853fe0d1b034,Kappo Nami Nami,japanese_restaurant,240 Castro St,http://kapponaminami.com,0.0,188,2,1,1,0,1,japanese_restaurant,0,1,1,1,1,0,0,0,0,0,1,2,188,0.0,3,0,0,1,0,1,0,0,0.16120245,Open
91cb37cf-c014-4e56-bf02-b076b322846f,Katy Blus,real_estate_agent,268 Castro St,http://katyblus.actionpropertiessales.com/,1.0,12,2,1,1,0,1,real_estate_agent,2,1,1,1,1,0,0,1,1,0,1,2,12,1.0,3,0,0,0,0,1,0,1,0.003228637,Open
5a968a08-85bc-4892-82f6-828ae08dcf48,Neeradave Realtor,real_estate_agent,268 Castro St,https://neeradave.actionpropertiessales.com/agents/1379172/Neera+Dave,1.0,12,2,1,1,0,1,real_estate_agent,1,1,1,1,1,0,0,1,1,0,1,2,12,1.0,3,0,0,0,0,1,0,1,0.0016564382,Open
4a34f99a-91f5-4262-9726-fc2ee7946ad8,My Hair Lady,beauty_salon,282 Castro St,http://www.yelp.com/biz/mindy-c-hair-artist-mountain-view,1.0,12,2,1,1,0,1,beauty_salon,0,1,1,1,1,0,0,1,1,0,1,2,12,1.0,3,0,0,0,0,1,0,1,0.0002408187,Open
b63a4a59-662f-46dd-9ab9-1bbba58fb0ab,The Dave Keefe Real Estate Team,real_estate_agent,268 Castro St,http://www.davekeefe.com/,0.0,12,2,1,1,0,1,real_estate_agent,1,1,1,1,1,0,0,1,1,0,1,2,12,0.0,3,0,0,0,0,1,0,1,0.0037887013,Open
1fc6aa23-8174-4ddc-9b9a-976da64c2a7d,Foghorn Consulting,professional_services,268 Castro St,https://www.foghornconsulting.com/,1.0,12,2,1,1,0,1,professional_services,1,1,1,1,1,0,0,1,1,0,1,2,12,1.0,3,0,0,0,0,1,0,1,0.0009801852,Open
0d08c152-954d-44cd-a55e-12ccc201314e,Beyond Threads,boutique,275 Castro St,https://www.beyondthreadsshop.com,0.0,927,2,1,1,0,1,boutique,0,1,1,1,1,0,0,0,0,0,1,2,927,0.0,3,0,0,1,0,1,0,0,0.99500954,Closed
ca4f3d63-2ba2-4f51-b328-53cfdbc17649,Therapy Stores,flowers_and_gifts_shop,250 Castro St,https://therapystores.com,1.0,12,2,1,1,0,1,flowers_and_gifts_shop,2,1,1,1,1,0,0,1,1,0,1,2,12,1.0,3,0,0,0,0,1,0,1,0.0030378858,Open
0f670e5a-b0af-4891-8d2d-dfeff58e67b6,Bonchon,korean_restaurant,260 Castro St,https://restaurants.bonchon.com/locations/ca/mountain-view/260-castro-street,1.0,12,2,1,1,0,1,korean_restaurant,2,1,1,1,1,0,0,1,1,1,1,2,12,1.0,3,0,0,0,0,1,0,1,0.006182844,Open
68b7f848-a66a-4e3e-aca4-c7e73920f6f1,Farmers Insurance - Robert Chang,auto_insurance,257 Castro St Ste 105,http://www.farmersagent.com/rchang?SourceID=LOCC002L002&utm_source=BingLocal&utm_medium=Local&utm_campaign=968829,0.0,12,2,1,1,0,1,auto_insurance,1,1,1,1,1,0,0,0,0,0,1,2,12,0.0,3,0,0,0,1,1,0,0,0.020342162,Open
3cc3351f-68fa-4944-a7d9-cb5038f127fb,Teleki Design,web_designer,257 Castro St,http://telekidesign.com/,1.0,12,2,1,1,0,1,web_designer,2,1,1,1,1,0,0,1,1,0,1,2,12,1.0,3,0,0,0,0,1,0,1,0.0016904869,Open
abd00591-b57d-4e80-b1bb-5e2f741c91e8,Boutique 4,boutique,279 Castro St,http://www.boutique4.net/,0.0,12,2,1,1,0,1,boutique,2,1,1,1,1,0,0,1,1,0,1,2,12,0.0,3,0,0,0,0,1,0,1,0.007538406,Open
04f6f397-7ae1-49fa-8924-2ab0002a6ca1,Park Balluchi,indian_restaurant,288 Castro St,http://parkballuchiusa.com,0.0,235,2,1,1,0,1,indian_restaurant,0,1,1,1,1,0,0,0,0,0,1,2,235,0.0,3,0,0,1,0,1,0,0,0.23068038,Open
bbd646ff-84b1-4ca3-b1a9-feb4bf6140e1,Action Properties Sales & Management,property_management,268 Castro St,http://actionproperties.com/,1.0,12,2,1,1,0,1,property_management,2,1,1,1,1,0,0,1,1,0,1,2,12,1.0,3,0,0,0,0,1,0,1,0.0008408088,Open
1b6632f0-b70f-48fa-8476-963a0e6d9816,Stomach,indian_restaurant,288 Castro St,http://www.temptationsca.com,0.0,235,2,1,1,0,1,indian_restaurant,0,1,1,1,1,0,0,0,0,0,1,2,235,0.0,3,0,0,1,0,1,0,0,0.23068038,Open
6f05e351-fb5e-4b42-8f26-4c8bd4e793c5,IDog Pet Store,pet_store,298 Castro St,http://www.idog.co.nr/,1.0,12,2,1,1,0,1,pet_store,1,1,1,1,1,0,0,1,1,0,1,2,12,1.0,3,0,0,0,0,1,0,1,0.0018816987,Open
9920c38c-dda3-4132-b7e1-a1162a805ee4,Mantra India Restaurant & Bar,indian_restaurant,288 Castro St,https://www.mantraindiausa.com/,1.0,12,2,1,1,0,1,indian_restaurant,2,1,1,1,1,0,0,1,1,0,1,2,12,1.0,3,0,0,0,0,1,0,1,0.02531537,Open
0b2be517-333e-477c-93dc-34c4b85b9e59,Buffalo,burger_restaurant,292 Castro St,http://buffalomv.com,0.0,188,2,1,1,0,1,burger_restaurant,0,1,1,1,1,0,0,1,1,0,1,2,188,0.0,3,0,0,1,0,1,0,0,0.25374243,Open
40d35589-651a-4d70-b135-fa833f921a8c,Kween's,ice_cream_shop,292 Castro St,https://realkweensicecreammountainview.com/,1.0,12,2,1,1,0,1,ice_cream_shop,0,1,1,1,1,0,0,1,1,0,1,2,12,1.0,3,0,0,0,0,1,0,1,0.0032655213,Open
14bb1a19-aeca-467d-a040-97ccdbf64259,Nick The Greek,greek_restaurant,298 Castro St,https://www.nickthegreek.com/,1.0,12,2,1,1,0,1,greek_restaurant,0,1,1,1,1,0,0,0,0,0,1,2,12,1.0,3,0,0,0,1,1,0,0,0.092548184,Open
cb155d16-4377-43df-8b04-2c5ecf589c5b,Cloudmeter,it_service_and_computer_repair,812 W Dana St,http://cloudmeter.com/,1.0,12,2,1,1,0,1,it_service_and_computer_repair,1,1,1,1,1,0,0,1,1,0,1,2,12,1.0,3,0,0,0,0,1,0,1,0.00090567564,Open
cb73d85c-8271-479e-8d8e-af9dfadf883e,Rocket Fizz,candy_store,298 Castro St,http://rocketfizz.com,1.0,188,2,1,0,0,1,candy_store,0,1,1,0,0,0,0,1,1,0,1,2,188,1.0,2,0,0,1,0,1,0,0,0.2190912,Open
8004442f-4024-4432-a671-e302266380f7,Icicles,ice_cream_shop,292 Castro St,http://iciclescreamroll.com/,1.0,12,2,1,1,0,1,ice_cream_shop,1,1,1,1,1,0,0,1,1,1,1,2,12,1.0,3,0,0,0,0,1,0,1,0.0022127514,Open
c9726554-ee96-483e-8bed-d114ae323eab,KiwiCo Pop-Up Shop,toy_store,285 Castro St,https://www.kiwico.com/pop-up-shop,1.0,12,2,1,1,0,1,toy_store,1,1,1,1,1,0,0,0,0,0,1,2,12,1.0,3,0,0,0,1,1,0,0,0.10245988,Open
5db5ee35-a86c-4bee-92e6-c7ac12543a41,Madeby,arts_and_crafts,279 Castro St,https://www.madeby-shop.com,1.0,44,2,1,0,0,1,arts_and_crafts,0,1,1,0,0,0,0,0,0,0,1,2,44,1.0,2,0,0,1,0,1,0,0,0.010427777,Open
f208a3c1-3493-4137-bb9f-e16a89f08fc9,Tea Era,bubble_tea,271 Castro St,https://www.yelp.com/biz/tea-era-mountain-view-2?start=160,1.0,12,2,1,1,0,1,bubble_tea,2,1,1,1,1,0,0,1,1,0,1,2,12,1.0,3,0,0,0,0,1,0,1,0.0040635983,Open
097115fe-a941-44c6-bca1-d7e487f5b6d1,Queen House Chinese Restaurant,taiwanese_restaurant,273 Castro St,https://www.yelp.com/biz/queen-house-mountain-view,1.0,12,2,1,1,0,1,taiwanese_restaurant,2,1,1,1,1,0,0,1,1,0,1,2,12,1.0,3,0,0,0,0,1,0,1,0.01556326,Open
fb6058af-58af-48aa-a360-a6ac0796efcb,"Mike Jerant Guitar, Bass, Uke and Piano Instruction",tutoring_center,257 Castro St,http://mikejerant.com/,1.0,12,2,1,1,0,1,tutoring_center,2,1,1,1,1,0,0,1,1,0,1,2,12,1.0,3,0,0,0,0,1,0,1,0.00075953413,Open
42e11d36-cd19-4b1a-8f61-3936f5e71f60,The Alley,topic_concert_venue,257 Castro St,http://noisehaus.com/,1.0,12,2,1,1,0,1,topic_concert_venue,2,1,1,1,1,0,0,1,1,0,1,2,12,1.0,3,0,0,0,0,1,0,1,0.0027274275,Open
4db90cb3-3ba6-42a5-93d5-52896cdb84c2,Chhabra Law Firm PC - A Patent Law Firm,lawyer,277 Castro St,http://www.thelawfirm.io/,1.0,12,2,1,1,0,1,lawyer,1,1,1,1,1,0,0,1,1,0,1,2,12,1.0,3,0,0,0,0,1,0,1,0.0012767038,Open
c1d242fe-84a4-4da5-b1b4-19c88fb579c6,Francis Roofing,roofing,257 Castro St,https://www.francisroofing.com/,0.0,12,2,1,1,0,1,roofing,0,1,1,1,1,0,0,1,1,0,1,2,12,0.0,3,0,0,0,0,1,0,1,0.002092927,Open
b5985e4c-8612-4fb9-a6d6-a8282ab7843b,Facial Town,beauty_salon,257 Castro St,https://facial-town-mountain-view.square.site/,1.0,12,2,1,1,0,1,beauty_salon,2,1,1,1,1,0,0,1,1,0,1,2,12,1.0,3,0,0,0,0,1,0,1,0.0013990046,Open
03a80265-5384-49a6-97ca-0052e617dabc,Centrl,software_development,257 Castro St,https://centrl.ai/,1.0,12,2,1,1,0,1,software_development,2,1,1,1,1,0,0,1,1,0,1,2,12,1.0,3,0,0,0,0,1,0,1,0.0014380114,Open
d06282c8-5b0e-4159-98a0-8d5ae9df8f7e,Intuit,software_development,280 Hope St,https://www.intuit.com,1.0,12,2,1,1,0,1,software_development,2,1,1,1,1,0,0,1,1,0,1,2,12,1.0,3,0,0,0,0,1,0,1,0.0014380114,Open
21723428-cd43-401d-b6ad-c50414f2b4d4,Alberto's Night Club,dance_club,736 W Dana St,http://www.albertos.com/,1.0,12,2,1,1,0,1,dance_club,2,1,1,1,1,0,0,1,1,0,1,2,12,1.0,3,0,0,0,0,1,0,1,0.019321408,Open
9c42ad6a-6855-425e-b2de-1b09f223c9ee,Dana Street Roasting Company,cafe,744 W Dana St,http://danastreetroasting.com/,1.0,12,2,1,1,0,1,cafe,2,1,1,1,1,0,0,1,1,0,1,2,12,1.0,3,0,0,0,0,1,0,1,0.01556326,Open
89508f8d-9e34-4cfa-b2b7-1f48a8d36e79,LibertyX Bitcoin ATM,atms,744 W Dana St,https://libertyx.com,1.0,12,2,1,1,0,1,atms,0,1,1,1,1,0,0,1,1,1,1,2,12,1.0,3,0,0,0,0,1,0,1,0.0010107297,Open
3d5347a7-8796-4454-bc22-3788735f5ec4,E and W Natural Way,vitamins_and_supplements,762 W Dana St,http://www.ovbsoap.com,0.0,12,2,1,1,0,1,vitamins_and_supplements,1,1,1,1,1,0,0,1,1,0,1,2,12,0.0,3,0,0,0,0,1,0,1,0.0038773871,Open
82524737-4858-4e6d-9aac-73b8f77909e4,E&W Natural Way Health Food Center,pharmacy,762 W Dana St,http://www.ovbsoap.com,0.0,330,2,1,1,0,1,pharmacy,0,1,1,1,1,0,0,0,0,0,1,2,330,0.0,3,0,0,1,0,1,0,0,0.261433,Open
577206a4-2405-40f7-8270-b9c932fbbf4e,Easy Foods Company,grocery_store,299 Castro St,,,12,2,0,1,0,1,grocery_store,2,0,0,1,1,0,0,1,1,0,1,2,12,,2,0,0,0,0,1,0,1,0.0025081567,Open
7fe382b6-39fe-4873-bb7d-d4ee35614dbf,The Crepevine,pancake_house,300 Castro St,http://crepevine.com/,1.0,12,2,1,1,0,1,pancake_house,2,1,1,1,1,0,0,1,1,1,1,2,12,1.0,3,0,0,0,0,1,0,1,0.002874814,Open
5e915c06-aa40-4c68-a7d1-c978ac449ef0,New Mongolian BBQ,barbecue_restaurant,304 Castro St,http://newmongolianbbq.com,1.0,12,2,1,1,0,1,barbecue_restaurant,2,1,1,1,1,0,0,1,1,0,1,2,12,1.0,3,0,0,0,0,1,0,1,0.011264964,Open
20a1ef1a-845d-416b-9e07-2f37c069c22e,Crepevine Restaurants,breakfast_and_brunch_restaurant,300 Castro St,https://crepevine.com/?y_source=1_MTQxNzg0NTctNzE1LWxvY2F0aW9uLndlYnNpdGU=,1.0,12,2,1,1,0,1,breakfast_and_brunch_restaurant,3,1,1,1,1,0,0,0,0,0,1,2,12,1.0,3,0,0,0,1,1,0,0,0.30570048,Open
14d75cd6-1f17-4b9a-90b3-0484918add25,Barnes & Noble,bookstore,317 Castro Street,https://stores.barnesandnoble.com/store/3807,0.0,12,2,1,0,0,1,bookstore,2,1,1,0,0,0,0,3,1,1,1,2,12,0.0,2,1,0,0,0,1,0,0,0.057692237,Open
7c601e79-8e0d-4424-86e1-668aee3e44c6,Paris Baguette,coffee_shop,315 Castro St,https://parisbaguette.com/locations/ca/mountain-view/315-castro-street/,1.0,12,2,1,1,0,1,coffee_shop,1,1,1,1,1,0,0,0,0,0,1,2,12,1.0,3,0,0,0,1,1,0,0,0.18575823,Open
d028c57f-0fbc-4503-b9e7-1e46389ca652,Transform Fitness Studio,pilates_studio,319 Castro St,http://www.transformfitnessmv.com/,0.0,12,2,1,1,0,1,pilates_studio,2,1,1,1,1,0,0,1,1,0,1,2,12,0.0,3,0,0,0,0,1,0,1,0.0032894756,Open
e5aecd65-0fd4-4505-8fe5-a9dd1dd40f0d,Books Inc.,bookstore,317 Castro St,http://www.booksinc.net,1.0,12,2,1,1,0,1,bookstore,2,1,1,1,1,0,0,1,1,0,1,2,12,1.0,3,0,0,0,0,1,0,1,0.004380057,Open
8c3b6592-739f-4ec3-9202-0aec825c8002,Baklava Mountain View,mediterranean_restaurant,341 Castro St,http://www.cafebaklava.com,1.0,12,2,1,1,0,1,mediterranean_restaurant,2,1,1,1,1,0,0,1,1,0,1,2,12,1.0,3,0,0,0,0,1,0,1,0.029191354,Open
a8d407c6-7f0e-4bec-a8a1-085f943d9fba,la PanotiQ Bakery Cafe,bakery,331 Castro St,http://www.lapanotiq.com,1.0,188,2,1,1,0,1,bakery,0,1,1,1,1,0,0,2,1,0,1,2,188,1.0,3,0,0,1,0,1,0,0,0.16052917,Open
7a28bc09-9597-4f46-983d-2b8b6703a28e,Cafe Baklava,mediterranean_restaurant,341 Castro St,http://cafebaklavamv.us/,1.0,12,2,1,1,0,1,mediterranean_restaurant,3,1,1,1,1,0,0,0,0,0,1,2,12,1.0,3,0,0,0,1,1,0,0,0.3257812,Open
6242d9a9-f873-443d-b866-e66138dd864a,Cafe Baklava,cafe,341 Castro St,http://cafebaklava.com/,1.0,12,2,1,1,0,1,cafe,2,1,1,1,1,0,0,1,1,0,1,2,12,1.0,3,0,0,0,0,1,0,1,0.01556326,Open
59a8302e-b92c-4b01-b0f6-f3bbb7663d58,Rootstock Wine Bar,wine_bar,331 Castro St,http://www.rootstockwinebar.com/,0.0,12,2,1,1,0,1,wine_bar,1,1,1,1,1,0,0,1,1,1,1,2,12,0.0,3,0,0,0,0,1,0,1,0.020867515,Open
f72dea64-35f9-4878-997f-4000704fb46d,Le Plonc,wine_bar,331 Castro St Ste 100,https://www.leplonc.com,0.0,437,2,1,1,0,1,wine_bar,0,1,1,1,1,0,0,0,0,0,1,2,437,0.0,3,0,0,1,0,1,0,0,0.77188814,Closed
c0215ba3-d951-40c1-9384-0aeef61535cb,Four Connections Om/ Carol Chen Clinic,acupuncture,341 Castro St Ste D,http://fourconnectionsacupuncture.com,1.0,235,2,1,1,0,1,acupuncture,0,1,1,1,1,0,0,0,0,0,1,2,235,1.0,3,0,0,1,0,1,0,0,0.03584728,Open
502d22b1-9c26-40ef-8e96-e132983753dd,Lee's Auto Center,automotive_repair,705 W Dana St,,,12,2,0,1,0,1,automotive_repair,2,0,0,1,1,0,0,1,1,0,1,2,12,,2,0,0,0,0,1,0,1,0.0011995987,Open
ddc662d2-5d43-47b2-b00d-3897350ed759,Kakaroto Japanese Restaurant,japanese_restaurant,743 W Dana St,http://KakarotoJapaneseRestaurant.com/,1.0,12,2,1,1,0,1,japanese_restaurant,2,1,1,1,1,0,0,1,1,0,1,2,12,1.0,3,0,0,0,0,1,0,1,0.013423221,Open
81e80dac-7d27-41f9-a4c1-5001634a6027,Niji Sushi,sushi_restaurant,743 W Dana St,http://mountainviewnijisushi.com,0.0,188,2,1,1,0,1,sushi_restaurant,0,1,1,1,1,0,0,0,0,0,1,2,188,0.0,3,0,0,1,0,1,0,0,0.16468804,Open
d9977f06-f295-4360-9002-abebf7f1daa7,Luxuray Skincare,day_spa,692 W Dana St Ste A,,,12,2,1,1,0,1,day_spa,3,1,1,1,1,0,0,0,0,0,1,2,12,,3,0,0,0,1,1,0,0,0.028654393,Open
ccce7f98-6ca6-4592-9b6d-9af7c3b9d222,Elegance Hair Salon,beauty_salon,696 W Dana St,http://www.elegancehairsalon.com,1.0,12,2,1,1,0,1,beauty_salon,2,1,1,1,1,0,0,1,1,0,1,2,12,1.0,3,0,0,0,0,1,0,1,0.0013990046,Open
dc63b414-3b31-40be-b43a-1387b1775aa3,Warm Day Spa,massage_therapy,692 W Dana St,http://www.warmdayspamountainview.com/,0.0,12,2,1,1,0,1,massage_therapy,2,1,1,1,1,0,0,1,1,0,1,2,12,0.0,3,0,0,0,0,1,0,1,0.002445865,Open
261ae9ff-526f-4576-88ff-ab6eb0390b60,Movement Chiropractic & Wellness,chiropractor,694 W Dana St,http://www.mvmtchiropractic.com,1.0,559,2,1,1,1,1,chiropractor,0,1,1,1,1,1,1,2,1,0,1,2,559,1.0,4,0,0,1,0,1,0,0,0.03609096,Open
55b4d7c5-67d3-471b-b827-68937cebee7c,Dr. Lucy Osgood,chiropractor,694 W Dana St,http://www.drlucyosgood.com/,0.0,12,2,1,1,0,1,chiropractor,2,1,1,1,1,0,0,1,1,0,1,2,12,0.0,3,0,0,0,0,1,0,1,0.0015175721,Open
88a90310-295a-400c-8db7-2ec1f818dd0f,Bay Biryanis,indian_restaurant,698 W Dana St,http://www.baybiryanis.com,0.0,12,2,1,1,0,1,indian_restaurant,2,1,1,1,1,0,0,1,1,0,1,2,12,0.0,3,0,0,0,0,1,0,1,0.048849028,Open
f42d5438-f8c6-496a-83f1-3266d82e9e72,Chiropractic Performance Center,chiropractor,694 W Dana St,http://www.drlucyosgood.com/,0.0,12,2,1,1,0,1,chiropractor,1,1,1,1,1,0,0,0,0,0,1,2,12,0.0,3,0,0,0,1,1,0,0,0.004749469,Open
2c8560a8-10ae-4d96-9c66-ef7b0b7c70a5,Altos Research,marketing_consultant,280 Hope St,http://www.altosresearch.com,1.0,12,2,1,1,0,1,marketing_consultant,2,1,1,1,1,0,0,1,1,0,1,2,12,1.0,3,0,0,0,0,1,0,1,0.0014380114,Open
b52c5b76-774d-4ca2-a758-6a6faf99e6fa,Planetscale,event_planning,278 Hope St,http://planetscale.com,1.0,12,2,1,1,0,1,event_planning,0,1,1,1,1,0,0,1,1,0,1,2,12,1.0,3,0,0,0,0,1,0,1,0.0007938093,Open
64660582-b175-490a-9d96-6ac23b32cc90,Institute of Voice,music_school,278 Hope St,http://instituteofvoice.com/,1.0,12,2,1,1,0,1,music_school,1,1,1,1,1,0,0,1,1,0,1,2,12,1.0,3,0,0,0,0,1,0,1,0.00057037605,Open
726e4b5c-e9e5-4fe6-917e-043482505975,Wellness Spa,massage,278 Hope St,https://gorbucks.wixsite.com/the-w-spa,1.0,12,2,1,1,0,1,massage,1,1,1,1,1,0,0,1,1,0,1,2,12,1.0,3,0,0,0,0,1,0,1,0.0012767038,Open
3a9a29fe-b3b3-4f98-b93d-45ca1637c5ae,Tina's Kusina,asian_restaurant,698 W Dana St,http://www.tinaskusina.com,1.0,234,2,1,1,0,1,asian_restaurant,0,1,1,1,1,0,0,0,0,0,1,2,234,1.0,3,0,0,1,0,1,0,0,0.07554424,Open
136f4def-b08a-4c6f-ba28-c31b303695c0,Yellowbrick Data,information_technology_company,660 W Dana St,https://www.yellowbrick.com/,1.0,12,2,1,1,0,1,information_technology_company,2,1,1,1,1,0,0,1,1,0,1,2,12,1.0,3,0,0,0,0,1,0,1,0.0008408088,Open
72962e07-6f71-4ad3-b1ff-115cc20ae685,TNL Car Title Loans Mountain View,installment_loans,660 W Dana St,http://www.thenetlender.com/locations/tnl-car-title-loans-mountain-view/,1.0,12,2,1,1,0,1,installment_loans,2,1,1,1,1,0,0,1,1,0,1,2,12,1.0,3,0,0,0,0,1,0,1,0.0014380114,Open
213d4530-0375-4f16-b553-165b091ac2e6,Center For Music and Arts Education,music_venue,220 View St,http://www.arts4all.org,1.0,12,2,1,1,0,1,music_venue,2,1,1,1,1,0,0,1,1,0,1,2,12,1.0,3,0,0,0,0,1,0,1,0.0028328921,Open
2055463a-ff28-425d-950e-861dc5471a95,Mariano Castro Elementary School,elementary_school,220 View St,,,12,2,0,1,0,1,elementary_school,2,0,0,1,1,0,0,1,1,0,1,2,12,,2,0,0,0,0,1,0,1,0.00042254914,Open
59166cd6-c778-4ba0-bfd4-a6a09f11934b,Rishitree Marketing,marketing_agency,211 Hope St,,,12,2,1,1,0,1,marketing_agency,0,1,1,1,1,0,0,0,0,0,1,2,12,,3,0,0,0,1,1,0,0,0.014903535,Open
67d1b3f1-8149-48ee-870e-4226131cfda6,El Dorado - Mt. View,landmark_and_historical_building,600 W Evelyn Ave,,,12,2,0,0,0,1,landmark_and_historical_building,2,0,0,0,0,0,0,1,1,0,1,2,12,,1,0,0,0,0,1,0,1,7.194453e-05,Open
4b6fbcca-809b-4129-8d70-151d3c3cc3a1,bytewise organic,b2b_food_products,205 View St,https://www.bytewisefoods.com/,0.0,12,2,1,1,0,1,b2b_food_products,4,1,1,1,1,0,0,0,0,0,1,2,12,0.0,3,0,0,0,1,1,0,0,0.016974755,Open
0962c995-9d22-4087-916d-bba48aab1e6d,Monte Vista Apartments,landmark_and_historical_building,245 Bush St,,,12,2,0,1,0,1,landmark_and_historical_building,2,0,0,1,1,0,0,1,1,0,1,2,12,,2,0,0,0,0,1,0,1,0.00045828213,Open
4c8f26e1-8cf5-4456-98dc-dcd25e42550b,Sushi Tomi,sushi_restaurant,635 W Dana St,http://tomisushi.us/sushitomi/,1.0,12,2,1,1,0,1,sushi_restaurant,2,1,1,1,1,0,0,1,1,0,1,2,12,1.0,3,0,0,0,0,1,0,1,0.013765904,Open
e80646be-5e73-4f63-b442-e50fb24a4b5b,Thread Theory Professional Tailoring,appliance_repair_service,607 W Dana St,http://threadtheorytailoring.com/,1.0,12,2,1,1,0,1,appliance_repair_service,1,1,1,1,1,0,0,1,1,0,1,2,12,1.0,3,0,0,0,0,1,0,1,0.0012767038,Open
54af7ceb-8667-4818-99db-7350c6cc0a62,Hair by Heinz,hair_salon,617 W Dana St,http://hairbyheinz.com/,0.0,12,2,1,1,0,1,hair_salon,2,1,1,1,1,0,0,1,1,0,1,2,12,0.0,3,0,0,0,0,1,0,1,0.004575836,Open
54ce3ce8-fae7-43ab-bcf6-3ad826ea3fb2,Smith + Palestro,mens_clothing_store,607 W Dana St,http://Www.smithPalestro.com/,0.0,12,2,1,1,0,1,mens_clothing_store,1,1,1,1,1,0,0,1,1,0,1,2,12,0.0,3,0,0,0,0,1,0,1,0.0031757231,Open
4370c15a-0c7f-4d18-86ae-0f828ce9bd35,Melody Spa,spas,607 W Dana St,https://melodyspaca.com/,0.0,12,2,1,1,0,1,spas,0,1,1,1,1,0,0,1,1,0,1,2,12,0.0,3,0,0,0,0,1,0,1,0.00081906805,Open
5ff6a320-5675-448d-8674-b95441485cd1,Windows and Beyond,windows_installation,633 W Dana St,https://www.windowsandbeyond.com/,1.0,12,2,1,1,0,1,windows_installation,2,1,1,1,1,0,0,1,1,0,1,2,12,1.0,3,0,0,0,0,1,0,1,0.0014380114,Open
69f451bc-3fe3-4bff-9ab6-69a6fe9ad5fa,Krillion,corporate_office,607A W Dana St,http://www.krillion.com,0.0,1926,2,1,1,0,1,corporate_office,0,1,1,1,1,0,0,1,1,0,1,2,1926,0.0,3,0,0,1,0,1,0,0,0.122627385,Open
7edf1753-f1f9-40dd-85a8-e241161449f6,Rootstock Wine Bar,wine_bar,331 Castro St Ste 100,https://www.rootstockwinebar.com,0.0,65,2,1,1,0,1,wine_bar,0,1,1,1,1,0,0,0,0,0,1,2,65,0.0,3,0,0,1,0,1,0,0,0.024936259,Open
dfe2512f-444b-436a-98bb-a6f2bc0aa777,The Fireplace Element,fireplace_service,345 Castro St,http://www.thefireplaceelement.com/,1.0,12,2,1,1,0,1,fireplace_service,2,1,1,1,1,0,0,1,1,0,1,2,12,1.0,3,0,0,0,0,1,0,1,0.0014380114,Open
65956040-f4cb-46cb-8fa9-a2edca4295fc,Global Beads Inc,video_game_store,345 Castro St,www.globalbeads.com,1.0,12,2,1,1,0,1,video_game_store,0,1,1,1,1,0,0,1,1,0,1,2,12,1.0,3,0,0,0,0,1,0,1,0.0009126207,Open
fb0181be-5181-45f4-9ef9-e3e5ae522756,Eyebrow Threading Mountain View,threading_service,357 Castro St,https://www.ethreading.com/,1.0,12,2,1,1,0,1,threading_service,2,1,1,1,1,0,0,1,1,0,1,2,12,1.0,3,0,0,0,0,1,0,1,0.0014380114,Open
ebc870ba-b8b4-40e3-9948-a8a1470f0cde,Dandies Barbershop and Beard Stylist,barber,357 Castro St,https://www.dandiesbarber.com/,1.0,12,2,1,1,0,1,barber,1,1,1,1,1,0,0,1,1,0,1,2,12,1.0,3,0,0,0,0,1,0,1,0.0012767038,Open
45fbaf6f-917c-4409-ba2b-b9e5d9bf1751,Rumble Fish Japanese Restaurant,japanese_restaurant,357 Castro St,https://www.rumblefishmv.com/,1.0,12,2,1,1,0,1,japanese_restaurant,2,1,1,1,1,0,0,1,1,0,1,2,12,1.0,3,0,0,0,0,1,0,1,0.013423221,Open
b6e28614-cf02-425d-956c-340041dc4007,DZ Eyelash Extensions Salon Mountain View,barber,357 Castro St,http://www.dzlashes.com/,1.0,12,2,1,1,0,1,barber,2,1,1,1,1,0,0,1,1,0,1,2,12,1.0,3,0,0,0,0,1,0,1,0.0014380114,Open
527edd58-f33f-43a4-9a74-4cf8af53a756,Ludwigsmv,german_restaurant,383 Castro St,http://www.ludwigsmv.com/,1.0,12,2,1,1,0,1,german_restaurant,2,1,1,1,1,0,0,1,1,0,1,2,12,1.0,3,0,0,0,0,1,0,1,0.013765904,Open
560b11a4-b8c4-42b0-b6a0-59a79ae54f90,Dental Fabulous,general_dentistry,756 California St,http://www.dentalfabulous.com/,1.0,12,2,1,1,0,1,general_dentistry,2,1,1,1,1,0,0,1,1,0,1,2,12,1.0,3,0,0,0,0,1,0,1,0.0014380114,Open
4c8e4ff5-e8ab-4cf7-af8e-a2dd946bc6f7,Aera Technology,software_development,707 California St,http://www.aeratechnology.com/,1.0,12,2,1,1,0,1,software_development,2,1,1,1,1,0,0,1,1,0,1,2,12,1.0,3,0,0,0,0,1,0,1,0.0014380114,Open
5ce9a5bb-2892-4081-856f-7282c713327c,Air National Guard Recruiting - 129th Rescue Wing,employment_agencies,654 Johnny Luv Lave ,http://www.goang.com/,1.0,12,2,1,1,0,1,employment_agencies,2,1,1,1,1,0,0,1,1,0,1,2,12,1.0,3,0,0,0,0,1,0,1,0.0029474122,Open
725622ce-ab13-4716-8b31-7bd726772277,Cohome,real_estate,50 California St,http://www.cohome.com/,1.0,12,2,1,1,0,1,real_estate,1,1,1,1,1,0,0,1,1,0,1,2,12,1.0,3,0,0,0,0,1,0,1,0.0012767038,Open
d2d2e5a2-df29-4b5b-8e6f-7b5a84fbd5f9,Fire Works Ceramics,arts_and_crafts,483 Hope St,http://www.fireworksceramics.com/,0.0,12,2,1,1,0,1,arts_and_crafts,2,1,1,1,1,0,0,1,1,0,1,2,12,0.0,3,0,0,0,0,1,0,1,0.0054470217,Open
9f71e5bd-7d84-410f-aed1-a8bc985450b5,"Fire Works, a paint your own ceramics place",art_school,483 Hope St,http://www.fireworksceramics.com/,0.0,12,2,1,1,0,1,art_school,2,1,1,1,1,0,0,1,1,0,1,2,12,0.0,3,0,0,0,0,1,0,1,0.0023622664,Open
803a6262-2316-43fb-a277-4469b8757b13,Hotel El Arroyo,hotel,483 Hope St,https://www.elarroyohotel.com/,1.0,12,2,1,1,0,1,hotel,0,1,1,1,1,0,0,1,1,0,1,2,12,1.0,3,0,0,0,0,1,0,1,0.0005731125,Open
5ca5887c-38d6-447b-96ad-fc09418b73ef,ByeDusty,home_cleaning,Moutain View,https://www.yelp.com/biz/byedust-cleaning-services-mountain-view-2,1.0,12,2,1,1,0,1,home_cleaning,1,1,1,1,1,0,0,1,1,0,1,2,12,1.0,3,0,0,0,0,1,0,1,0.0012767038,Open
2d9c76e8-36f7-4e10-9449-3950ee1d1d22,HBYM Tramites Legales,passport_and_visa_services,"699601 View St, Mountain view, CA 94041, EUA  ",,,12,2,0,1,0,1,passport_and_visa_services,0,0,0,1,1,0,0,1,1,0,1,2,12,,2,0,0,0,0,1,0,1,0.00042307068,Open
b1ebf506-5a2f-4583-860c-4dce4437a514,MichRoFit,gym,Shoreline West,http://www.michrofit.com/,0.0,12,2,1,1,0,1,gym,2,1,1,1,1,0,0,1,1,0,1,2,12,0.0,3,0,0,0,0,1,0,1,0.007538406,Open
158873a4-d081-4e1b-909e-2d99ef2dac9e,Mercy-Bush Park,park,,,,12,2,0,1,0,0,park,2,0,0,1,1,0,0,1,1,0,0,2,12,,1,0,0,0,0,1,0,1,0.00024322078,Open
b1b87d70-431e-43ad-a2e4-2fcf8b4bdec2,Integrative Bioinformatics,professional_services,346 Paul Ave,http://www.integrativebioinformatics.com,1.0,340,2,1,1,0,1,professional_services,0,1,1,1,1,0,0,0,0,0,1,2,340,1.0,3,0,0,1,0,1,0,0,0.026652057,Open
3cf5bc83-4bf1-45c9-b22d-40877446d675,"Ronnie Falcao, LM, MS, CPM",doctor,286 Vincent Dr,http://www.gentlebirth.org/ronnie,1.0,923,2,1,1,0,1,doctor,0,1,1,1,1,0,0,0,0,0,1,2,923,1.0,3,0,0,1,0,1,0,0,0.7236955,Closed
