id,url_alive
08f2ab31aad29ac003ae710a45927c46,False
08f2659a58872db50332bfe5ae096bf5,True
08f2666940d461890330dac3dbd7142f,False
08f26c1c1dd34af0033fa5aabf5080bd,False
08f29b6d06c5459d0366de766faa0a5e,True
08f29b6d5d352755036ac504152622eb,True
08f29a198484d5800367d470e964a245,True
08f44dab0c4b02db035754f1e3be0658,True
08f2a9152aaf6199036552e7bc4cffcc,True
08f2a1380a48593603ab50ef9c0d6d7a,True
08f446e2248194530328289b55bb672e,False
08f2aa84e409a98503beb40c9ebc7e21,True
08f2a89753b2a9a10318cdb00793d2c0,True
08f28b2b594e687303992f9403da8b1a,True
08f26463757538b30399d636cb6246ea,True
08f2af02a84552a403085d499ed658b9,True
08f48ebaaed548c403d0d17699281ee2,False
08f2798db531a6e903709bdf35e47d07,True
08f489eb508c63050353b5b573e563b6,True
08f266449c00cc880345dc74a77acb98,True
08f2ad453525390c034dae0eed8c42df,True
08f2af608b8633ac03a9430e8ba43b40,True
08f2aa81a4a0b31903154651da960c6d,True
08f2a84cf0035135038ee0c8f795caff,True
08f489d59ab606c803517ccee128ff0f,True
08f4440cac4dc519034a2647a4c81576,True
08f4440570d9eb4903005f9f097b3ab5,True
08f2ab175ca5ca5d03ab32d6e5931fee,True
08f2a12a4cc9dd0e0322c9f4ab7ea904,True
08f2aacb2a04512c03af8b8a05907b21,True
08f2a10680a5481c038912e2cbc64c3c,True
08f267572e5330000319afd679bf6ed5,True
08f2a134d451eceb03cd2ad907fe8784,True
08f262808a182014037ee27b008cff1a,True
08f27526d478a9a3039cd30b0a6c6f56,False
08f283409a36385d0319be9f4c7c7e08,True
08f2656016618aaa03f45a3b49b0ba01,True
08f2aa1a310b03650364aac940516716,True
08f2674576928ab1038fef3c18ebba82,True
08f48ebaad05ca2a0347342bf096873d,True
08f48e96daaeb666036938586e519141,True
08f489c11a18e9a503b6c1208ae24280,True
08f48eba158c11580390feb233c68324,True
08f26e0cce79a7b603caea464ec624bb,False
08f2a1468bb4b28a0348bfdfd6171b7e,True
08f44a1109358c2803c2653be159cddb,True
08f446d31b6e4793039e4666235fdea2,True
08f266694b8dd34103db5d8f268c8bfe,True
08f2674509885c23038e06e7245bf928,False
08f2aa6ce44a1944030fdbbb4802a85d,True
08f44422e64860d403029d18e7beaf64,True
08f29ab99d8734420393ebd83bb96a80,True
08f2a331530cc5910388c16221f06552,True
08f2a10b1c8ded5a03a8fecf134cffae,True
08f444655e6ea8480399fc3ab1f2df29,True
08f2a1540bd756e003651b6fb5f6c9ae,True
08f4440c188c380203f2ac0746c66cc4,True
08f2676769ca11520381d1d2e4c6d316,True
08f26ee14cab68f40382e58595edfcc9,True
08f2a33ca646ca5e03a7a5ad39cb7d61,True
08f2aad771ac925d03c7ec7d35274b45,True
08f2af6c9ad09d1903fb1e2633e95845,True
08f2830d2d903929034b7ab955f16325,True
08f12db0c2a0b692038632ab1b6f87f4,True
08f44c1a8b77624003aff6cf2c3b8ed7,True
08f2640574c719a1038a23d84a84f10e,True
08f2a134dd6e808d038bb5597b7d373d,False
08f27526f3d2147503d64036df3ddddb,True
08f26729644b4a0b03906a753f6872cf,True
08f4446366c49561036fa9c50a0ee874,False
08f2751a1516908a03f814751e4effd5,True
08f44f046632314a0366dc34a62bce63,False
08f446c2589a129903f88f347d30f0b4,True
08f2759301db539d0356df261133ee31,False
08f261651e06bd0c03cf21a0044515f3,True
08f283429066298303bed6fc399bfad9,True
08f4440ca4cdbc9003a97ec1399b0363,True
08f2749969a0524a032709b1668d60a4,True
08f48d691a31bc9403f37948838961ca,True
08f2a13cc5bb106d03d6b304e0cd25bf,True
08f2a866dc4c212003926906cd56590d,True
08f2665cf5b0c65d0302a33ba778b85e,True
08f298da4b50181e0365720407664266,True
08f267073129518503f1f39ec39950a4,True
08f265662658334b033411fe5742ff0e,True
08f267457259dd1403c84dc2a332f8be,True
08f29a926d790723035579618f9c1a4b,False
08f44464254361ae03f3b6c60ed3150e,True
08f2a1068cad2d810393cdfc0e513ada,False
08f29a561a0cd85c03cdc68255288f39,True
08f260a1062864a203e040c1cc697ce6,True
08f28302267a036103662f4571745d57,True
08f2668b335919ab03cf315965459f09,True
08f2a86ca296bc8503859270d28c7637,True
08f29a0969036391032504daedc00ff3,True
08f446ca8d335135037da2a5956849b2,True
08f2661b752aaa150386d3b91079e4ae,True
08f2a9574335b4e203c03c8786601f58,True
08f2830084963282035c204c30c55569,True
08f29aeb2324221103fb2902d8a4ce1a,False
08f2640c507a574b03f3da764f851ea1,True
08f44465197768a403022aac4dc8d170,True
08f2aaa868d1969303c6cecc3cb5faf2,False
08f4440c1a1854ee0304800dc17e6154,True
08f2a33769d4596e03367546c7321553,True
08f44a9971995b8d033809c3eb479d1b,False
08f2a101ac0b62c303ac2139e17f331c,True
08f5d1151a5039630335512ed58ecdd7,True
08f264624077389503612f961b27e7fd,True
08f267184eb350d803674ef99ac0f071,True
08f0c73381d9d46b033172a6b7234c7d,False
08f2a132cb013a5c0314172d0aab2dd4,False
08f2a9b196871183034b75b8300ee6cb,True
08f267676ab6ba300366cd1205c3152b,True
08f2aa5d42d4112e038c6625ff858b5b,False
08f29a0a902565a903e695f84329a98c,False
08f27526d406977403c9dc45b0429797,False
08f26640e36996eb03378cc249869e38,True
08f44f055bd06889038fa1dd2bc20326,True
08f2af620971db1e03bada0c7192cb83,True
08f44f622db8b74b03b78a48a5e33a2f,True
08f2a94d831ae36b033f5076ccb2ccc7,True
08f276b26e08121e039046f4ad2e4a6a,True
08f268cd1b32a45c03b9137cddcec17b,True
08f44554099b56f303491a2145c1f16b,True
08f26aa4de0a6b51039de62dd321ddd4,True
08f2a8ba69564b0b03324dd9172daaf5,True
08f28300a306e24e0322af6f6f066631,True
08f489c54da1e304036142cd582a2551,True
08f29a0b2ea202f603f7c6de8f2acf8e,True
08f260d872af00f10372d622a880ca22,True
08f26cb9a59a025a03875eda2c24729d,True
08f29a56a03b5998031aa8f94b6d9ece,True
08f44a829db7442d03c72d9448c9f367,True
08f2aa84aa66d10c03e4bb13993072ef,True
08f29a1d4c171cc603bebdd37dd9b4c2,True
08f2aae6e2699792032739471653a76d,False
08f44a972b84c395034dd2155db26a80,True
08f28d6af3195b1503430bdef9758127,True
08f44f082ecd6cd60374983e886bdc8d,True
08f446c323aec04203876f8bc173c15e,True
08f2719c9cb63b9e03f3042c44b0f1c9,True
08f2a90b6e6769b1035621289d944758,True
08f2ab125aad07a8039f9c8b5c72546b,True
08f44d02f395b4690368c33a25971f18,False
08f26c876e7b6b6803b92a7215133bdc,False
08f44c8645a0da92031ef0c62c8c52cc,True
08f29a0af019b8910363e932cc289a79,True
08f264d10e4998140334ab60d1b30387,True
08f4441126784cc3031733abd35c3aa3,True
08f29a411360bb59032a5b836f728ba0,True
08f444654c8ae4d80340522ac5f31879,True
08f44f534d62074803a8cddd6bb3d46c,True
08f2a10ce8ad18590316be69281a839d,True
08f266c804ab666d03564dee370407fe,True
08f29a0b6a91042003c04bfbd9fdb8c1,True
08f44a1840b0d97003860e689a1cd06e,True
08f26c115d24c16c036806b477225778,True
08f29898cd6492f00319bd2ea9f7aa7a,True
08f29a54db20b98503452132b4a211ce,True
08f44f0419740cf003323f0a38a52424,True
08f26aac9b68b6d4030c2bd5107cdb0f,True
08f445bd0069e9130371e57ab2cb7313,True
08f2aa8c2e2d673503d6cc67e80dbfa4,False
08f28300535ada96034f7fb2e68d0c30,True
08f26de6a02c967003fecdb22a4db690,True
08f28347432e8b2903fb1a295fd5eec5,True
08f2a9804350106503726c9be7f4768c,True
08f44a112bcc56d30324dd2659dd9b1b,True
08f26042533a3455033e728f50a63ee0,True
08f29a40e26f1b1d035d502bb6c9942b,True
08f48cd34825e85103d02d6fa8c831ba,True
08f44a91abc03151031b488ecce7fbae,True
08f2aa8782336ccc032bb55ffd3cc704,True
08f28d17b495835e03174e3aec5ba2a9,True
08f2a896f6b5854803af4bb688f7b236,True
08f29a1d6bd6ace603cbc80c4d9e09b3,True
08f2a10a1425674c03049cb5dbbe0849,True
08f267452ac90d0d03d0b4ff726162c4,True
08f2a9345d55ace603c117b3f6c98186,True
08f26533010f6b7203cbbf078df33ab7,True
08f264905da9410103cbaf4291cfede5,True
08f29a0b35245b9d032277bc80116fbb,True
08f2aa84e115d648034b53a1487cfae2,True
08f2a3315b6544f10360fb62f827a802,True
08f260e273a6d3a20395d2a61c206f77,True
08f445298bb5c8d0035f5afbdb8a28f1,True
08f44dc41d1061b503c6c8a20c2caa4e,True
08f29b6c1085a4c40386bb83e738e9b1,True
08f28d558dc0eb3603d350726e4e7edb,False
08f44d85ab1a1a640395f03fecc054d9,True
08f488a6e0896742038ce8e1eb8f0164,True
08f27531289091ab03cc9e621bc9e77f,True
08f2a9963023253403fbbaa551f4849a,True
08f44133b6814d830346a007e8dde95d,True
08f264e920322773037776c0c8fe6fe2,True
08f26d150276eb8803465c600f2e0b2f,False
08f446e119883c150375c37494cc4948,True
08f2aae284912d02032ac9d43a40da35,True
08f48eba5020da4003eefec7e4844ad1,True
08f2a158e0d1e3630317e57d8183a2a7,True
08f2aa8c7626894b035c8e09f81ccc3f,True
08f2a1061378636803ae0f5a93ec3b14,True
08f28d5465b6b51803b2ee5d3f9da0a8,True
08f48ebb527314030377736245f3b386,True
08f29a40c861b45b03e6ecee7070337d,True
08f44d1d8c650970032ed12066f9729e,True
08f264d1a123222003b51d0e2c60fd15,True
08f2ab2ca1a62da203afc5237dced09e,False
08f265572ba4821c032d0f0791c0d791,True
08f2b8c193c50b8903026ebc03a0062a,True
08f2aa9885b20620037ea595123f3da5,False
08f44c6c8049b48d0328c08cf82b6564,True
08f283474b343a2b039e12c11ad52e45,True
08f26d500212c61e03034fe38891fb89,True
08f2aab64b4b5b1b0336397ed3529bbb,False
08f48b2a4802592803f995fb28a5e906,True
08f44f6a95c9b02103105fd40c76bfe4,True
08f26e620bb9008e031f7327f9b065e6,False
08f29a1d4925db41033b8e5320aebac8,False
08f2aaad644a94c60340d95ed847db99,True
08f26c1b641b6b850320b5b020f1e574,False
08f44aeaf2b566dc03056ce24fe98021,True
08f27526dd246923036f8c00a173b40d,True
08f2a14daa84044b036e3c19d28dc8cc,True
08f28d543232cb6b033fcd899e0589a9,False
08f2aa591cc656080320b78731b38c9d,True
08f2b890a368bb1103b3a9b0a0dd74d3,True
08f26db313c250c0031edb88cc0c891b,False
08f262cd1a2dc0720337a7030e502212,True
08f2a30cb6a91305031a5279283179d1,True
08f489c03369686d039bc697982bc8d3,True
08f5d11434884420033a0a2d37559cad,True
08f29a878b4d3a2b0399e6a7bdac672f,True
08f2a9b91430cc800372302ee7a173ee,True
08f44dab65cc2da10361f38487b607e5,False
08f262808e41d0e30328cf1d5ba63646,False
08f2664a938023ad036ead4ac74ddea1,True
08f44d070bd93d1e037b3d4253a43cd9,True
08f0c7339d6f120603dcc0e036ff466d,True
08f2a9301d2cc91203ace71bf04f76fc,True
08f2a10af694923203f91d3b26935831,True
08f2a924959628cd03f6694fef5aca80,True
08f29a1d58c403a50322528dbaff3bd1,True
08f2a33043458629035d2f168f47f5af,True
08f446c2a8a1475a03a3c825b43fbc5f,False
08f2b9b34d2f3cc603e6e324483b99d1,True
08f44c42e312cac103267191aa401ab4,False
08f29a198ec60c0b03eac222b62b6ef3,True
08f441a12dbac13003b106aaa5be2fe7,True
08f44f054c93466c030225777a8f2657,True
08f26dc75e320c2a038425676351b578,True
08f28f0130ad948e0349bb35dd9b9a54,True
08f44e00d874e6cd0333011f2102e015,True
08f2a86d96d0c2f4039c1589e3f3c720,False
08f446c2f01759550363efc8d320be81,True
08f44c0b0e31d67403ed4e3d1ed46789,True
08f29a1b1364219903f1278ee57f0037,True
08f2a9eb8b4c465603b6ab1b63c76434,False
08f44a100c42b2b6032a12a98a27939d,True
08f489c18345912103a5d834da25dc3a,False
08f446ca8daa9991034c126a7904b0ad,True
08f275264c1acc110396d2360d5a93e9,True
08f2aa6ca62e8a830368caa716cb40f7,True
08f444650a64204803eb7d34f9ac3d6b,True
08f26c875d55800d0346f8242179440c,True
08f2aa8d8c45a2c303cff6a8de3bf0ca,True
08f44f69027a986303c2790124a948e8,True
08f29a1d5c22b934033d8c0418a32056,True
08f48c6c0156d4a00392cd1cfa14a50c,True
08f44f041c39a396039f9f6fc073d337,True
08f2a3076e9484eb036f22b2daebe897,True
08f446dc731a0b1c0397664fbe01a53f,True
08f2b892182ce52c038fa261dbef6f98,True
08f2a10045aa669803c23d17a054404a,True
08f2a91d6a4969b203b7fa6ebcd7ac79,True
08f2aadb9879ab2c0387d1a8dc4c14c3,True
08f2a961b007282d033e0d66530ea07d,True
08f27aaa84104b4103c90ed560d6cbf4,True
08f2a335a306db5003d332c48f73b144,False
08f44438aab12ab603d0468da22e9a5e,True
08f441a092b35a9e0379350d60cd0531,True
08f2600b0ba0623403b272c6307f6e6b,True
08f2a100aca2d984031f9b86b66205ec,False
08f2aac8c344505c03bc362f9abb3636,True
08f2a8b6dd389dad031a3baca694052b,True
08f5d16b2b7ae845031141f90bd4ff40,True
08f29a54c3954bb203a566265989031c,True
08f2a1004b0184ac03ccec805926abb0,True
08f275cb064cdaee03369c476fb11f49,True
08f275925c109a30034d4d467c98b6a2,False
08f441a8984c8750031de056ec21f9b7,False
08f48d88717768a303f7607cb0f44a3b,False
08f2a100eb3b6a58036b1408e30d72b1,True
08f44a9642658c8803a561ecc750e2e3,False
08f2a1345c759d0503e8538d421c8628,True
08f29b6d148ab75403660eb8c0fafc46,True
08f28d0aeb91060c038b7de7404c3013,False
08f2a93c536cb46903793739b1406a7f,True
08f2a86914ae28d903df50ebd97962e7,True
08f29a1c20205202035e66d05c7cce48,True
08f27592e5d500db03c0c18956e61e37,True
08f2a363a44c922d03ca08cd681a1ec8,True
08f2830821a034dc038a111a596b5b94,True
08f2986b8a256415033922603bc80ce5,True
08f2a8b9b0aca98d037a18a32f529b30,True
08f29a960d8e263503f631808b7ee74b,True
08f2a322da4e389c034d169b87a7de62,True
08f2b8e64a78a443034123d9e657207d,True
08f44cd5a3a31a7103c1999dd68969d9,True
08f44a102dd7408c03b9faab9cebd487,True
08f26460988e876d0301033dbc838aec,True
08f2a306593a6a510368f5853033c391,True
08f262eb18820b11038fa15113abce27,True
08f2a907594f175e03b878253444aa06,True
08f2a8865c4dac53030ca8e1a933a557,True
08f2893ae6c8b69e03d0e74954b6d180,True
08f2b890234ea3b1039dd1f0a05c7619,False
08f441e75a98392303de5429652f120c,True
08f26c862d350632037d86f8bbc8585a,True
08f29a0a90acc15b039713e1a30f5ddc,False
08f28d542c826971033b48110cdedb63,True
08f26c188d8718ce03186d609403eaaa,True
08f27b369aa72ac203c52252c08528e1,True
08f2830ad09b32e50358cf164d3b91c0,True
08f2a3044b6ceaa003b115d89d57c14f,True
08f446c970412a6603d81378e5a770bf,True
08f269dd14a180de03557663ebb03589,False
08f4450863054ca903b8e9e16e72be6c,True
08f283035a5517a803d519edc5e95aee,True
08f445c0090834d003d34dd2f09da3f7,True
08f26cb9166917b1035d0d2c912bee56,False
08f446cad3c35d6b03c70dc4b78a6192,False
08f28d57047004f303ce23d54504030d,True
08f2a846242a60f603ccb80fc5c37e77,False
08f2ad346409bc64034bbc482c561a1f,True
08f489c15b0c160a0305cbfdb757a418,True
08f274b5a468508c036f37c11128d079,True
08f2aa6c106c8261037d3194d13eb937,False
08f2a8e4cc0c11030321cc02c69c7bb8,True
08f27594c19a8ac903e585f684e3e4e9,False
08f28347ac20c56903854b5b9b276da2,True
08f27484ad1368a903759d3babb5ed58,True
08f2a1009aa2da32035b4a3f1ff12e9a,True
08f44c1a338ae7a003785ab5ce5ec149,True
08f2af6094183ce903f72bcc7627a31a,True
08f2a9670ac4690003aa6e462e376abb,True
08f269e120b865b10322fd7c142976f5,False
08f26d9331a2912303e6f6dee003f035,True
08f2a10681921a2403844334d678de93,True
08f28d5429d4569a03661780dc37bcc7,True
08f288423352004603ef5b0a89d6385c,True
08f283348222ecec0351640c0b4abe24,True
08f441a888193489034d2c3287f4eedc,True
08f275d0b5524c6603f99ed806bc0d18,True
08f2659a2388ccc6030f85be8ee7187d,True
08f2a16356c7552e031243312f99a487,True
08f2a8ba966e45ab03c0f6e2181f87a6,False
08f2a336510d3cad0301f1033e4736ba,True
08f2aac8cbd754d1037c3edc42f598b9,False
08f489d526acb866033f3ce68ef0173a,True
08f441a5ac75b04a03ae2f114951f31b,True
08f2a30466c8293503b5bf4b2535a206,True
08f29a56dc4a5d1603208f21309c7b1a,True
08f2833b71030103036f05f1f9d1afdc,True
08f2a9c5915140b403b351d3326446f5,True
08f29a42b04f362b033906064c2fd0ef,True
08f44a828b67117003907983dbf5651a,True
08f444b0288b4a6503946f40acc826db,True
08f2a100b2b8b3460342856dfec49792,True
08f266884b4ac928031ad5e9470a362c,True
08f2aacce82d6a6103845e2dbb3c7c54,True
08f2a896491b42f003539353ee455d76,True
08f26aa68b582a530302d75803178ea0,True
08f29a4560ba671903f417790e39b651,True
08f446c041453459034ce664dbae1479,True
08f44a1384c9098a0320c301d347d82e,False
08f262c49c930868032cac380cd20e52,True
08f2aa84d3b9211303e52b4edf620591,True
08f2a134cb46b25a039cb20f625b7cea,True
08f2759309ba9c710314b2731725bf3a,True
08f28f00f3d4b585032f78576978daf6,True
08f2a10a9446365e03da452ad2e58a68,False
08f268c6e512385903a6ecf107981036,False
08f2a1007630dc890338cfe2856bf4ef,True
08f266d2d3cd915d039b3bc66aa5eade,True
08f2aaaa598dc44503d88dfd1e1011a4,True
08f2b8910a02502e0362730ac17d92ff,True
08f2a8409b8e5aed03b8bf14219d63e7,True
08f29adc6279e64503effa7c637f9d85,True
08f44cc29ad588eb03c87215681e599e,True
08f2a1331b61cd2203e7a91a07c9ad54,False
08f2a100de56c71303650e27b2534c6d,True
08f441a9a9a21af00369d36678a0581e,True
08f2659a6cd851ab033dfc9758ba99aa,True
08f44f009c73212803cfa85f7b93f01a,True
08f29a18d67ad770039dad16a0f8eb0d,True
08f29a1d1acacad2034c3b88781d2493,True
08f48ebb586586680383520343e0bfa5,True
08f2664d9324dcf00389658a6257ebbb,True
08f26c88d5d6210c03319a6d7f304fc6,True
08f44a90e2768c460342e973337bbdce,True
08f28308c6b8ac1a03c9cf1f7a39a7b7,True
08f29a19b28d06000322a7b0198ff445,True
08f2681a3191b11203efb65a10ef1d15,True
08f2659a4e6f4173039b03538cc7a75a,True
08f2aaeae686ec910396f272c6b5f146,True
08f2832060ab2c89037b449f213e2c49,True
08f2aa87a469101a03279349961c5b72,True
08f269058e45a82d032607472594470c,True
08f44d983279db530333f0c5bfd9ba97,True
08f26cb9a506a141036534d3d2ee8e70,False
08f2aaa28e9a64b503f61ec435f1726b,True
08f26d38ce185c8e03a61ce0134d7cd2,True
08f44518c981050c03ab0e3e5acb3f99,True
08f29a0b5d5a3b8203591ad09ed8f8b4,True
08f48ee17088ec6903956b34bcafebe9,True
08f265e49e590c7403d24d2f41e9e2a0,True
08f26c18820aed1e03da1f809058626a,False
08f2a931a9d63118036d6d7b8b12453f,True
08f26636dcd95488032eae5b592ae498,True
08f44dc2051296ab03f3eaaeded531bb,True
08f464958688119b03539be7c82101fe,True
08f4455453d354c5032274fa4b957973,False
08f2a8aa5c44a36603e770fe47ec2375,True
08f2a105b643190e03cb66a56ca7ee15,True
08f299579ca1a34e0363b90162dcbbe6,True
08f2642b69548060033bf9d7e20b7998,False
08f2664c92ca4492030c41db168e5407,True
08f26752726d612203878c17fe19afdb,True
08f2a88d84742c35036197c48b6019d0,True
08f274d79c4486ea03b078110ef6dfb3,True
08f266212976b6e403ea688fb7006e67,True
08f274d79123027303081d5e8f8bb1b1,True
08f2748ccb722c4a03c782746f4d1e03,False
08f2baba667526dd034a617ff91939ab,True
08f2640c9e15e486031e0bf33abc3411,False
08f2a8b4d2d1e965030066ea0de4dd36,True
08f2a12291ade2240343bddfb9c54440,True
08f4452934195ce6031dce86a24e42db,True
08f2b8918c909242035d4aae72278e49,True
08f26ea944c9a418031f09bed0fa9f8a,True
08f26c864b70619e0304877c24c2cf11,True
08f2a14620b84a28035ed29022d2884e,False
08f2a100f36d09a1038a2857415918e4,True
08f26905ab401b6e03e697df66a36aea,True
08f2aa81137656f203bf4b662cb3a37f,True
08f2a8d858d206dc03f4ea2b12744a31,False
08f266d33371332d03678d25b20b599f,True
08f29a086aa4440b03bffc7b70572f72,False
08f44db4dac8a6ee0374092061617de6,True
08f2b890666b379503c9c3a07494124d,False
08f2a3603670cca303dd7ab459fb6232,True
08f28f08aa3b2305030a44b259cc12ac,False
08f26e53634191b403d8aa3573a7aaf5,True
08f2745d126b56e3030c1b88e8f8cf00,True
08f266886697152e0387303834501da4,True
08f48c6123a2e05b0307e8f9a4e5ebdc,False
08f29a19ae51c0b603b1ef4b6c3ef2f0,True
08f29a42b450342d03d0cb17879d986b,True
08f445545237442e0365804a9689f51d,True
08f2a100ee00e04a034133e5a32880e4,True
08f29aac89a5ca8603e3037ac2c12c9e,True
08f2aa845801c42803a5bb0e1e7d9501,True
08f44d5c52860d2b0357c82832253d02,True
08f274bd7501c96e03507df8a5edcb91,False
08f4450c93790a50032eb6b05d6701b3,True
08f441a8300ccab303216fa1dadd30db,True
08f446dc85b6622003382c5c52a5b606,True
08f2aac803b458db03038c2494cc3b78,True
08f44ddcce80654a03e14bc7fdede62b,True
08f274d6801a12eb03da40fcf6c0c5cc,True
08f265e90354dd41037f7b647a4c34dc,True
08f2a84ba1d11ba203fcfc44775fe21e,True
08f2b8cb4085291e03cb54689dde654b,True
08f276acc1c1b5810308764740dc52db,True
08f26d1506b4080103220b25d9934c0a,True
08f2a3619e44b76d0372721d1af28dde,True
08f2a107756f1b2003ea02197b5b07c1,False
08f26c18ec44896c032e2c399c237cc9,True
08f27468629b3da5037dcd004657c7cd,False
08f275934d963cde03b750ccbebe3969,True
08f2bab48116b49e03af2406621eb266,False
08f2a364892e28190300b133082fe8f0,True
08f446c23418535503cead3d3376f508,False
08f44f4c5301a073030d1c9183265cb3,True
08f44dd529cea69c03a1e1195560aae1,True
08f2a8b08b80d114037eaaa722f665c5,True
08f268c1805a958403983667b14ea60d,True
08f2a134ac30a72e03e81070c7225208,True
08f274350a22b60e03cf216341a98825,True
08f29a4748d0484003efd408d0883fb2,True
08f2a9052a9508a203eea7ca4a4ecef5,True
08f2773b01b4306c03ac2187cea7b94f,True
08f26c80d85a879d036756cb2335547b,True
08f2a80b4312993503c5a5d252aaf6b2,True
08f2aacc630ecac0035ba77f2f80998a,True
08f44c2759270301037b73276e496e3a,True
08f2a1008983593503a30959fdeade39,True
08f277151971c411034446f88b632ab7,True
08f2628895a6d59b03ffe2ac64a9694a,False
08f441a31e186b190340500efffcf787,True
08f274075085e8ad03074313ff1b43bc,True
08f4882345c642c6036dfe793a4b2452,False
08f44a106a24cda00326950051dd5bc6,True
08f262cda6385b89030b5a9153f8a31f,True
08f26ca0d55a61680327a670665934f8,True
08f2b8d15acd202003a3c3f857903dc8,True
08f44dba9e1b6368036679de822806e6,True
08f44c558826a85c03bf4872f69b8243,False
08f2834458840d6c03a828facd3ed5a9,False
08f29a1996ccb454031f3572a23f6f86,True
08f2a8b7a925548a03fd1d52576b1f46,True
08f2664c1e22904303a6ae9777af4520,True
08f2a300dd44a1b203a43a47654eeb98,True
08f2a14a1e398a0203ddbea697d39cdc,True
08f2a100dc37282603bd7a18aeb7d9ce,True
08f274201caa6ac30391c36cef2cdedc,True
08f2a3471c40511903670460d8df6c70,True
08f283474e1946b103f0883f5379ba9f,True
08f44d066a74c8ce03b4a32e8d0ff2fe,False
08f2a93086c8cd3403cf2b85aa45cce3,False
08f44c5b748ca4ca031ee9132b039f5d,True
08f2ab2d4c51dc250328857f672ff016,True
08f2af62f50f3d8b0384af78cf364359,True
08f2aa8cee21a6220340a5577bca06b7,True
08f2af008815a7a003a1ecc6940ac9f4,True
08f264dc60d0bda5037015258df22703,True
08f2a3310da46a1b0302b9a749d7b50a,False
08f2a100a251b98e035fbaccb32554a7,True
08f26e5b1bdb4cd30397682dc7173e29,True
08f262dd9ba70a08035cffb4a82a23e2,False
08f2664cce0986e4034293c714ba8610,False
08f275187369650803d67265590b5bd0,True
08f2a100cac0e4f1033abefc7d8474da,True
08f488e4d2aaa55b03e7b2705ec0440d,True
08f2ab66dd49d4e4035c877b074edbc3,True
08f2a307656db41d03d662a6a3bdec1b,True
08f2742286788b35035020f82203060b,False
08f28346d38482b103f638ebaaf6b55a,True
08f2a13452c41cb20322c1bf90b59ad1,True
08f262126b2c14a4039da863c5e8eec6,True
08f2752643d0c08d0359609c74147f9b,True
08f2a957b198e90d03c7ea503f466710,True
08f260e65ed2c5b1038d5b65accf173a,True
08f29ab98d4529b00391b3eb417e0675,True
08f26d151c89935a0396c4d8ba289198,False
08f2a134e1c9a12003fe1ba81663758f,True
08f29a146555d6a8039ee77e2f238819,False
08f2a8918361e1b203a524aaeee758d4,True
08f2832b304a006603b7dd16c55ec4db,True
08f2a938b265ad8003104a8a2cd8a5ca,True
08f2a1350180ccf303f8f3a350d82c1f,True
08f2a12ce55a3615034c5aaa4993a78b,False
08f44c2282cf0d93034d5bcf5d4f7592,False
08f2a1227391869c0340b42a0b2fb9d1,True
08f44e2060106c0e030c4916be4be110,True
08f48e8091db000b03ce1ff1098eded1,True
08f2a956ab9650f003ffc643da0eb3cf,True
08f2888a326a1a8603ba01e28f78f1db,False
08f2b8958288d81e0326f4fba9e69ae5,True
08f2a931994004f0039c70ef7f931106,True
08f26d3244204a1503a8f5dd82636c13,True
08f268cce69b5a240392a67d29d8c799,True
08f264daf3ad6db103860eb6dcde3bb7,False
08f44130a6d1b025032cd26ffe5fd71a,True
08f2a823a634215903f06acae2099f65,True
08f44e878b27176b0368bfbbbfd64f54,True
08f275cb2ac8c6600353ff1d0391fb1c,True
08f44d84e100d205035d6441bbac0d61,True
08f2b8919d1b2644034101406319da35,True
08f2aa1a018a955003a3f4581a59e165,False
08f2ab38f570c164032ffc2a7da8d396,True
08f2a13425c1d37603068880ce14412b,True
08f2a137b5582d2c03304974f369e3ae,True
08f2b8a2e391120603fa9eb18590ff86,False
08f27418eb6363000337e6f8cbc3c901,True
08f44cc51633025303a136b23b4316eb,True
08f2aa84e00cd0c1033d600743359c77,True
08f44caa682d06dd03e70eeb45424cd2,True
08f2a14aa19129b4037156bf784c46cc,True
08f5d168603594d5032463a6511a01e8,True
08f441a85bb2429903e75227f8f61870,True
08f2a30661cb3d99033bcc357a58e6b5,True
08f274c8826156ec0346fcbc6ef95b20,False
08f2a344d3122bb103064917955b6961,True
08f446ca983618a403a315b827d73850,True
08f2a13c1bdb375603e01ce745549a67,False
08f28d60c3b2c598035c09eeeb033c9f,True
08f2aacd0a4e89a403bb57333dbd6a83,True
08f2ad667627295203aa9e3d9375bee7,True
08f26cd73642ca6d037b64fecc622c8c,True
08f276a4190c448003b89e10b0b8bf0c,True
08f29a089a180cd6031e0d89a240914a,True
08f44ca054d03a4a0388cff2efbfe9b3,True
08f12db39396954003349b18c417b8b9,True
08f29a189342d31403030854dbdbbc96,True
08f44e835ad8dba803e7f26b55557a98,True
08f44cbd0c64459c0375b0b84c5ee799,True
08f2aaa84636d40303c03a120f5005e4,True
08f2ad4d2a30583203b5846e1271d213,True
08f2a94d32c5138103e6969e0bacdebe,False
08f2aa8cf6caa6a0036ea852de5da269,True
08f29b6d483656e903731964d5009641,False
08f274075586979203182fa7de19def0,True
08f44c106d3629950357945c9c27d3c4,False
08f2a106b3bb015103fa4937f80d505f,False
08f44d8ac5a180c4036bbce973501d62,True
08f2aac844232344036614c0fe59892f,True
08f2a136b484ec200357c6ef533f2403,True
08f2668b4616516403440028c96a822b,True
08f2b1ab6dd6e41e036aaffdff79f919,True
08f2a33d10b34d8a035e19b46e7fa75e,True
08f44e89b6528c9d03fc4baa0b058e8d,True
08f44a182e0d0184035db2a8128c7e82,True
08f2a134a4ab3c0b03b1aa1091248108,True
08f44a180cc23cd90322c6a4fca5bb5e,True
08f28341a04a217203f5811dfdceafba,True
08f44ec350402cc2036a2ad79a2e3f9a,True
08f2aa6035868a13032638671646ea3a,True
08f274116686ac11034b480e27ee89ad,True
08f44a9ba69b401103a024d9d6467830,False
08f44cada0b8e07503b61181138223ea,True
08f268cd8da1d32b03487acb42549b5e,True
08f2aac96c2db4d0037332443dce16e6,True
08f29a19aab95ad303d960c8bf595f88,True
08f44ea4b309ea9803d082e4b9e14dce,True
08f274108b03014203df29e0229dab0e,False
08f298ad5c1904d303d8eb44615cb123,True
08f264d00e58ec9c03066bf2205627f2,False
08f2741164b49a5d03d07b490c747044,True
08f44ccd9a156775034b374d6d8cfd41,True
08f269d8cd34e8e303a6861b23cf6202,False
08f28308c5c1359803c784f80ec0f24f,True
08f29a1d45330c5a035de06d3dcd4d52,True
08f265e4a679505b033a61198d1148c3,True
08f27434241361a903e56ddb51652d4c,True
08f26555640301b103b88592268a674c,True
08f2aabcd3d0218003a9d175e5d1643a,True
08f446c1763a845b032f80ded1ab6217,True
08f2a93110ac917203de391620bac8eb,True
08f26ee2d116392903638f3a4cf33ab4,True
08f274ed43a08733036abaf750e123f6,True
08f2a8ea15b9c39303303d77415136f9,True
08f441a8e99650560361a302c9cb2211,True
08f445532cb5e505038680afa1ae409b,True
08f2b1a4304486dc030a66d9a2f5ea72,True
08f464b9004521a30377ea5b7191b0fc,True
08f44e1435373da803b67fdbbd2153d1,True
08f29a5493d4439e038b485c92864d79,True
08f29a19a372a75203ec0f732726579c,True
08f44e15019b0a26034b5cf39cf9e734,True
08f2aab95e1ab15c039a53af98e030fe,True
08f2b8e6a104c82d03642c26879a2511,True
08f44d848642280303d4a0ed5c799438,False
08f274e03119a8d803375c7befde2dae,True
08f48c24904d9d80037719551a094a45,True
08f28b1c7040eca303172b066b930cfb,False
08f2a120ebce976203412574ba5bca0c,True
08f26c8609b996800348281da8edc6c4,True
08f44f056121e62a03f56c57e462fb54,True
08f28d5428cd954e0338fdd58d90561a,True
08f2661b1ac8410103a13844ff053c03,False
08f29a0b5a4a1cc003c6a79ad402bf59,True
08f28321759b398803717b7d9def0ab7,True
08f44cab4e03141003a08d513e50ebba,True
08f26c9373b6c0440383f05b3e7f15cf,True
08f2a1345988919d0344874dbbd9ba5e,False
08f2aac6e60e94190359359640491615,True
08f2886ce44d9c250383d2d9dfaef9ba,False
08f44dd4d125146c032d6ebce8467477,True
08f2b1a2914899a0034c4a08a3ac470b,True
08f48b2a4ea356f003e295c094e39b66,True
08f29a86adc20ca503523c3df5f5eb54,False
08f26580d692020d035face72c80f1dc,True
08f44cc515c5283603c8a82b24bf7646,True
08f2664d89521d9b037a4b610f5aa72e,True
08f2a1272865b2ad030393d2e263965c,True
08f2ad26a856570603d90377ab9f4e85,False
08f2986a36788adc030b7c437bb85ee9,True
08f266186e4988d503292dbbd41de2b3,True
08f44db4d2c2988b0317999c5a4ff836,True
08f44da2e2d4007103796837837b37bf,False
08f44d8b24af520e0317eed934fcaaac,False
08f29a5796d0299e034ad2aad9e486f8,True
08f264d125a0529103c5aaee31a4d2db,True
08f28342986723830336b65b716957a4,True
08f2a1272ba6e6c303643130cd8516e3,True
08f44e18cc90441803b6281aed3669a8,True
08f48d8464b2b903035f021be93c409d,False
08f44e8a6bd010120349ff58fc5efbed,True
08f44da0ed8ccca6038bdb8dc743a7cd,True
08f44d066012223403cc06e2fea6fefb,True
08f0c74d4e76ba1c0398ee2b81d99881,True
08f28d542ca0e49503b03c755b2478e6,True
08f441319d5556f603f87aad92fc578a,True
08f2669b8ec2b336039a91fa60c99a7c,True
08f44c872649a2720336927327bbf107,True
08f274b4418a859d0326bf6133afdbc7,True
08f44ed29315299403980e038961210f,True
08f275cb33673581030b543aa665e41f,True
08f2a8c4d39b32c303f48a7acbaaea5d,False
08f2ab2d82bb295e031c0e74eeede8ae,False
08f29aeb2c04a6250395c5679820452a,True
08f44dd48eca9d95039aede80a193597,False
08f266212950a673035b2c8eb22f3d52,True
08f44526614a0b9b03565689a41d55f5,True
08f28347107b1a5b03898c2dd5527333,True
08f44e8cc908631a031c4515674b2704,True
08f48c612a2e4830037070942d3acffb,True
08f28f58f539db8803a6fbfd8b913bcd,True
08f44de9459732940396cfd216298bb5,False
08f446caf4a34cf60390c2d512fceff5,True
08f44a1174d1c124031f44ee027b08d4,True
08f44ec6b0d29318033d94d108e98595,True
08f44da49699cba603e0e791f2efbaf4,True
08f2663726ba2226037fb313b0f05849,False
08f2b8994b4631ae033a8f7f21e6b7b3,True
08f44e42a57443850332b160c172bd16,True
08f27592cb8a4a280344e740b620c475,True
08f2b1a2a9cac29203c66e32c92ff7e8,True
08f2685b6d2c40f1035c9c17ebe7c40b,True
08f444caac6d4822035ee4516f3dab07,True
08f44407298305a003d850eb20189a25,True
08f44eeb6bd5c58b03fbe3f3f848dbd6,True
08f2aaa86ad26525032d8ba5170f3da6,True
08f44ed74ed6ec1b033b6bebb315de2c,True
08f2659ac52b18a203d57f1c11a67ec9,True
08f2832b0516d8d00328df5183e622bd,True
08f2a1065b81504903eafee7a32813de,True
08f2a306249917a3037b86be8a8449c4,True
08f28d156d6a0ac8030c66c5f5026508,True
08f281c3484dd72503c942220206c60d,True
08f2b9b36dccab29034d62ad5a2dba2f,True
08f2ab31ad9098c00350623fdcc1f6e6,True
08f44dd42dc12b90037d20cb9435f19b,True
08f28d54da86668e037b7e013d5c8365,False
08f2a138855368160334d4c54ad0f9ae,False
08f2a1378649cb0b03d75df1b6c1ff0b,True
08f283445937269803b7f0fe626bd986,False
08f2a30c4673036e03665822befc4416,True
08f29a1d2076a39203dfd298b699baa6,True
08f29a199daabc81038e194f889e7803,True
08f26c845992bb5a03aee9c68cfe4c1c,False
08f2a10baa35338903752d0a4e9bc468,True
08f26c844a18ea23039e673a96dcb2be,True
08f26c8c8d36363503eadc35ea7b5d77,True
08f275e56b10e6d40300580fadc27d22,True
08f44a138d61969d03cd7583c1283ed0,True
08f29124c9b26b93038448a23359f1bf,True
08f26c87abca168603b4e2d15404274a,True
08f2ad26a81163320360f654fe92e1e0,True
08f441ac4d01d76c0390bc7137b0f34a,False
08f28f42c1b4db0303652e1bb1ff46fe,False
08f441a73285421603b69857cfaf82df,True
08f2806b944d8cad0331ac22895e4d6f,True
08f280685c61ec5903053700d71a6e43,True
08f275d98c65a1b1034c111d964b09d8,False
08f264620c01ac2003ecf0ddcf8cc311,True
08f281c348655a3603e51d331b25281d,True
08f485b1b68f5784035835e6bc9e8546,True
08f4450cca8c688003e3a7e8d000f641,True
08f2ad412ccde6c403339307c2314b18,True
08f2a101255b646d03299b2de01250a0,True
08f446cb9b13631103a61e01fe4b060a,True
08f2a30c7499578c0311075ef3ba33c9,True
08f44a1bb0892ca803fefe139c9de12f,True
08f2688c9c01adac033bf58e36835549,False
08f262e28c87313503ae4529c9811f16,True
08f2a932dc9738c1031bf0e1bda81979,True
08f26486ebb6e8620337e165f29b8f84,True
08f445c0c5a1197003518bc4651a78dd,True
08f264a84105b663035b3fedc120a1e5,True
08f44e554c71e3340398cae2f4547f36,True
08f44f045418045d0387f37290811e80,True
08f44a1a8eb4985303d265d917bdd5e8,True
08f28300569804ca034bd1af52b00948,True
08f28d4ad1165c1603754b2f503869ee,True
08f48de44404015a030fbc69c1998798,True
08f44eb6a876615d03149a9ffcf3d74b,True
08f2aac59dc70644034b91e0fdf479b8,True
08f265b186db4a8003b211208a46fed5,True
08f281b4b629b02e036dbd5229b87820,True
08f446ca19b6c8360327e0626e77263c,False
08f275922c4ab736030fcdcd22af366f,True
08f489c171cf5d0d03dafb592700868e,True
08f2806244a2b63403420ac4f6e3fbc0,True
08f2664cad30cd32030b0fbf062e8ee9,True
08f268cdad78eb3503e1edf7a3811ee6,True
08f2748ce861d55803a610ccbbb3bc55,True
08f2ad31994f581003827b606888a212,True
08f44f635a93345203ce9a8624ed508a,True
08f2b8a986ca8064036e8e5f381850d9,True
08f2832b02c20224031ec8215a5d4fc4,True
08f29a1d5d59328203ad7bd8a1f7da39,True
08f265b4e6c716ee034789d6066c7baa,True
08f260d94eb5e24103409ef14592508a,True
08f2a162d590bc93036a266d72db8d4c,True
08f2748cc124045d0347716d6aebfe61,False
08f26caa6c0e12a1035afb141c8c1d62,True
08f281a271c7496c03afb50c2c31b169,True
08f27592c872c2f103fc2b58fa261c4e,False
08f268cd90c8acce03683c8205d5342d,True
08f26c86d05064000334bc769d406816,True
08f2a10116895d1d033644bb8efe8121,True
08f489aa29d94a250352e0af16038d73,True
08f2a13912b10769030f04680649f54f,True
08f2b8a2ed60635e038d17dd50940435,True
08f2aac4820ec6c903d7efc2ab81aeca,True
08f274d2608ea8d903386a7ba1b13d4b,True
08f26c51596a825103cc4424fb0bab06,True
08f29ab98d7181120354f86502f5c1a6,False
08f26c861adaac3003af51acba8d1e73,True
08f2813345b84b5203f662cc707629f3,True
08f0c733883b52ed03b03ba69834870e,True
08f265b4d08ae572035696647102c966,True
08f2b8b1b2cf541b033dfee724aa1fcd,True
08f2b89d409aa20303ba1bbf31597dd8,False
08f26557ad188a0403c4449507074c1e,True
08f44a132815373603f19b6657f03be8,False
08f283009a04d36a03200214f7b0f6d3,True
08f26c877396156003a03822cc930258,True
08f29a1d6c14026503be869bdc2c3670,True
08f29a099ba1985503cf52c1b10d9e17,True
08f2a101a521c82d038178f5ed3e4d0c,False
08f2aa8d14368d000366e77ce13f6bd7,True
08f26ed16e76aa5b038f14892536b160,True
08f2a9045e544649032dd36d5dad4abf,False
08f29a56582ae483037a234caabd998c,True
08f28f014e6b2a9a03336845c0a98417,True
08f441e6cb0c1262030dc8f193f9f4a3,True
08f265b48c6ea6d803c7d68182ab94f8,True
08f44a9a9e6164d5034b0eb5a448fad3,True
08f444bc186762810375f8fff0275723,True
08f489c1a2aa53ae03fb24c82cd62859,False
08f485ba66b93b50037458ac3fc33336,True
08f444b475b61869037b7070ee777889,True
08f48e96cd3abd82036474f5864cef52,True
08f28d5408ba64a8037c8e0fedd45289,True
08f445053084160403fe1b61acdbb930,True
08f28f00d812a1060315f710dad9f479,True
08f2888a71cdc41303f2b7ccddd07e4c,True
08f44d85000920990329fd48af3494d6,True
08f2aaca1d15b01803af3d7f3c350521,True
08f26c18ac69a76d0320e472283fa5bb,True
08f2a9313030b96e03df84159d2aa34a,True
08f274d0cab24944035e2ed57b6731c3,True
08f29a402440dd1903d4ff7e7c5f6776,False
08f2a10a263557aa035d8858e97eaf9c,True
08f275381b52438a03695860f396d079,True
08f44a93686052b50387a01e8b60fb1b,True
08f29a86427018de0329419dec0a9c8d,True
08f446d583a6dd9e0377cd4ecb622467,True
08f2ab2c3262eaa0038973d58172f820,True
08f44daa6d62550e0318f7f1c135600d,False
08f28123891420150331510f8db3ff9d,True
08f26cbc292810610303f89c3a070739,True
08f274864e520c4103e611695fb5dcc2,True
08f2a12233ca622c03b6ff9d05ed9d2a,True
08f2a100a2c919110359c72481d422a2,True
08f44da0e5a35d1c03f77e4e0e28eee1,False
08f44f42727b151b03ae1c8f3e3847c9,False
08f2a10118828c920352dcc44665a39b,False
08f26152ae4e6d5a03ac58c01093fa87,True
08f44a102c15ea9b03ef7b1f90f89315,True
08f264d9521a3584034b9804c32f2063,True
08f2a307469246a80307a3da7e68ff62,False
08f489c0907b472c03e4fb9b01fc152e,True
08f2a93cf1b2189b032363043f654f98,True
08f26c866b8b0d6e035eba6cd4248d06,True
08f2664cf3081d5b035a531ea4fa0dd1,False
08f48d894eab411e03eaad1173748485,True
08f268cd3022d10003350e69f52ae943,True
08f2818d3380238803798fbba833f339,True
08f26611498a8ac303971b74c97463b5,True
08f281eb8c6e552203cef20fa98655aa,True
08f288a031770d1003f12a2a1dfc9f8e,True
08f29a0b5e36da9903317f7b58c8a9b5,True
08f44c5b748c34d8035beccfb84a8490,False
08f44a11725b3506030ec8301e48fee3,True
08f29a561208eb6003fad81e5215b86c,True
08f26cbda024d00903b678c96da5761f,True
08f29a569a2b4d6103cd71a1f59b4c19,True
08f2a8b4c25012550374f1c345937cc5,True
08f275934d94d0160307b5ad4a508bb1,True
08f444dae300d8e803adcb883a790aaf,True
08f275b7ab843aeb03dd660d36bb0f4d,True
08f268815648611203a232fa4710b589,True
08f265d78dd08409036c41dbc48eba9e,False
08f2a8c14b52b28503ce74896dc4d631,True
08f2b8da4c86c6c1032b4786938b26e8,True
08f29a0b5b4a978203d20beb95a197d2,True
08f48c0aed1444a003a3e9fda3032ace,True
08f28d50a6600c49030d301cde6c6d67,True
08f44dab2161987603d9fd37536e03c4,True
08f26c872d044c8603611a9d32832af8,True
08f26963b5a6ed7303b9afd11a5eb44a,False
08f275936bc01201031d81eaab0d701c,True
08f44424ecae8d21038d474d7b0f5c28,True
08f26caa4b24355b03a554c3de882210,True
08f2832865d345a2032494dc7abe4fa3,True
08f265c343062c89037d5d322c76c784,True
08f29a109291a22203ed0bdb701120bc,True
08f29a0c84da915e0319bb02f58dd760,True
08f2aa18a801edaa033f1cd43e866355,True
08f44d872c69235303fa60eacbcbbd72,False
08f26628daaa407003ea92bc6480f91b,True
08f2663cc2719a0403a23bbe812f263b,True
08f2a9319820d33403cd252cb8868fa7,True
08f2aaab513b6b3403e8103f2020039b,True
08f2751870b32b900391dc0a96bc06b8,False
08f2ab381b2add93036a7c151101fff0,False
08f2664020704ad903d3dc57002e1491,False
08f291a6d1a532960323a55ae1ba2838,True
08f28d56889ab32c0392c2714c3b2b10,True
08f283082a38b02e03f61b240b59e5b8,True
08f29a4720505a2603ba8536e42e6915,True
08f26c86ead81d920355f2418ea4bab7,True
08f26c864946615103983379ecedfce2,True
08f260e20e28e355036a6d3bdb0c80d6,True
08f26cb9b1d98b00031c78a13c5bd6c4,True
08f44f04094ae0710387ac6a52b480da,True
08f2a33076945d9903d177270b372474,True
08f2a10c5bd6092203c8d0525edfe8bf,True
08f266d4a17a676303af0ed12d01640c,True
08f2a9e944c24248039cccca05b5765c,True
08f2986bb614d8c3037210818476f23d,True
08f2aacc08a5114003ce9e2fd1657d3f,True
08f298901d31ac9c03ef9081455efdc6,True
08f289034cb0975003bbb653b81c0d5e,True
08f26628d171c94d0358df42f2109f4c,True
08f2629cdc0581a303b886893cfa79ed,True
08f2ab320a85e12203cd386804c83cd7,True
08f48eba418e4b8003e037f80352adbf,False
08f29acb7491b22c03961762ac2cde06,True
08f444e514331383031693ab8439e671,True
08f2a9304d91124a0306716c9c2cd1ad,True
08f28f0b26d1c61003d0233cb062ad85,True
08f2a132f47b12a503c4c2b34b602729,True
08f28328cdb6ca6c033e3a216e0b5027,True
08f2696069a71340035ef05f5d5e86b8,True
08f27526ee8641330362955e123c3b2d,True
08f2a8b209300a7603fb0d4968cac5c1,False
08f44cc2b2860ae103ffd902b843e7c9,True
08f44a972a198cd203f490dbeed0f60c,True
08f2986b8415e684035200b08de3ba63,True
08f260e760cdd70b034989ad3ce70c85,False
08f44ccd946068d803169fdd034b2789,True
08f2a96cce0747340359fd303e50e6fb,True
08f29a0306924b4003dd48de9347ab23,True
08f2a13d263614d0031e501729743b07,True
08f2ab251166172503fd7ee6925ae721,True
08f2aa8c5046e11d03fad12469dffd09,True
08f2885ca4d1585a0386f081c66471b7,True
08f2649acc050b2b03e9e5bbdd7d0007,True
08f29aeb76c405ad038a538107322466,True
08f2749aa30b015a03e91fbd36bca8f5,False
08f2681a306d04c303d3b2acfcc20201,True
08f2a1379ba58163030273ba830fd326,True
08f268cda8bb30a503ad8a37f8205e85,True
08f444b02eb5018803b9a7b920fe5198,True
08f2b8ab65159d0c0314f7c06786a2b4,True
08f48e96eba12ad803ada08c43834f2f,False
08f26c860395a59a03ddcbf0ee7b587f,True
08f26c937305549d03c942a51ae56607,True
08f44d92f111002b0375aaf772ecf120,True
08f27418ce226aa30315ab55cb098c7a,False
08f2a33d8a51d4760329317cd74b00e2,True
08f44131b6312c06031fcb474ebcad98,True
08f446eab014842603ba04101e1de95d,True
08f26880202612c903ec78fe9bc42e84,True
08f44131b0c7674e03a263e470161737,True
08f2832ab4703752037ff18aada0852a,True
08f2832ab25a908803b70bdcac2e41e5,True
08f29a549c034bad03dad6c25733245d,True
08f2aabcd40cec1b031d13765ab2d625,False
08f2696ab2804b1a03a53b5d27e7a643,True
08f2a100d664e74e0305c494696f559e,True
08f44f0470c612e603cc33e1fbba7cd9,True
08f44e294cd3364c0382b2f6512c404f,True
08f4442c800144690333021202c6d802,True
08f2a933516086d103912b89e1e1e142,True
08f2aa845e0e857203d02770523dd976,True
08f2aa845eb8520103a7f17fd1fc691f,False
08f2685b6829909a03cdb18629317ff3,True
08f441a015204613037c4a352f246e3c,True
08f2832a1e81ea4103846f688f07c327,True
08f2661b320f6d8503c57dde636e9fbd,True
08f44a18533412ad030093a67a54e92f,True
08f2a9067320d574034c152a11675fe3,True
08f266468e7319360333752c0dcdaccd,True
08f29ab9a5ac408803e94c6fb948f922,True
08f2a1343622948c032a2ac018ae4540,False
08f2a95d5e9131ac037ec64d69e580e9,True
08f2a1225e49c46e0373a4acca5798d4,False
08f2a100d848849b03dc076f70e194f6,True
08f441a1848d5d61039d878ea7d28279,True
08f29124cd594344034be6aef8b0e98a,False
08f44cc01b054c4a038793500f8bc7cd,True
08f2ab576264830a032d0872e7b319c3,True
08f2a1031088c260036e070a7c0c185b,True
08f2642aea18545a0344077d4257cb23,False
08f26cb90da0665c0360ab1873e8ad44,True
08f2aad73171bda103948520c7221852,True
08f2a8bb4d12250603ae8b39cc524544,False
08f298614d9728cd037aff5c9ccd2a44,True
08f48c6046453a40037e059c8afa9524,True
08f44a9bb36936c803f1d2ffd0f375c0,True
08f26aacdad61c2103b1bf12800193ed,True
08f2986b817ac27303523fe3a035cda4,False
08f2a134ac6e64010336d357a1666e41,True
08f26ee2d3aadd03031c7d85e6451e84,True
08f27ad692142b2603c11f016f0c96bf,True
08f28308136f64ac0317e8ab4b16bfa9,True
08f26e06e650d12603d4be3a45233c92,False
08f26d1500021a4b035bd58bab350f3f,True
08f44e3b463ab47203ecad0e6f9c6509,False
08f269a06e373b1403c043daba589de9,False
08f2a8471252cd0303c43a489fdc5c67,False
08f27aa8b46ae2800360ca1c4068f8a5,True
08f2a94d0609b76b033c3fa52be5f414,True
08f2ad6d348d4d01039afdb22d65bfc3,True
08f266b3083616c0032e0c5dd457123d,True
08f2a896edc6840a031a569aa43dacdf,True
08f29b6d1185415103e6ad64ad588b21,True
08f44e83409657a803edb162a25c7cf8,False
08f262a49e10909e03b27a38bc08195b,False
08f26ca31058e95803d236e5410e05f2,True
08f266cc58b7520803a8dc01137ba924,True
08f2a12c5c2685620330ec0bc83aa89f,True
08f2830cac09ac8b03e8a154b592304d,True
08f44d95b3640aa8033faf25217642d8,False
08f44a98cb38c20c0366ca63b6b6b4ab,True
08f29a115652b309032d863034a15015,True
08f2a134b13a388503523295c09e4f87,False
08f28d54294e870c032e1e1fb41d7699,True
08f2aaab323a5618032cde18a156c235,True
08f2af60ce3aa919033854a83736a8ea,False
08f44a1ab24e66b1036d663420d893f1,True
08f28308ac12b41303d76ae6787b7eac,True
08f28342994800d503a70bdf75cffb5f,False
08f446ea80394ca50378f95bd3f64e47,False
08f274d2a010ca2803befc12db6293d3,True
08f29ab816c85d6203c45bc18203252a,True
08f262cac8b6eb1e0391227e7055806f,True
08f29a1d2e4258db03b7c4087eb8f2a9,True
08f29a0ad83a45000398509958c5d4c9,True
08f29aaa13345a8003607e17bb1d38c1,False
08f268eb62243c6a03c7ef9d93ed2b85,True
08f2a134d69690530329b175a05be177,True
08f2986b9500151403000839843a0fef,True
08f44f04419689b50379f684a73cbd89,True
08f29aeb703ac80b036339d82bdc720a,True
08f2749976276acc03c3065206ea763b,True
08f29a1d43c34b1403c7f3cbe1b79724,True
08f2a3622d2b215a03ab867ca45a9e40,True
08f2aa5c5490532603b44faab961f82f,False
08f29a0ad6d88250031ea9993d550679,True
08f2aae935cb1980034584b589b0861f,False
08f4453aa190452b03dd36e88a6b1402,True
08f2ab2461c1e751037cc9d0845085e8,True
08f275934404eb910365e564a0026c27,True
08f279e4a851308b030373f134af2819,True
08f464b96a86c99c032b8ec0ff042dc1,True
08f29a5609a2d50c03f238a16f89f5bf,True
08f2832080b08553034a8b2bceacc660,True
08f283465bc9c4d303340fe0019a3cae,True
08f2830814ad42ee03d56c90b5ce3320,True
08f44dbc5c40c48203d0ccba3322378d,True
08f48d621139b8b30344b8490175a2ac,True
08f2ab3ae16e0acd03075dc7ffca4cc4,True
08f26c2a5180aa4e03efc410874d176d,True
08f446b6daa5269e03a29a7269b6e0e8,True
08f266a1a4a95cc1031097c35f6287eb,False
08f441a85879219a034604d4d0f2ec10,True
08f268cc0074344503d0aa2af21c6330,True
08f441e5998dc6cb0379e10e1d38c140,True
08f2a8b9b094a09e03344ca7315de7a5,False
08f2a33a12c699a20308ba2b3afe4dcb,True
08f2a90acd70b98103a4d3168cdbbe9d,True
08f268cd962eccda034ade79a0e06fbd,True
08f29a18944d060d037a7692fdf019d1,False
08f44d84aa9458da03f8e5d2233a32ec,True
08f44e50e584e983036dbff23cb8e7a1,True
08f28346e6844c1e033c32a6381c3b7a,True
08f2aa80214d98ae03e4bdcff9f59a06,True
08f44a1042c4265103395c78b6f14a06,True
08f48c63abb16976030d9378024abeac,True
08f28347066d80510304a081c4878c32,False
08f26560e9c2b72e03d540c3119c8f74,True
08f28f00069ad8ce038df97733303071,True
08f44ae8ecc906430352b65d9d0f69ec,True
08f2659b598ec82503a358affd0ee02e,True
08f2a1072c053ca40364dc5ba6cedebf,False
08f2aa845e51eb1003df6e05ae7e7cb3,True
08f283092042881003be8d405c46e147,True
08f2a1625595a1a103765fb2a9413510,True
08f446ca9eb6434003b78845a6e897d7,True
08f29a18865b30d10320b73e1c66ed26,True
08f2a13c0d98452a0301d98e553a57c1,True
08f29ab9162584a603f2148359a22d5d,True
08f2986b8638c5ad03f3c2fa01ca7449,False
08f44f6a4152307003b1fa3d6ced07c6,True
08f2a3054ea4bc2c0308234bfb2adf95,False
08f2a134f65a3d6503335ec3e66b7c7b,True
08f44f0135c6ca910323a93e87d48c3e,False
08f4416ab008d42403cb719b2537d69d,True
08f441a850a2812a034bbe1637abd9ac,True
08f2a12a5c89a128036207c2387f7b2e,False
08f446c36b41bd6203cc9f178f0d3d11,True
08f2668d1061566103cc69146e0a81f3,True
08f265330356069a0319ab4542edf2a4,True
08f4413c53b8250d0315d1f66642b344,True
08f44c184d91ad0103b3fb03decd4107,True
08f2626c63ad18d4030631d59de6d700,True
08f489cc500a26ed03576d19610130bd,False
08f2660ccc7ab24003770ff2c38db1dd,True
08f44a18c3bb287403a937834df2c9b9,True
08f2a9561889acd8030953956fc37c9e,True
08f2aa84454e658c03d849d6aea7bbed,True
08f2a10ce804aa0203eb20672cea679a,True
08f275931a56466503f71e0f71a17c67,False
08f26625896dd48803d28ca06b3e6b9c,False
08f2aac6cb74164c0364d835153f37ee,True
08f44a90c4996709037660bb62128891,True
08f26cb9356e929003ff405ce10875f8,True
08f2a931a99960cc03ffbcec02716244,True
08f27526f210424403242c1306934904,True
08f283095ad6a2a40364716f13c09897,False
08f26cbd5459cc65034f42e1f81691b3,False
08f48d62154eed58032ccc1c6c6ecfea,True
08f4468143b34d0d03cca189ab50c32b,True
08f2755d1328a4a30374af000ace9d6a,True
08f2a9568364ca9603e2280405c72ee2,True
08f265639ed4ecc203c78a1d55653ce5,True
08f48e854e9984a303ba491dc7a9a406,True
08f48d872688856403d35c3b4f9a493a,True
08f2a8039e2ccd200356fecba608154c,True
08f2a9978d06b9a103ff88558b0016c9,True
08f44130ce4a468a0399f3239edd134f,True
08f44c1add71683403b720b3815081ed,True
08f260e254c5e85603dbfdcb1f570bc3,True
08f271aba1066446032580197306583b,True
08f2b8aa6e764b8503127ebffee1d111,True
08f44a90ec41e20e03ccbb738c4e154f,True
08f26e8590a60c710302725ba8e04ca2,True
08f283082b4e973303b3d053ffa06452,True
08f2a95650c7346803177de6c9e040e7,True
08f28f0032c8d0a0034dd4f024e579e9,True
08f29b69b0564b5c03c672daba5312ac,True
08f271aba106074a03679475b20b3aad,True
08f268cd5441b2f303f23cabe18ebb22,True
08f2a142edcb361d03304bf6c0212950,True
08f2a3499dcf213203eeb54cb01f400e,False
08f2986b81aec58d0379f3a0000bdf66,True
08f44a117586635003aa46a412df5057,True
08f44a902c08833303e1d1aec2a49932,True
08f2664cf445e4e6036379bc1e058890,False
08f2986ba18916030325bde6bff693ed,True
08f2a3311c4f494803b51a83695841d2,False
08f2a336f49221ae037a3caa4b935339,True
08f441a52d76390e03629285c7e1b55f,True
08f265bb0e39640403a4b59214d188bf,False
08f29a198e7708ed035fa8584e46d303,False
08f2ad48d3d365a203a304cf2fe50a97,True
08f2a9cae10d8631033239f17b438587,True
08f29957614b096903f5edb704fa1170,False
08f29ac09c0d4258037fefd0fadd71ef,False
08f2ad62829408f6030a98ecec61f84c,True
08f464b96a940658038a8283bed18da5,False
08f44cd5a3a1d35903c903d56f6e07b5,True
08f2ad022cc88273032a8e4ee85409ad,True
08f445622a92924903420c1b527240c9,True
08f2aa8c1126bb920308290be9c43fb7,True
08f2a903a1a35aa503ec5d58c06e3a02,True
08f2ab5742801ace0398825df2680b7c,True
08f260e246dac85903e6fbb30f74e215,True
08f2a307548613b4036853cc685de7ef,True
08f445c071473d7403f6349aeb5b378d,True
08f4880d8e9367210320b072a5a7d3ff,True
08f44d5ce060395903a3c4e542d378f8,True
08f2a33a823b179403bef86d412efa71,True
08f2ab2c04b5c1560378b6e07fee00a3,True
08f264e689605c26039fb3734789de00,False
08f27592411a0c30032e71d776971194,True
08f28f0a815b6b10037fb39a517e6a35,True
08f44554529961a503a33f1b232cad5b,False
08f2ad0273072d1403392e9ae656320e,True
08f2ab3a8ea55b0303a711bd6119385b,True
08f46482ab0dda1a03f3f0e9d978aee4,True
08f26c935eda211c03b5fe6cb889ff55,True
08f27592716584110346fdb583dc8498,True
08f26c82b444abad03b61053ffc9f114,False
08f26e8070c2d6a9033d1fa93bda0a8f,False
08f28f01800adc1003a03707f48a758b,False
08f26e5bacac063503417b44890234e0,True
08f260d80d95cc5503f7d0ae453496b3,True
08f27484d6329c0003daaa2e8ba33984,True
08f29a579382edab03dc751a8349b50c,True
08f29a1c6515c16203d7bf0fbc627d38,True
08f274d16044e69c035cd64981f91a5a,True
08f2ad0353ca06880370b5fc2a0147a5,True
08f283082b98622003c695d5d14f1197,True
08f0c42c0e2c675403cf1143f768e255,False
08f275d018660c200372cc60bc003adb,False
08f2a307840b159d033f9f14ca8243f2,True
08f44a100eb482e1037499e5649a8ed2,False
08f262cd1c7918ed03f9eb5cc393a49d,True
08f441ad5dab099b030b26a8f1efd238,True
08f2a136a515110e03ec86d4e1bb4c9a,False
08f2a8b09c5ad78b03ee40d1c2319ba2,True
08f44f39b4181081039cf25844b36c64,True
08f27526db44a6e3037851245b058694,True
08f2ad394b134370030357f8d3d100ae,True
08f44dab22c303110304a8a9a5e3dc43,True
08f446c2564664c003e2b89821e91a96,True
08f2a847169762a403778bbcab51c974,False
08f26640dd1136180334232b36ba4b0d,True
08f26c864b8a924a03383d3f222a12e3,True
08f2b8a2d6762b24038acdceb781ef0d,False
08f266ed1ab0b58b0382a3b324d4cfb4,True
08f2a306d9983b9303bcca7ec4cb403b,True
08f2aac642b95c740367ab2fc4ae3a51,True
08f2a1072c3a56d403ca1d35eaed6d4d,True
08f2a1548d229c23034fe1ff3b99a566,True
08f269e144810a6c03bceaa15a7be2c9,True
08f264c935c9ccc00368b9cfb10a4491,True
08f26c805d3820c203d5dcb91764c119,True
08f274b44028b00c03777dc0524c43fc,True
08f44a115e7b038903d5c33e624cf032,True
08f2a100d801871d030e74845c013b2f,True
08f2ab174cc468510332f9fa1756f8da,False
08f44daae042a772035ec9d6ed3e413b,True
08f2a88c0172c2e6034993a340bdd588,True
08f44132cbc00ce6031a7c3c83eaa26e,True
08f441a011d066ee030b31ad039afccc,True
08f2a1072816c4b603368ce3756f0efb,False
08f29a456ea05241033afc22a8da3a23,False
08f446caf5a14b9203b7c92bb51a3234,False
08f2a1345d4e510403015dd1ac313fd4,True
08f2986bab1a2c4a03546d394e8dd0e4,True
08f2a1055c271aea032bffcbd24fcc4b,True
08f2759c1b245d4603609f2255107c91,False
08f2664db6a23106036abab19f7b7b37,True
08f2a8cd94ce1575032107222262aa81,True
08f26c8672a8091a03e430bbca147416,True
08f44a918ab0e1620370647b1854aa31,False
08f2a10728105b4c037793ee842cd78b,False
08f2a1073285c298038ee88a54c6a95c,True
08f2ab38e6c9560403b1b8b59c797291,True
08f2752641252b0a03b8e455f3e624d0,True
08f48ebb7232a79d03ff64970887c892,True
08f26cd01a7713290358146c1f8dc8a3,True
08f283049156884903a11757e34e7552,False
08f446dc9a5900d203139d8771feb35c,True
08f4455466658828034489a543c0211e,True
08f26e8596cd54a2039a344846991bbc,True
08f2a94d132cca350363ebf3106f8985,True
08f44d06342e62f40370a93747253429,True
08f2a10a346ecb1403e188adf869b20b,False
08f2a100d276254503a3122a6cd48158,False
08f44e53634cc2aa03647716994ca2b5,True
08f29a5605ab50b30367fba07318f28c,True
08f2640c9a71d245039f55ef55649272,True
08f444e1aac0139803b4a9140ed2297b,True
08f28d555265bd6003e998c1f98170f7,True
08f27598d96a261e03bd553b23edd73f,False
08f29a47692eb961034a0b3454045889,True
08f2b89d5c52e82c0358bcf6c3c9073c,True
08f2a10773c0d49a0305e4e82bdf49ec,True
08f2aa8c5c2ada18039edc2f54a7b25e,False
08f44a18d80a496c0370558e3a242b92,True
08f29a18802e532b0324827f2dcfeeb6,False
08f283004d25a0d80306d5c8e5399221,True
08f44a130188ab4303d2d3ceb2b652df,True
08f2ab2db22ad7a203bb17bf43866a26,True
08f44db4d2c538c903549fabbf097717,True
08f44e5084c4998c038debbd68db793f,True
08f2666b9c4e26b103a2de0fe8594401,True
08f2a1070e41316603aae9bc04103f25,True
08f2af635ea0522203a98ce40bd01466,True
08f2a896500ebb230368034e32bcf11c,True
08f2a10755d0da1c03155a1195004543,True
08f2a14760ae573103fdf5250dd74ed4,True
08f2831ca440011803aabdef7d106691,True
08f2759b835260a603e575d64110de87,True
08f489c09621a57203a66bde73af3205,True
08f489c0a471538a0359c1331319b3c1,True
08f29a1d75adeb6c032b918f7b955b04,True
08f264a86a6534b0038003a5f844d012,True
08f29a0d68463c0e030f267ba89746c5,True
08f2af02a94ce09e036766726a6ae22d,True
08f44a1b9211848b0331f644abb3f566,False
08f44c03b3c4b74803fa95331a31b13b,True
08f2a10628215c4003bc3c3f06e84a99,True
08f260d94eae1cab03f19a1b71ec4431,True
08f26405243a9c5a03768daff0d53053,True
08f48c88caa8560a0377aab33e4c61d4,False
08f44a120608ab2e03c61c11a00b0dde,True
08f2659aedae34f203c072def8b635ff,True
08f27592e42da4ee037d817699f88690,False
08f264a959d2b88e0349c36303df49c8,True
08f2a9249818cb980339976640ae4398,False
08f26c237648cb810368ac7660d12585,True
08f264d8f059c35b03e691e9b3758c57,True
08f2708c6c4732ca0325bca66a9eb0f9,True
08f2661b466c47100364d5c8b0604783,False
08f2a333145ae28e039d129516252d96,True
08f2aae28e6f241103dcbbe187c8b69b,True
08f2a33aa60b34d40393840f8c39a88e,True
08f44529344656c503780cb5573d486a,True
08f2661b510550c803174c78700663b7,True
08f26464f089412903b2dc8c4e3ba78a,True
08f44e340b3a948603dab680edbeb4a0,True
08f2ab365046d8530362384cc852a374,True
08f2a100ded36690034fbc98c6392f09,True
08f4880d8ec6476a0305a636ddee7ceb,True
08f489c1ad8a88a5034f502493bcc4da,False
08f28f0113082325036efdfa2d8be9b3,True
08f2a10046b45c73034fe2d3c453591b,True
08f268c60eb281b00326642b34751301,True
08f2ab2c0e0f4cab03a4406df89979d9,True
08f48eba49a88cb3032af9a28c10b4d5,False
08f2aa4c55298ba003cbbb59d96ced93,True
08f29a1d757754ea0332f1270404dc2f,False
08f2a8a953a826db03d75427e31f0b34,True
08f2a8405e24ad2d03a23560949bb14c,True
08f29a0b6a91da0003aca87c941d4429,False
08f48b3862030248037ca6173bfc9504,True
08f2a8ba61b71a3103548c93a0f9782c,True
08f44500068631a103a72e7109b212cb,False
08f2a312c624500a038c2fa00db69f76,True
08f2a100dedae419036be0a1f14b7d61,True
08f488b6d30e88920318f8e37351abfd,False
08f2830c1b79bb6c03262b1af871a3d5,False
08f489e37524c775031b8454426a18f4,True
08f26560ea926c8a03905cda20fc58ac,True
08f2664cdc6088e5038e5e8ad8ff7845,False
08f281572c3a4af103b6c0b2e24ca7ac,False
08f2a13c1452141803d90ed19062737b,True
08f2a8624c11d1430337743c7343be4a,False
08f2a100d21250d203bac8c6ce3dd902,True
08f2aa87ae61d29903ac915e9d12bf0b,True
08f2a1078eab565603ef08f93bd956cc,True
08f28308f40b02dd03632475c3af8ebf,True
08f266c593256719031cda5897518204,True
08f44f046119d45a0390c0bbf9aa668c,True
08f2a100d67ad40d035d47910b9d585b,False
08f2ad6893a442890313820092da5e24,True
08f29124dac8236e0315093d28f5e006,True
08f44de4f20da7a403b6e4e2fc35eaac,True
08f2a10403a94d0503cd8f8a61d12be1,True
08f283603533122b03ed0c34189cb7cb,True
08f2a30db6266b2c03403834de3ab56c,True
08f275d0c94e84a60369c75733f0c775,True
08f44c11240951b0037275c5859718a6,True
08f2aae699c654c3032e2676a3f38cf7,True
08f260b095819ad803d156c8fcb81e8e,True
08f2758c59a4470c03332ce36af6007f,True
08f441e75e1b2ac0030cecf7e0b13861,True
08f275d740b3278c039b952a020a15c1,True
08f26644ecba858903c1f40bd2a93663,False
08f28f000904390303955df708f6e478,True
08f44a9ae459bc8d03014e69dcc50848,True
08f48c63a975596803796e9a0e9092b7,True
08f2834743d5875903efb07847af5bd9,True
08f44dca1c48cd0903640daa023c3c64,True
08f44a9598b62085030e8a8dbdbf1fa4,True
08f44dd99bc157010354e05fc5234f71,True
08f29a40110ac4eb03c291cd7189b1a2,True
08f2af6254a34c52030a4e6e80eef554,True
08f275d6256e92e4038b03653e725f3e,True
08f275d39bc5dd4d03247d9511477dbc,True
08f2aa4c54a61c7603c35538e60b91a9,True
08f275d2b490e55003e53139526832c2,True
08f2a90771965612030423a3efc2d5cc,True
08f2a930f2c452e203916aaade1ea210,True
08f446c108686c4a03d341aff1bf6f93,True
08f2a9102ec2c31803c101bc500b2685,True
08f44131b120909a03882fc6d8cb540c,False
08f441e59144804003a2a817aa48f6dd,False
08f260a10371324803d17a7a9ef34dc1,True
08f275d769b29a6903bf058fddfc4235,True
08f12db3480102560329918b1c731b9d,True
08f266d3704eab560309b6ff63d0c46f,False
08f2a103a2335c0003463fb684a160fb,True
08f275d2b6b821490380d70fe284aaa2,False
08f2aa84cc270aea0384ab99235a0723,True
08f275d2b30c824a0325475db00234f1,True
08f446eab24648b203767e241b58d0c7,True
08f262eb19cea0b1036fe8dc1323076f,True
08f28300ed7221ae03a5043f9b5e9f71,False
08f275802b0836580383198109308eb9,False
08f275e3aeb126d20389d8ada397cf24,True
08f29a565b6ec42803b05787943626a7,False
08f44465892a06de039bb1792af44f66,False
08f28f000461d492032cf04ceb36ed10,True
08f2a304710a398003c25d7194d92786,True
08f2aae2cb0320590308a28266b12616,True
08f275936c61c60403e770510fdfd613,True
08f2a33b58c0c26003c48710f163fed8,True
08f275d39bd1dc4103cc91e4a581d097,True
08f2ad5d8935462603c54dea37cf1d4c,True
08f44c1a81a06329034ce3435d4820f7,True
08f4444252d90adc036de0bf086d36cc,True
08f29a4191ad26e1035f0c8ede8917cb,True
08f275d39aa1974503dbe6f35f5f3b5b,True
08f2a9372849268a03133a48f2461dbb,True
08f44ce2b1020136036e6426e30a8dc8,True
08f489bd9a3199090304afd3812cced1,False
08f44d9cc2db447103aaeaaf4005ec35,True
08f4451ba601c36d03d8466728ae63a3,False
08f275d29d245681034cfc53318aa7de,True
08f48b2a4e1469a603a45fb64d99b1b1,True
08f48b38d09a177303a16a375664fbd3,True
08f26c52827926d0032f9f1d96f53fc7,False
08f29a84d0564104035c0fe3283bdba0,True
08f2a100d22a944c03c76d8cdbb8dba6,False
08f2ad50248ae15d038844f44ba1d638,True
08f2ab310598176e030f66e7279a4198,True
08f2a3399e82278b03413aa2edeabf89,True
08f29ad083450912035125b03e5f00d5,False
08f2ad50b64eb65203fdc1acfaed34ad,True
08f445ca980680e203ab6139c1d5aebc,False
08f2b891481760c2032eeded67374fe9,True
08f28d5576ae9635031b6974e2a54d8d,True
08f2aa8545763aa303100e9641b7d753,True
08f2aaab0989ca2203d8e5c56ce1c759,True
08f29a0aecb8a483036588c0159a5ea2,True
08f489c016a9052d03ddcb713c10cf0d,True
08f2a100e40018400386e20092b77b4f,True
08f2b8d79c953cb30399459366a31ea3,True
08f2a8ba6ec0a8ea0338b7acaa229ab2,False
08f2ab2560af5bae03f9f05737c70014,True
08f2661a767ad5b503114fbc8c865db1,False
08f264d130a62b9d0306342e641905e2,True
08f44ae8e5982b1b03bfccd316dfb9d1,True
08f44d9585a8ec9003bf064c0af107f2,True
08f2b997455a1d8003143d374bfbfc35,False
08f26612cb65d49e03341c0934661b15,False
08f44a10058b58b2032166a9c1808e0c,True
08f44d82898c2d1e032594cbf34cbeb1,True
08f441318441b42a0327110215dfab9f,True
08f44dca1eb5496503796da76240dbbf,False
08f27594ed4150810334c6ccbbfb7cab,True
08f44c3a2ad40a46031b11ab25c69184,True
08f441a10cb1819c03cc3ccb23657503,True
08f26567ada364b2030ed8fa9d37225b,True
08f2a100e9819865039525f30968ad2a,True
08f274d16438e44e03c5e5b0fa29cd7e,False
08f29b6648320ab50343bab647c44e3c,False
08f489c1702da9260387da387b8bc75a,True
08f44da868d668880339794a15d6bcd7,False
08f268cc16575b3403a13178c6bed661,True
08f441376c30ed0203b7cc0babf2912b,False
08f44c3a03ae5575038dd94496424dd9,True
08f445250426362c03abc9562aee3685,True
08f2ad4d2ba8cd5503d7dc4919d7f766,True
08f489d52634302c03a26dca8bb16d7d,True
08f2a1072ec5e20a03ffb4cbb8d30793,True
08f2b8e64855057603b04cc4cf4e9a3c,False
08f264c80b695b1803404aeb8016cde0,True
08f2a100e6c1444a038184b306e729db,True
08f29a1881cad4ce03f1cb8c7fc054da,True
08f2ad0a0a0ee4e903a11972894fd81b,True
08f2aa428cd6241e03b2d9c3c50525b7,True
08f2a896cd614b35030f8f44288e717a,True
08f2ad03550ec761038b707d343a6f2d,True
08f2a954e07289b603e2751c645e33b3,True
08f26cc104269cc1034078e46d4dfc67,False
08f44ebb6ad4d2ee0338e0887416a59d,True
08f260246980265903b325ad932ae877,True
08f268cd98b5035203203e7bfccf622b,True
08f2a3066305c982035fa2bd84eb9a24,True
08f2af293369842a03bc2e7db6661325,True
08f2a896e415e6d80388c4ce8920d796,True
08f2a8471551392e032371a1b776194f,True
08f2ab2cc1a69c0c0372eb47ed0c4b62,True
08f29a1d631492d60356e8aa3ce045a9,False
08f44cc2b691a195034a63be6f3ecf55,False
08f44ce9902e800e0391c9a9ee10b13d,False
08f266a5095194f4030fa4944d5c4bb4,True
08f28d57a154973503c17faad2b5cec8,True
08f2a1081cac1c8c03e1011e3a54ff65,True
08f2a930707828560397a3e13b88481f,True
08f2753c531b1d600351e40a2e20b827,True
08f48d89692746460329eedb34b2819a,True
08f2a94d04d9dc2a03ea88bdcb1858fa,False
08f44dab4427354403a93de7cf94203e,True
08f2a300ce070628037004e44f172d98,True
08f446d83255e5560389c6d7914a765e,False
08f2b8a76d09d90603e15ba140594fd7,True
08f268cc519a080d0392a013138ca729,True
08f288999086452303795eadbd435831,True
08f44c12f1b6c68603137d73936aa5d7,True
08f2a14ac6d0eae0030837996a7abbc5,True
08f2898da34928aa03ca988d587aa36b,False
08f44ae925c683b2032be5bce63abe2e,True
08f268cccb54c54d0377d52348621419,True
08f275d78d95580d03eeddad7b1446d0,True
08f269620d3b5b5e03651884df8fe4e3,True
08f2675dae30396303aa2a5c79717f2f,True
08f268cd8c9148090330a891e0a4669e,True
08f2ab2c117aa2e303ea43137874c621,True
08f2ab2cb502430803425e97f5e6a90e,True
08f2664c8d4d669a03981f482a8ce6d4,False
08f26640e46ca81e03fd78b8a71087f2,True
08f275278cb94b230358fbf0a4e90abf,True
08f275262b354b0b03a395e2955a7217,False
08f2a10a248d391a031a779fbdfa5046,True
08f29a1c214e661003d3ed09396a6f54,True
08f275e4d69a34ca0308da343319e1f2,False
08f2752794acc2590378b8ce474b09cc,True
08f2a30d5a2642830391da71c64e6845,False
08f446d58ec74ca00332b9bcaeee09be,True
08f28d1694c09548031faa0f2c3113df,True
08f26cb91ed10d0503124c1f695e4345,False
08f29a0ac1654cec03478de5a4fa1ff6,True
08f44a129b286cf30347184088479ed2,True
08f29a0aed8724f203288114875be3de,True
08f264d1604b60d0030d90306fe99467,True
08f446dd13476ac403f959fdd9bac451,True
08f266485854c6550391c687123dc2a3,False
08f29a199c2de6c903ee1b30c627ef33,True
08f44c1668c8c91203fecd29e5dfd97a,False
08f268ccf6593846036858798ec81a10,True
08f44500d1230d360355168e07fb4e41,True
08f2ad035aaf4ac2039c484e6d8e16ee,True
08f29868ec366836034006247ec8e3b4,True
08f2a1069331005d03653524b9ce3318,True
08f446ca684e958803be2a709c0c01ff,True
08f2752793c8baf403dcacca8c6a89c4,True
08f2832b02c20100034085e25ab64ae8,True
08f2a306718f08ee0390e682f933e830,True
08f262b750b26900039d642c6a5ab03f,True
08f444a191b09119038ed1ad0dd15613,True
08f44c16a1ab18a003ce7c88eaa1dcbe,False
08f2a1093416079003f6d00baacc2077,True
08f44a12a2b038750332c1b3bf98bbff,True
08f2a100d2c430f503c953f3080da956,True
08f2b8914812b3b60323f8dc807a49b5,True
08f2749b70da62c303808bce4547cb06,True
08f2619b9b60a0d20376a1052c362b68,True
08f2a82d96993354031f2d8361a12bc3,True
08f265296388c098031f4ba21ad6ca0b,False
08f48e85234800d5039c7842412c8e44,False
08f48e85562aea29032456612132863d,False
08f2674c900f34160360d7e8b0f90b5a,False
08f26c530514129003c5ca998fca31e4,False
08f2681620284d1b0376810b82665db4,True
08f266d32abaa11803e0d41579b1f299,False
08f27404080136c103408eda82d4de21,False
08f44d5349bad93503e90ec18455b636,False
08f464822b84e40503d9c84541047902,False
08f44daaea6e84a60309e257f8006d0f,False
08f44a12a295448a03fb55ffc7ec9db3,False
08f44cd599701b240329986006ee445c,True
08f446dd36b8b32a03ce7971405131a4,True
08f266694ccd5753031b2b08d7698914,False
08f2aa8c2565b2e503b6894a6b305e1b,True
08f26800415358a0032d810b8fcd44b4,True
08f262cb60b7206003eadb89bdc0b79f,False
08f29a1d6569022e036b6013ef55188c,True
08f2ab2c5ea73b2b039c57d1a9568a35,True
08f446c35c774b8c0371b7129f98a492,False
08f0c55cd9ced8cb03d0d2f32172076d,False
08f2aae16aaae71403352f18ee18d46d,True
08f2ad67a6c5ba8903b212875b785d2a,True
08f2a134d696d414036ae1a0eff5e3bb,False
08f26ea95ea1b343034b067a9f3b9f07,True
08f2aa8ccdd28c2e031e4c9e3330f1d1,True
08f2621b6b6664d00355832c9264199d,True
08f2a100f36da18e031837f7bf99dc22,True
08f2656088393c930359aa1f53e0c9af,True
08f48ca156ba86a803eabcf37f99d7c2,True
08f44c139c543b0203d5f7480127d743,True
08f29aed88276894033d428b4cf983aa,True
08f44da876976af303393dfd2f3fb439,True
08f2aa8d1dc436ac03ab8fa08d441cc3,False
08f2832c0d8c30b40325843176bd388a,True
08f28d555276d248035e32ada21c6daa,True
08f44a176d89bb2a032d47db16079c75,True
08f446ca813988e403deb56af50b732c,True
08f26219845a4b93034fbb458b98096b,True
08f26e3951b3459d03e1dcd0b8449dc5,False
08f2a306410f02520344f13804fa4af8,True
08f44a139cc0bcf003702e121b54ce88,True
08f2a84716d50d85037873b35bbffcb5,False
08f44c1159bb2d0b039bfb2ab2999169,True
08f446ca482a0a2c03055005c3b1fc96,True
08f2a3028b61c5b20326d4336f5968a9,True
08f44a139e9a5586039c232f2fa14b73,True
08f44a139e49a00c035db72c319bd35b,False
08f260d87291a36303e6c8529d091026,True
08f2b9b32a58e6400381ac549eb0d941,False
08f446ca2133406303dd01caf65086d7,True
08f2a895481a44c80366d05ce392df14,True
08f44c174d4566a303b260efbcaff2e1,True
08f266d4ac8d8a63033f8e1290f01f5b,True
08f44ae80519eb3103f483145d0b6901,True
08f27997345a021b03af816769e3d82c,True
08f2a30d5a26150a0349777364b3bf51,True
08f44f6b6ec164ad03bc654299f39d14,False
08f489bb6d5a6628031f73b7f166a740,True
08f264930874b80a03c3903fe19da3b0,True
08f2a339221a6b5303a54ba0fde69267,False
08f27524c944cd4203c3ede38868a31b,True
08f29b6d1850a1b103ec52a03b37d9a9,True
08f279a2ab71ad6a032ce120180f5dbd,True
08f29b6d1e55870103cc455780464be0,False
08f48d0585718cea03f8cf2f6c26d434,True
08f26d97b684e745030a23c6a0592785,False
08f2836da1d6d559039e1d092e0fda82,True
08f26c874a130c6903032c5445249031,True
08f2a3067185512a03aa04544b1bb6cd,True
08f279a54aa1860603125b4cb38aee10,True
08f2a3286a8c460603917d5a10809fea,True
08f29a086da93c55031c1959dee61919,True
08f44a13947518d603b72a395228befa,True
08f266455096961e0392af3aa94ccfc7,False
08f2a1380a65cd850318b8b38652def0,True
08f44c120325b89603c19a1107767de3,True
08f2b8b783a2e6860324c7c10cdadedc,False
08f44a10ecc808e803e5110e87701a52,False
08f2a1391a12959403ba86afefa4b065,True
08f266dac25365330326081157adb471,True
08f44c122842a0ac034887658d7beeb9,False
08f26ecb8951e2140303bf434d987c4b,True
08f26cbb989aa08c03ec927b4cb10ed4,True
08f28320e58024c40364c3047c199976,True
08f274dd718a1966030659ef6393eec3,True
08f44a139437335103e06a38aec56a5e,True
08f44c1213ad8b9303f4e3bc09cdf0c8,False
08f44d5c0da1839003bb2ad87453cf1c,True
08f275a591b0a2d903d297bd5a0123f3,True
08f489a15c06e6090348601ba5478929,True
08f44a13b39157530382cc4f6c31de51,True
08f29a578bda4450037d7222e42f4da1,True
08f28941944696c40330495c4a5c3c07,True
08f48d6db4632211038b9ffe1a0837de,False
08f44c13b2413baa03aaaa0efb13c3ce,False
08f29a0705148596039c7fc4775b84b7,True
08f26b6ce63b4d4103bbcce33bfb46fc,True
08f489e2cebb50730394e44b647c25dc,True
08f2a16a75516c430301054490d10f7d,False
08f2620a03145bae030f3eb97ba5e92a,True
08f446a3862d5b72031fc92d06959f57,True
08f29a1881d9dab2038e4ded17f7a551,True
08f4893681ca397003d9ad14dd9655fa,True
08f44d84a8c4b503036275687e163ddf,True
08f44c10d9c71d520361ca21c7cb2192,True
08f26b2d6e5833aa0325604eb4735689,True
08f489c45eca24930337a26c2913108f,True
08f2662cf098511303e9ff30fbdecaf8,False
08f2a9497677274603ecdc7d22685df9,False
08f29a00c1b3406003a09d3daa92b40d,True
08f2659b08855a7503594e72bf627c4c,False
08f26283a55ae216030b3788795a7481,True
08f274841204a4dd0350bc9b876bfd69,True
08f265619a1ad6e0034544d6944bcb8b,True
08f28b2a9dc0d11c03dc24d11ec7cfe3,True
08f29a0b22cb577503ffab4bc7cd7f1d,True
08f28d558d2c3168039e1e217feba454,True
08f2a304458cb501037f69380780cad1,False
08f283046b76105c03d398e539d86865,True
08f275263230eb0503eb00ee6d80cf23,True
08f26f154c9aacab0334d16e27385545,True
08f489c458d5bc9c0392b094d48acbb7,True
08f489e270a9079803a494c9a2eaed92,True
08f29a19b1a25599033facf826e09e0c,True
08f2756803169da503a0e50342f6ebd2,True
08f28f2d8498bc3103998b4038b7336a,True
08f29a1d6465ab8d03418f87c2e68233,True
08f289498260bc5e03e2fc20ec8853bc,False
08f44ae853a9ec4a030413c1cdcb4f3b,False
08f28b266e65469e037bc1e8f2b28f5e,True
08f44a13b02133b4039644f350d762e7,False
08f2a330059a35260349af08c444db3b,True
08f29a00c508b4f303f6939be92b8091,False
08f28d5c435657a3035aa811ca9c3f42,True
08f2a306546c6b09033e2b8628c0a096,True
08f489e3552933950350c60b0fccb449,True
08f27568e0a4dc5b03ed21093ebbe1ab,True
08f48984b41080360305d3f65c3e26d2,True
08f26c9322ae06c3036436b0e80f1081,True
08f441a5a8246ae90373d0b047f7d772,True
08f446d000698b82035a1a9785a952d8,True
08f29a624290e21c0343c6230e449fc3,True
08f2a9800378aaa00386e9fdbfb86d70,False
08f2740653708db003ff2daad392581f,True
08f2a3373121e51303ee1f11983db9b3,True
08f2a304ab500b300393494298943b2d,True
08f29a117245e8ae03e392aa2d1cf3bb,True
08f2664c1e12970c0346c7c9976d89f7,True
08f2b8d7639b6d4b03d57c9cf46e1dbb,False
08f444c4b6d28450030ae62b55befb89,True
08f2830881d9c4a403bed91e213c1381,True
08f2681b4e66d58c03b6d65162bf0df7,False
08f2b8cb562e069403ce20d9f6e9d34f,True
08f44a1b9295c4cc0308dbdcf0ade484,True
08f266884ba30d5803ffaa04555bf149,False
08f44a121c85561d03200e2feeba0a0f,True
08f29a4c4b4e851203b9f14745602894,True
08f489e3548d03030368c658b146730c,True
08f29a00e54a502b03a81b202484193f,True
08f48b3c408a3565031463895539974c,True
08f2aae2c92e835c030d3d36c3cd22fd,True
08f28d5d03700a600340d50647fa4b5c,False
08f2aaa281466414032b6b584786986f,True
08f28347726206d503a7321a1bed037c,False
08f27498262c826203e15822bd9b45c3,True
08f2759361c594e303663e07add65dd0,True
08f260d8020a6b35036a66d8a9da1475,True
08f29ac4da45c3a103c1e12449f23026,False
08f489e355b95656034ccdde0bb5a094,True
08f29a62724280da0385dcb9ebf08ce9,True
08f441a100db488b0399712bc5b65e6b,True
08f29a418cd4d2c503b412172961e37f,True
08f2681a44a9013403b740109fa9a2dd,False
08f2aae410771c840344cd6807b93f86,True
08f2750c54486a8803486dbb2abe3052,True
08f2a13a9b6a4a2c0305cb28c7a244c2,False
08f44eb04eaf08c003ac9df28fd1d98f,True
08f26ddb2565628c03162af8a8c0bf22,True
08f2a30732a4b19803cf4ba0abfbbe0c,True
08f2a100882d66c0039980aec7834f95,False
08f44a9ba20d4a1503b8a199c3946f89,True
08f44a8cf0ace46e03a59ad9ba77dd07,False
08f489e35ec0eb5c03e472d9a050ff61,True
08f44a821121399003402174c2ce6e04,True
08f2b894199496910381ca87b083edff,True
08f26c8293440a080371850e0e84455d,True
08f28d59b5a89598038be38bce26e5dc,True
08f2a10b1bab102603245cd5b753ca46,True
08f444682009568a033d0096381572ea,True
08f2a30489d4a30a03d2b505a1a9657e,True
08f44a1172589b06034d0dfdcd2a70d1,True
08f2a138538caa89037432c446056510,True
08f489e35582b76803cfd61c8a2d67c3,True
08f29a02c69b2cd003e81b6f094ff7a7,True
08f29a40ca0deace03ecfaf887a6a143,True
08f268cdac9ad71b03c7566f8758d236,True
08f264ab1318032303ad234d707ae6bf,False
08f29a0329d1818503a7412cce3b664d,False
08f29a00f5d0476203ebbc1ca36dfed2,True
08f283045b0eaa2503db6cc0465e89d3,True
08f2a90b491a50dc03cfb4ff7f2c861e,True
08f44a8c06d718e80332d4e781a3f4e4,True
08f26051238ec6260310bc3590e56ac5,True
08f2aacb1caa3c7303b46ea73872f5e9,True
08f275d41a60684903bda17084224221,False
08f2649ac2d45a46030294643f084026,False
08f269680b0a889d037b29c5a672b36a,True
08f2a8471551101a039bd91d8d6ddb56,True
08f2a3066026a36d03fd047d889f175c,False
08f44a8cf3a5dd70037d5eb2c246b627,True
08f260e268d00808031add1cc95eeafc,False
08f26c839e624809034f739329e0b1d1,True
08f26c866814420603eb9c30321988bd,False
08f2a107752c8d0403da92a6f814d811,True
08f489e35c18566b03dfeca0e8d9127b,True
08f26567167359630390138d20e34edb,True
08f2621b4d4196a10307bf11cb31aedf,True
08f28f3643c2e5460390aff1002b7fb4,True
08f274dbb68ee7aa03783d66623971db,True
08f2aadb98c5349503a40449a043b079,False
08f29a036583009203995b61f89e7389,True
08f2ad30924e9c1203060cb9ebb1647e,True
08f441a84a92bd43034f1cdc5c46c89c,True
08f28f00312e42580312a80811addac6,True
08f2a100a56708e403339a98f8152885,False
08f2a1439b94131c038af14da73cc934,True
08f2a14381606700035518769559d05a,True
08f2696141ca81b1037657e1d7da2837,False
08f29a569611ddb6034f082f45ac7e33,True
08f441a176081084030d79833a998de6,True
08f28f291b51dcc40384af1b80144227,True
08f266ba0ea4e62a03cb0a3ba396f25f,True
08f266d35361e49903e5f2c08efe40ef,True
08f2a9070cc5346b038bf1bdb76c8dbc,True
08f29a0ad9202ade03887366059cdadb,True
08f29a1d8311e0a8032b52da026fa7b9,True
08f29ab91e41bae3036f5a06e3a53319,False
08f28f33a3db146c03a65b2b1a2540a4,False
08f29a1c05c0cb2e032d4e7573018f1c,True
08f44d8ac01a2d8e0355553bf7105672,True
08f44ac4917a411803d4ed4a03a40444,True
08f26c860554b56803164d24388f2731,True
08f26e2c8996aa8203d80787792d98f2,True
08f44ae8e1aa194403d994d239d9cef8,True
08f275201c23466b035f6d57dae49052,True
08f26c5573530d41039eec9ad3060222,True
08f489e34059405d0322b16d87eda1d8,True
08f29a0106399b6c03aa5ca32360faea,True
08f444685c871284035a3f6f2e8f5be4,True
08f279e3654536b503809a6a71cf26e8,True
08f29a1d96db625b03b532d7bb0d90c2,True
08f266a1164edc5203b522def9b967e5,True
08f2aae92020241803878966080d3ceb,True
08f48981360c349403c80ceff2683b6b,True
08f2aa858c02575d03761a5b6e3c2964,True
08f26e5b1a71559503f1a70b3fe80546,True
08f29a560acd89ab03b5efdac98cd165,True
08f29b6c2eb90cd603521d634f27df00,True
08f26ed81859545a031d83f5c4ff358b,False
08f268c79236aa5203f03e01857e66a1,True
08f265c233834352039c616eaa8f501c,True
08f489c45376ad880336272b6aa84409,True
08f2a10760da486a031f4ae333139b65,False
08f2a14256d29ac503cc6927fdc51726,True
08f29124c8370352039d02ac68aa8e49,True
08f2a93ceaae6440039871f12f9b5e74,True
08f2986b9c31c56503e747831c8e5a31,False
08f48ebaf289239303a943c849dbf01f,False
08f2a92d8dd049a1037a554a7fba4de1,True
08f44d8d8dd892d203baec2b0cd7f605,True
08f29a1d1396d72103b378c6e7111955,False
08f29b6d336d57330305e311d56e3d68,False
08f29a4718aaab42034886170beae8ac,False
08f264d14290491a03acc483f85c47dc,True
08f44a13acac074a03478f9f25b7f902,False
08f4440ca271e85903631e577f751164,True
08f2b891361acd1603e2bc3e21c45393,True
08f44a8903286009031492c267a84177,True
08f2675726342953039bac1f5c0e2fd7,False
08f26c892cd09c5a036c1eb003135030,True
08f29b6cccd0344b039be71106673105,False
08f2ad30902cd0d803f62decc3570819,True
08f44ae8e516e064032c83e9ccb7e60d,True
08f275272c0f4c4c03693c6d6ab4a9a1,True
08f26c8655359115039fa31010bdc0e5,True
08f278c8196112c0030e4e22c0befcaf,True
08f274b0e8481d1503125256b6a2eaa4,False
08f4450c34069895035ccc43a1e36c1d,True
08f48eb32939ac2103c112038e7160c3,True
08f48ee62d2d091b03a5bb4b9cfaa3ad,True
08f283465261e32d03c5bd46fc655840,True
08f2aa845bc0ca96033242ae9d0093a8,True
08f446c30b6b30050378b850c5ffdc62,False
08f260958c5633b30388f596d278fa80,True
08f48b149bba605403373775fdc927b6,False
08f26481ac23034303b8ee99d9f1409f,False
08f274d630885c9503c007ec28794393,True
08f0c7044440acdc0387e8c15d53e3b2,True
08f26752d85b4ae3039c689b21e33c2f,True
08f2a8455a6e4af0036ded65642fa88c,True
08f2a30582850b710378e851ed37448e,True
08f261651aad24dd03b3a498408881f9,True
08f2a12d18b5484e03cc886e51b0439b,False
08f264d11810952c033aaff65002bc11,True
08f2a9886e8c4961035ba87b044e7294,False
08f29a1d19270018033152e575602a07,True
08f267528ed365440332cda89636dbbe,True
08f489c85a292422038343eb5e9cb8bc,True
08f2a16ad044b00803951552d046c409,True
08f4440c123a2558036d8910935a7e06,True
08f266485818c36a03b31a79f51612b4,True
08f444642569b91a030f5919323db700,False
08f26aa6a8b1bc0b039de3e3fdc9cd9f,True
08f44a111db4344103da386c1de44278,True
08f2a10b9119322e03d75ab8b952494d,True
08f2a10331518534030dd501d9a78323,True
08f2ab357071dcd403f2ec08e2e48817,True
08f2a101511087a603c4862ab395023d,False
08f274bd75106519038721f7205c4203,True
08f44eb1b5713a6e03840527c681f857,False
08f48836614da0d3039eb9711ac58561,False
08f29b6c3295bb1c03074edf9ca36369,False
08f2664046d2b26a0339321b84587ab4,True
08f266835e2db1a50391cf187247cf81,True
08f2ad676b8d14d603c71adc1cf002d8,True
08f2664c95b3099803447b363f8baf29,True
08f44130ecd44a010323a3fdd7a2d811,True
08f26cb90da00d6403371819e90b1c49,True
08f267284dce8d4003c43ac9d1e8dfbe,True
08f444655da980c40340ed9e51ddbe4b,False
08f44db40302485c0308f3ebee146514,True
08f464b9064ec92303458b6f65182a8a,True
08f4446149d7247503c0159850313662,True
08f44a130ec587b5036bee799acf5354,True
08f2661a308b5401037bdedbf16f4520,True
08f44a1103622ae1030bc86985efe93a,False
08f2aab5213752b6031968ba01803b57,True
08f265d352832d00036365ac9b83ee11,False
08f262cd1c53535b038ca5e6f7e8ed9b,True
08f29b6d3562490003af9c356f7ba5cf,False
08f2a3332874615e0347809888a55924,True
08f44a90e822899e03def4451adc79a9,True
08f2a14ac6d95a1d03ceb735ba502559,True
08f444655668bae10365aebc5be2b62a,True
08f2aa81132b60d003b40e89c87ee08a,True
08f2a1432b0f4ca50370e18c5a48038d,False
08f260e27128244003ae892cef6a3ffb,True
08f29ab9ab06a58003908fcd74f70bea,True
08f291a6d34a676a030a77f4a72be01e,True
08f48e809e00d48203d2841922608c1a,True
08f28d555239c6dc0320288d8eeca49d,True
08f264626e598c9b0387b05d57221b4c,True
08f2aa83b69b3b0b03445c22e8bd74ec,True
08f29a1d5ea43919032e536a731edfbd,False
08f44a839d89905803d1d7b4f5c3f245,True
08f4649589d05a4003d89cadf70517a8,True
08f283211c81323103811efb5518ff49,True
08f489c4ed90b4e1038fbaac533c3c06,True
08f44e5ac5502b80034ce1da1ddac4b6,True
08f2600b08056a2d039c4be4eaa33c53,True
08f28308a8815569030c4d078324ce53,False
08f489a661b6300603023c1c4e505ab4,True
08f2a100d2db373603a02e9a840678d6,False
08f2a30ce28ebd8e031833b08e2d3e00,True
08f29ae85e01412c036e0734c1c35508,True
08f44c35a2aeb200038bb89b32481979,True
08f48eba5bb48b050399f537fe782956,False
08f28d558c2cb2ea0339dc9eea8f2d5d,True
08f2b8bd6411e85c03a900a7eeb9c320,True
08f29a0993723d0e03090c0c32eb0cb2,True
08f446cc1c88c2c40352b69f8b1cd7db,True
08f2aad9422237b3039aed389184bbb0,True
08f29b6d9d053653038451dd8667d838,True
08f264b6830cb42403b9982c9b28649c,True
08f26165032edcb30314a88e4293b5d8,True
08f2664c1b71ba8d0325400c402457eb,True
08f2ab22f5cf204803ba5e873231e2b0,True
08f2aa8c2d862a4d03849b7535a8390e,False
08f2a84673d004ec0335ad599118b688,True
08f26cb9a5a9bb63037d9021f18928d8,True
08f2a9a544099a3303f1cfbe09906913,False
08f29a1c23b34c2503f7c45451083699,True
08f2aa87922307920359202d730a1321,True
08f2681a5812b3600326e9642f9d8a8c,True
08f269625495ab0e030407b32ff7df76,True
08f275229dda9cb503f6030d0bf2564d,True
08f441a86b52a2d9032d3a7becc9bfe9,False
08f464e3806943580395ce74352f9609,True
08f446c242528b4d030f74580aa12429,False
08f44db43021e20103da757d00107de7,False
08f2832ba2b42aaa03b8347ed8e68dfa,True
08f2a100111acc8a030bbc5a364e75f1,True
08f2a3048981544d036c32651f9fb110,True
08f26623aa1ad7980349f228fbc3a32d,True
08f2aa8cec01998c0365c3d8f1a13a5a,True
08f2af259b62e32c031b1b0c9ec507f9,False
08f2aa88e2ccb1b30311e917582152dd,False
08f44d84da8092000362dbdad5a6ed3c,False
08f2aa8c58202a54034f472b6cb5b8fd,True
08f2a8ba4897390e03728e360042635e,True
08f260cb6a4993680372d62d7b614494,False
08f2a134d69449a00364d4cdcb554775,True
08f2a9dac8286a54032f3c8132bc29e9,True
08f271dba3aa981a03b365178a787a63,True
08f2a1501589658903b40231ea0d6549,True
08f2986b8068b0da03b0484dd1a44912,True
08f2a80d225192f50332578fb55d2501,True
08f2a1348d180d1a03f96902692842d3,True
08f2a956d2b948e90372f3ff71a32103,True
08f44c228650502b038f024d6fceaef2,True
08f2a896e009a85503fd5f8674787629,True
08f489c091100ba403f8f8348cb3297d,False
08f26c820b29a90603e92ad23d25e4ee,True
08f44e5ac63025a6031ebef7af5ce791,True
08f28d540a12d629030574473366eb4d,True
08f28341a635159c036d95a5cf695a4c,True
08f2a15c86604a1d03729601ad695be7,True
08f29a18ae713d0003c8176f92378f67,True
08f2699518a2d731030d61df2fa01098,True
08f29a180b423609030ab4a518c65443,True
08f2a96a6bc1393403ef7e8d37923d1f,True
08f44c88a9c3446b03951e1d036716a5,True
08f2b891856c404d03f63aa5eedb9c30,True
08f441356901995d03e9857561ae646e,True
08f26c18abd302980354320dfb7f0356,True
08f2a3354b99ca8303023b22075efba1,True
08f48eec9491052203d22c43e30e2868,False
08f2a1040d18e94a0359d26971933d21,True
08f2a8c5150a64b30394ef1a8a3a624e,True
08f2a818f629055e03a827bc305e0e51,True
08f29b6d06c26c9d03f0fe7ad3df0d3d,True
08f446c32675c71b0343002dc3adcb46,True
08f28d6ad541959003d539c09cc3aa5e,True
08f2ab252e875d4903c12b005999e8ee,True
08f2a953aa0b3425039f47d7e305ebda,False
08f446c036375536037a6e82ce706414,True
08f2aa8413c3489403e136952aa097fe,False
08f299576664cd8003255ae7ebb16d31,True
08f44a934e1a17a403aea0e5bfb2832e,True
08f48ebb4a10980c034f458380737bf2,True
08f2a1006c1a8b2d03120a6646a67def,True
08f2893a18263498030e146dd58ed697,True
08f44ea494b8924c035a27c9c0c11bef,True
08f48935a5755b2b03c401505129b202,True
08f274e058b46d1203038949daf3c320,True
08f441a92b6833510385b332b08dc6e4,True
08f29a188420a23403052f71db0f1c5c,True
08f44a98ec5950e40387ceaf1b69f247,True
08f29a09962c0903038852ade7f5f279,True
08f2640c5c39b0a003420f53530d1582,True
08f2a1a4b496dcd303abc27c49df82d7,True
08f2664c1a80e2b40366270ecb487848,True
08f2758dae256964037212a456fdc44b,True
08f2836ad5d7590603f20d31248711ae,True
08f29aa8598c30c8036a46cc74b69dcb,True
08f446c38d5162080379c1fd3e3ff81a,True
08f48981516a480103af2b796708a805,True
08f2a92571072446034e488e8ffa7355,True
08f5d1460b56474103ec196c15e47485,True
08f2830c2d050bb103e4a561046dc405,True
08f48e85636b3cea03caf2637e450f20,True
08f2a16a621688e60333fa3d6072f699,False
08f2a1072c95ab8403c14508e518e05a,True
08f44ccd3322ed6b032ad0997516cc43,True
08f2b8d793c2d502032a903657b3ea65,True
08f2a3398522c0ad0317c3e4444f01dd,True
08f44d84c8020b82035575c187da22b9,True
08f2a965034d6d74030a81e40ec8e2d5,True
08f2a30294c15c2503fd7cb51272a73d,True
08f44f008586c14003e64bd843e891f3,True
08f44c54902ed956030e4ac7a9e08edd,True
08f266d25a4e1a0d03f0f73d5761af93,True
08f29a56d544e38a038747da595800b2,False
08f2a3077308e220036254e9e224ff6e,True
08f29a199e851033037352c13f7b7a91,True
08f44c05a9d85d4e03cde841f1c8d3d3,True
08f264dab5a844ee0340cc1f82d064c7,True
08f44c0a32819ca303fba357b8406a3c,False
08f2aab95882e46b03e184111170685d,True
08f2aa5ad9d9e74303e44256c96f1376,False
08f2a931a11adb0a032fe4e315e69550,True
08f44ccc54b3219c03229fcaab565484,True
08f26555b3d4b74b03388aa21a08eaf9,True
08f2a33663394cdb03140d02d45ac844,True
08f44a18ea34839903afeb81af825589,True
08f489c00919806c0318e6399bbfe89e,True
08f29a1da232b5aa037172032501ade7,True
08f444cd8d106384031eea123a309de7,True
08f444e1ad4d5700031b11ad78dc0129,True
08f298da2b8ae15903c04517503bef5e,True
08f2834cb101a88c039db3144b4f773b,True
08f2a306606916f60337c90214e03b40,True
08f26e1730c5a8e803e469c1e54e98c1,False
08f260e25416e8100397d1c85d414d52,True
08f2a1007635c32d03f9d2ef2a5c47c7,False
08f44c229dd00bae03e50b9f529513cb,True
08f2a134ab2d425e03bd0299e93652db,True
08f2aad95ca108f60369a5864e184898,True
08f264620c6d462503efe86fc222ba15,True
08f28f001192430103d4e39a49695232,False
08f446ca588732d1037feca81d505a63,False
08f274b4684f22a00398cc8d0f3f99b2,True
08f27426f38b20ca0389af4ab42c6581,True
08f274b0f0253ab303331772eb1801d6,False
08f44c57614e066b034936fd6fbb52b4,True
08f28d542c14629c030196993d95c816,True
08f2b8cb46b9dd52033c26958a790691,True
08f261651d471a240336f7c0055e0f43,True
08f266aa1331282103265775167119ab,True
08f26aa403b718ae03d68b2211655156,True
08f27594d6c06360036752608270392d,True
08f29a1d126458e303c2eb0e70e36155,True
08f44a1ad26a9ce3036ae1b4bbe946a9,True
08f269c034219894032c4986d0c02811,True
08f275905b7b56ee035098eb1dd7facd,True
08f27526aa4c1d42032db14e9ab0300c,False
08f2664ca9325035035fbe61f11fa1c1,True
08f266aa856d80350349539387aa6d38,True
08f2749945d9454403da52fa1f9b99c9,True
08f26c82d56f5b9303c8d5ac1586d26a,False
08f274d37633576d0332de1abb5dc08b,True
08f44a1b95a4222503b4488015a79425,True
08f264cc8cac1a7203c68b96756a9807,True
08f441305256450603596e4dfefc80fb,True
08f27406c8cc0b9203ddda6a0c0f7658,False
08f2a306664c80190331072fc33eed1a,False
08f44a948aa292e903fed6fd7562ee63,True
08f29a54c024b3ab037877985506a21c,True
08f289230a6ec843030df29eb2940087,True
08f5d1008264872b035b07e6ef971e2d,False
08f283082a32dcc30353e683bfdec887,False
08f2832863aa3622038a45f6e33eb6d1,True
08f2a8bb4c04e0b203b41179337dd3a3,True
08f29adc7030a6e00378a9bb2003253c,True
08f2a140a909c624037d999670e41d66,True
08f29899a9824c29038af7a962ddb74d,False
08f262374999e49b03d7934c1145d8dc,True
08f2a9694578a7410336f7390cebf62f,False
08f2a10774504a710328a410d70debef,True
08f2748cdbad3a1803cfd2c80b3bdc2a,True
08f488269c809d62032ad14489ac01fc,True
08f48c6c6a1538dd035389c7b17be7e9,False
08f26cc55319137503a9f7a7f4ad9e52,True
08f2a1349650b69103f0981dbd270029,True
08f2a14256ac21a3033bc677b6f60088,True
08f2a33150a201b203dcf444f19acb8c,True
08f26c8630bb040503e8aded23cda146,True
08f2af62a39ad7b403e27a8ef9ce57fb,False
08f2aa5c618e54f30351b1411a64fc93,True
08f2a3409255ca6b03dc2c7201751bfd,True
08f2ba92c517506a034597865b605331,True
08f2b8d79bb09d10030bab17d7f9c458,True
08f26cb911c8b50603fbfbed56c68168,True
08f489353129d435032a643c1d04475d,True
08f26c80c4c0019a031c06ec6d34a08e,True
08f441319077160103f14be3de2aa2a3,True
08f444189a3518b003f82dcec9011917,True
08f2ad2615920d1203148099415413b4,True
08f264099165038a033420b89af59184,True
08f2668351d5c072030e5c7d5739a959,True
08f2aa1d833ac6c4034e1d8d3704ce57,True
08f26560899b2b45038252f53b99a1a1,True
08f44c1a886243b303e7d1f5cfc1b6c1,True
08f275ccb24e15920328d4706f3df5f5,True
08f2ab6426921ccb03bb33ea6889a5b1,True
08f2a3312b52eaa2038047b5c9900f5c,False
08f446c2f1d88acd0339074b3b70d671,True
08f2748042da1a5303eb5bc2848e5b4c,True
08f28346eccb22620339a5651193037d,True
08f266cda816365d0383b9891f8fab8f,True
08f266696d05249c039c63e848a715f7,True
08f2aa4c5528aaf3030abf5b3bb2233e,True
08f275d39c98c6160369a30b7e293969,False
08f2a136de94955203ab4ef18ab63c20,True
08f2aaab0a12207303f870c0bea0a166,True
08f44f622b80d58e033250c2ddee233d,True
08f2b89142c202860347ba960144bd2f,False
08f44ddd8a79dc2603da8981f112a66d,False
08f2a13144ad68a20337ac8051670cb1,True
08f2a919595430e803cd8fc3e97884e1,True
08f2aaaa6e16a41a03fde3c82a964d7b,True
08f2a10a239620f5034a4bc53a096013,True
08f26152ae4dd4b5036f93f9fbfe8d80,True
08f2a364d379b974033dc5e61c5ddc56,True
08f2ab6290d290d5032b856fc54ba7a1,True
08f26e582269229b03725c20585351e4,False
08f2601b921984550352a75d1877bed7,True
08f2ab60ddb10d0303faa1150f392b5b,True
08f268cc350735ae03e0a00113a3c1b0,True
08f2773b192e1c8403a195a6b2f6cf1c,True
08f27462a812165e03793d64c68e55a9,True
08f298cb027067130313e977457ee274,True
08f44db83582331a03d95233d98436c8,True
08f44c138dceb95803b400b1388ae080,False
08f2aa8d620c469103022824da37048a,True
08f2b8db2dba8113036f255e6ff96752,True
08f446d6eb35355003a88d65e6ed3ea8,True
08f2bab6e8ccc1290309829bc4a54f86,True
08f44ee4d3d61d5e03dcab89003c0251,True
08f2664ca94012dc030f63f7e23fe7cb,True
08f48d0260adc8590355ace4d38d80ca,False
08f2660965674a5903da74b2de8ed9bd,True
08f27550e56f109303aa056e9be29687,True
08f2ab2d927669b30312510a079db6f4,True
08f262b298a31d1b03992a87a81b76a4,True
08f29ab83350c009031d1180d3c2b6cc,True
08f446c34dd3682c03e52c4d006fbdcd,True
08f441e71062870d03e54aec9f981198,True
08f29a401d531aa603be552fa59f799a,True
08f44a91664e086203d575a38f727edf,False
08f44a138c57401503c909f3a73942cc,True
08f44ca4d2306b0903c792c94239b9b8,True
08f446cb1339b8f0033da8b97b288bd6,True
08f283444b9a334303d1c0a1c4641e4b,True
08f2a8a97380e635039af9f1374e0be8,True
08f2a34446ce668c031fa372c95b2be6,False
08f283606a32d7060381daecc34568ee,True
08f264d125a25c5603bf1123a0b81781,True
08f44a98eec2e65b038014dc25dbc4ba,True
08f29ab810d29660033a574363d1e3bc,False
08f2a33174ceedb50354427cdf4ce44c,True
08f29a41adc65763039be37c2d4f50fb,True
08f2aaac1ab1599303fe157b7d0b7d86,True
08f2a134e1506b1603a98b37b14e4364,True
08f28d1073ccc62303fde3354237d661,True
08f2af695c9198b303228c8767346ebe,True
08f27436740a6af60372a666f8064280,False
08f2a8d83293394203156d4d6cd7d1c9,True
08f27406b141590e03c6b2c9e5f1712e,True
08f2a3461d0332ab03724d984afa88bc,False
08f441a834415405036cbff96627e301,True
08f2a106b3b5b9b003ae6422af7f5e2a,True
08f264dab242055a03f56146ca04e98f,True
08f441e7a1554a9a037fa1e96c5d97f4,True
08f27467204925b403205aaa20aae54e,True
08f2a10b9a02d86c03c82af46339c345,True
08f2af0081cce400037bc07ff448dc82,True
08f44ca76a2d012503370c147e238428,True
08f275cb160c065003745a9ba3b4d749,True
08f44ca6215ada8b036617bd61ea154b,False
08f2a9301dc8180503f716b85fa53213,True
08f441aaa0b3176c03dc377822857192,True
08f2a307848dba0003a4009aa91698cb,True
08f2681a4860cb540376f483e62c2837,False
08f26aa4eaca0781038b5cdd501789c0,True
08f489e37588a0680394aad2f52c7adb,True
08f28347467b58eb03155455fd2cbdc1,True
08f28f0bb4da4c6e03b6a80c2bf24959,True
08f2640c9685ab0003bae54ce6a35200,False
08f44e540cd34055033d0b024d5e5b5d,True
08f2b189036300040373b9c759a4d185,False
08f27905b12ab253036f3d6a207b1758,True
08f48b2a4aad007503ea6ba85a3bddf8,True
08f271d02b8b2969033c1d9d9c263762,True
08f2a306d881a46a03a80b024e267eaf,True
08f44e82349b6400030d0034af737e52,True
08f2661a16c4a6de0394c2b997482f2a,False
08f489c1ad12598603da2ca1be91a273,False
08f265645e68c59803a2417cea485227,True
08f2651170d8562a0301771b67b63a5c,True
08f2649ac3524369035436b4f42ec712,True
08f48e946268eadc030ecc3b37270450,True
08f2ab5af5443d1603e35e3b6e024fb9,True
08f48d1b3572318603f0eaf55a613bb9,True
08f44e822e20026403f3f6f5fdcc7759,True
08f44ca0e43a18f103957a1e418308d2,True
08f12b0c256d98c203cde7a2cfacabfd,True
08f2664d8cd06d650342fd3f524b701b,True
08f44a1058ad838503a8e3916a131082,False
08f2752689c0851e036adc0393a64ec5,True
08f274b0abb059b403235ea483905568,True
08f464b96336a5100377397e01369b46,False
08f44a9ba233292603ba51909069e795,True
08f2a924d054c515032f4dd2523c71f2,True
08f2a1011b33224b031bcbb6713178ad,True
08f44ca00031eaa2030cd376344ae218,True
08f2aaaa6e8311980333ee0e21cc884d,False
08f44cac4049179b0381c443f4346b3b,True
08f2ab5b32a11d940300d9faba7d2154,True
08f44eb84dd06103033a183fd11e8678,True
08f2a94cec800631038d43f767f52edf,True
08f44a91426238f3039a5198c95e8d83,True
08f2a13ce590bba603f26e086e32e85e,False
08f2664cac33071d0355d157af63dbe8,True
08f2a1350025a87303f97d18cee6c9f5,True
08f269620872973503e967acda269167,True
08f2a30625b44751035b136794efec45,True
08f44ca0e08b673303fbff6e78f46500,True
08f2aa986d2d839603c4b7a0a8f7ce3a,False
08f2a120e52631090353f9475d8d90c3,False
08f2a100d21134c103ffdfce45695dc5,True
08f283226e949431034459e85745e8bb,True
08f274e835198ab003bef9b261cfeaa4,True
08f2a135b5b0e88c03260dd8abdd4134,False
08f489a16833686c03b6f85dced2d8de,True
08f44e83598cadb503ddf882635267d8,False
08f274c3013248c503234572f4fbd719,True
08f2a135b3da8a6d03e71413a2a1fa6f,True
08f28346d68e5d0e0369551d19f3bb79,True
08f44e9c9681bcb403c0ec0fc0ce0329,True
08f446ca107320980360538745e5f994,True
08f26ee14085b45e032eef1c5143e9b6,True
08f2ab2c58434c5e033aa9d53cf068c2,True
08f274c68e905ade038355859b86c1d6,False
08f2a30c74856c9003253d9d892cdf53,True
08f2a33ca49152b403e4489bfd24524c,True
08f44cd1730d3180038aa1d499485517,True
08f444d5a40ae1340392dd698c9bc377,True
08f2a8464ad8a78c0345885f4ad47180,True
08f2b1a43679309c03dbd3be020e7a27,True
08f27495156b237003f73248d557b94d,True
08f445546e982744036d7db27df86939,True
08f262125a38339803df1d3436fa8c93,True
08f2a3046d661661037470d673520017,True
08f28ac808b6d62903a342e7ce0a59e4,True
08f44d51326a1cee03c709f6ec84b831,True
08f2b1a6ae3164950305ea4dd5d7f1f4,True
08f12db39c798470030615bf7144c76e,True
08f2a1271d1a98e8037ab6fa909842fd,True
08f2aa8c2c91654c0307f9ec74d32578,True
08f29a444e962b1b034377dfc80a2dc9,False
08f262cd9c674a500338ade3b9c5e3f9,True
08f44697ad7aa8190312c7101380df05,True
08f274c0244a4c28034b299856b417a3,True
08f275d51a4d128003a9aedf587a9fed,True
08f26cb8aed9326603848193a470aeef,True
08f2834743dad224036a5828ed26c6be,True
08f28a90896d239903338ebd6c9b0057,False
08f445293032d0de03dc9eebf19313e5,True
08f26c2b80211c22032b781f0d0dc9b6,True
08f2a12770c441000375f958ec49932a,True
08f2ac6d3595b92303099be7c8ca7ea9,True
08f265678db26c0503412e20d1893883,True
08f44ed740224095032f96a66bdecd9b,True
08f2748cd394444403c4a5883e348604,True
08f2b10608a98781034202463a8c5678,True
08f2a100d62f0ba00303fe82809a4c10,True
08f2a1388bb9164903f94a81c606ad08,False
08f2a992cc158b310326e9972f47c7a4,True
08f283471999cab3034a1df96f98faf9,True
08f441e76665b33503be371ab046b68c,True
08f44e1b4d9b388d03ed80d3341eed25,True
08f26217640928e50344ee002ae11609,True
08f26c8605c4a6f203fd07492cee6d87,False
08f269d8cd35585203f3905671603980,True
08f44e2868154225031f00ce8bf44ac3,True
08f2890a4d45808e03cdebd37f3b5d48,False
08f27592230294de03a50049e2aebfe3,True
08f2a305a2263656031ce1b7ea0bdfb6,True
08f2ba9a69294654034be55a7f58cca3,True
08f2a14aa4c509810305ed843f7648c5,True
08f44c274a35b1b00319606c07ca5a5f,True
08f485bceb965d2e0330ed559e5a6eab,True
08f2a1366d86acc903dd0ffcd2cd0b82,True
08f2a138d944424403bacb58123e8cfd,True
08f2b9b36d88aa53038ddb0aa1f003f9,True
08f29a568018d60803d2c8eb89afc794,True
08f264db36b0956503da2e0fb3a43027,True
08f2a12ad9011d13038ac73768c124a6,True
08f44f068155604203d67a7b45016bf7,True
08f44a1bb3b41776031a2d2ecf3bbbb7,True
08f2742291ad96b1039b32ac04242064,True
08f26640a5712920032fcb43f9dd3031,False
08f29a1c202007720341de15b3bee0cc,False
08f28d18252419660364864beb8952fd,True
08f44f44e8adc34203fbe6ae002a8dff,True
08f446ca9d544d31037ed6127638c562,True
08f2a12d56c1598003723aea8aadf10b,True
08f44ad2db75a8550359279b6798cd93,False
08f276aceb472b8e03839c14f416918a,True
08f26653a97ab63003e359ea728ee94e,True
08f28362328ead9e0347d0c0e678870d,False
08f2a30661c8ea8e0344902c3a3b3dc6,True
08f2758341180a0c03dfb7857e46be6c,True
08f2aa9af56717800384c5deb595c4f8,True
08f26c82b3cc4440032206535155fc67,False
08f26cb12b86350b03a5fab4a4a9a738,True
08f26cacdedb120103104a16f0ce536e,True
08f2912798c659a3033bd236b2c3c801,False
08f2aa1154a2d611034a6bafc24aa955,True
08f2a8a92c586c8603c74a5874107897,True
08f27a909e79503103e7a7439e3df29f,True
08f283080dda3b2203cccb6294d41f93,True
08f2ab3801ac2934035c6f87aee3eed1,True
08f2830833c19d280348aae5c22284f5,False
08f44ac496040b110309c3f1d1a54887,False
08f2a100e832d86903356543442f2802,True
08f4449a0ab05b2d03831969b0a9ced6,True
08f26c8553a63b0a0345288eac813b3f,True
08f29868c3136b4c037ce7de86787eac,True
08f265b4819abd4b03e0ee88ba3c1310,True
08f445c5361364810350602371a450d9,True
08f265b41a8dbc1503093587dab38348,True
08f28d542ddb49ad03ad8ea5a6071d33,True
08f44ca924b3400503f22ac3bba97a2c,True
08f26cb92482c68603b9f92ec5d0c5fe,True
08f266cc2340d98b03ba0755453ef2ba,False
08f2a9256e783a00037677860d3def3d,True
08f464e72a35e494034d23ca9ac0fa10,True
08f2aab4dd25eaf4032acfefa1587b33,True
08f4452936af264003b613ac487401dc,True
08f48eec5170b6ea03d53f6499e7b592,False
08f288423356c91103ca007f24b8f280,True
08f29a44d0513c4203841f0fb98b8700,True
08f2600b7608a70003fa3013c0f212ec,True
08f26ed10bd4da9803bbc51ef3ef5c65,True
08f44a915804d94203b95990ac6c3a98,True
08f44d858ad8a8db0341c917e203406c,True
08f2aad50aa44cf5039df42af7bbc0de,False
08f29b6c2488e68c03e0496892bcbfc2,False
08f29a41942265a803c07d0f1b9ada87,True
08f4446543b9a1a9036a7c7bb94ea077,False
08f2ab22d94db22203b7d43b50e1465b,True
08f28985333432c803b55188efabf6b0,True
08f2a12b2ad8e2d4038926f5776ca430,True
08f2aa38c1ab16b30394ee787a72974c,False
08f489b3854c96cb03e57afee31a82f7,False
08f266812e1b0b1e03f515b5a64b633b,True
08f444b4ce0c9a5e03d0820a185c2d49,True
08f26cbd324f0282030fafe8acd3c162,True
08f2a33c32d22a80034dd5f3c1c40c44,False
08f2646098864199035aedd3f7ef5238,True
08f44d503119ed55038bc90aa52b8796,True
08f26e3891b90b45032ef877eda67ee3,True
08f44a110377041103d7d17be46a253e,True
08f2a930cc9988e80310deb38c8a2120,True
08f275934e888c620306eef05a85a48e,True
08f2a89655b626d3034ef5aadede086a,True
08f44dab02735aec034214cb7fbf78e1,True
08f26199718ee09803fa3523ec4bb6d7,True
08f26c805ba944ce031b99b608e227ff,False
08f29890d4c729a603548fdcaf54249a,True
08f2659b46274a8003300098f7262c6b,False
08f26ed6ab622a0403bb873337feffdc,True
08f2a1380874660e036f0d7b8548f1a5,True
08f26cab6aa9c8400396b22a33f9f2d6,True
08f2a919180319ac03759b877ae762e9,False
08f29896042ed053032c1ce2591fc543,True
08f298901a4b6d1903d27dac59203e9f,True
08f2aaa80dc765560382805edbcbae03,True
08f29a41132e975803bb4c8382f04864,True
08f441ad446d54200323a1a9871a5d0d,True
08f265a48a5a535803dba6567fffcd87,True
08f26568b649e72b03af9b36bf6f4f4c,True
08f26ed780a286f20395d21664aa18aa,True
08f44dab522a8ce503071d6cb1f05b30,True
08f29890183149aa035ff227b3dae218,True
08f26ea88556648603cc9fd0fcbe5c64,False
08f283009e488b5d031e1466b323fed3,True
08f2a8454c232a100360d9e77194f7ef,False
08f44d859b74674303b8d79e1d62b06d,False
08f275e4a906cba2038e2cc75a7a5a43,False
08f48ee155936aca038214fc1ffcd5ba,True
08f264d8ad8ad499033cacaa873f3cfd,True
08f26c865814959b036eb5dec0dc2d7c,True
08f0d59599cf232903393d2db93ef3fc,False
08f441a90d362aaa038c4cba62b252f7,True
08f4441110b40055031e21e642a1a7e7,True
08f29a189cd01af003aed527c33dad75,False
08f2620d902144da036cde8d927eed9a,True
08f44c104595533403eca0066b2cd478,True
08f264d12004d0c50304da663a26d4da,False
08f489c11a06a12b03599318609535ff,False
08f260a7434dd2920366c4f0cec509d0,True
08f2664c1bc9ea81039de11d77ca6d35,True
08f2aa845cd0d733039915c6b9eb1b29,True
08f26c02b35098e1039a9526346b48ef,True
08f29a1d7522d6e303f9c288187a0927,True
08f446dc8260c01403af7dca80a787d5,True
08f44130ea0b684b031729dda6e53f0e,True
08f44f082e49c142032785383719bd54,True
08f0c73ba586bac303f513569c367a03,True
08f29ad0834669900390a020617a62c7,True
08f264a692d2d64503cdd25e8f2d2d83,False
08f268c60aac938a034f1b71440f10c8,True
08f2a996334b519103a8b07eca0662da,False
08f0c73a01822aa50370c592bc3f042b,True
08f2aac3a846d1ad03bdd573c3a2078d,False
08f26ac4a520380903a70be8400eb187,True
08f29a4018a0d7ab03ecc2b92775a6f2,False
08f2a957839701880344aca7ebbf5797,True
08f29a4119d030d103eb219224be7639,True
08f2a10b0620841c03924f97f661ad47,True
08f2a13d1e06ad8c03fe5da8992e631f,True
08f29a199e6089160361242a2ad8a580,True
08f2a339a02ceb7603e502950fefb701,True
08f291a68607550c032e6ec32b2ba169,True
08f281a8d06ab24603d1a70d959e303b,True
08f48eba6e2ae22403e44756c55ff0a9,True
08f44a90f06e6b150356cf092a2a62bb,True
08f29124cb25b61203735df89b69e4e2,True
08f26c8659c6ddaa03a95653b32c7ac0,True
08f266c590313808038234d1fdf3c181,True
08f2a3066a969b1203417c0705e66b99,True
08f28843556560f303f2d601df458d20,True
08f48c0d4446abad03cfc5f3c9e344a8,True
08f2aa8c74b0d0cd03f0482cbe87fd1b,True
08f44f6d5b70d84403d97ac15e303e51,True
08f2a14ab0cf156403e1a5acb66ad002,True
08f266b07605acc6038b593fe0c5eefa,True
08f4450ceb013068035e62d0da77f9e7,True
08f2a16605c8e0a103307477f3ff27fc,True
08f262dca6d8e4d403cea3afd78ba93f,True
08f48b3869ab6c5303217d32eb9774c2,True
08f44c19ab28e38103385b28b8e5f36d,True
08f26960656c6694038f637ccc8bfd55,True
08f288982a82b53603364c0b5e50f6e2,True
08f2a8626e3946ab03b8d3b318dd1120,True
08f26ddb05d13aea0313c9246997d549,True
08f2ab1058c351250320b2d4605da62e,True
08f26ceb443230f20300fa176d8fb471,True
08f266d32d3209830327457fa9a7744f,True
08f446d58ebb5b210395cadeb02438f4,True
08f2a100d665baca03264e48fc28dd3d,True
08f260c144a4e11403517bb9308e2e4f,True
08f275909b96ab1903439d1aa0f131cd,True
08f44c1354a236c003db0a9e41db833e,True
08f2696065ac382d039f10dab66abbca,False
08f2836d5ea69a010362de14b5ac40d0,True
08f26962338516c503a527ae23f44173,False
08f264a4e0da44d90345fe24b521b275,True
08f2a120402d98b2030a5c61a5a44612,True
08f446ea99a08aab0328ea68b36d3919,True
08f48dc2512d967403ddfb4d9661b403,False
08f2a10ab55b3668030bf3151c874cba,False
08f26927718a557303181d9de1abc2ae,True
08f291a6c0cad8d6037cc2d2ceab8a56,True
08f29a0a58c1eb10034f20025a4378d5,True
08f2a8b7244a5d800313340143f5cbfb,True
08f265d16a46c0dd0365925aa0e68f20,True
08f28d541142eb4b034bd0f264edd108,True
08f44a905a355a35030e7fbadae9a77b,True
08f44c102a74166603e778d0c7f07a8f,False
08f2b88541b3604b03a68aacfe0b27fd,True
08f4880d86a8b48003cbd0cfc06c2c8e,False
08f266c52602850d035552c89c97aeed,True
08f26ae79276aba40313ff83a6670dc2,True
08f2a33d022751a00304574c09a8acb0,True
08f29a18b2628d8d03dacaf30d80fd70,True
08f446c2c12835b0037819ee1602f29d,True
08f2a306631668a303eb5d57a51612a1,True
08f2a30662cd934503059b6c22a92483,True
08f283474e5b011b03f1af56c36060fa,False
08f2a1006ec40db0038f55769d177f4b,True
08f28c6396c94b7403ee576153e9f948,True
08f2830b80ba095c03a25283513235ea,True
08f2640d18c035a203a3a4597c511d1d,False
08f2a100d2da03510390ad26996e6513,True
08f2aa072a4a9d8003a7b84208cd930e,False
08f2884518641b7303b3138b48c9b3d3,False
08f44dab6622622003bfe9e1d6f6f7bc,True
08f44f594d780782038a937e0d0ac28a,True
08f29a1998cb60a603dd3a8505866eee,True
08f266c59ccc5c8503bc7d25e1d75002,True
08f2a16a5422809b0306775ee3f640a1,True
08f2a31ce8b94cb303eab6152e093fa6,True
08f2a30661c30a6003d3bd2b814b8bfa,True
08f48b149989086d033da926ce523433,False
08f28d5d8551bcc003b150229f8b4345,True
08f268cda8d236b4035eadfcf9d137c4,True
08f2b8a2a880cd00039b47e5b94a1d1b,True
08f29957abb92d110355daf30f04b557,True
08f2a804ac1a2190039d106d1f4362d1,True
08f26c8059cc961c03c774b8ef720ea7,True
08f2ab313063518303bcfe4866e5212a,True
08f44a11191aab7503cc954d4faa9642,False
08f29ab9129a3346037dcd7cc10106df,True
08f2832d4e3a031503b1958d25ef61d2,True
08f2a100d6194c1c030e3426a5c1dee6,True
08f48c689a9a3a4403ebdb1cacb433dc,True
08f44c91a165c46c03459e637f065306,True
08f26c3872a9e1a303f64036a2588ef7,False
08f2a10bad631c8d0339260f2995649b,True
08f2a84688d13b5103deb75476e2b8d3,True
08f2a1493675850d03bd67889f4cfd5d,False
08f44e50b31020c003a3d3b60792a644,True
08f29a418666042303accd68f3ac6f48,True
08f2a10725b690b1033b335fe95d3daa,False
08f283009e392d9003917e1bfa755050,True
08f2aaab09d022a5034569bae667b81a,True
08f44c1a52cc94aa0330d262579a20ad,False
08f283466d86095b03e0dac3cb738ae2,True
08f2a3361352432203d8be97b35b3725,True
08f2a96a0e2ab0a303e6393a66e3f863,True
08f2a3395375511c030dbb01ad5b285f,True
08f44a98cd29b933034e46c3e3ec7e68,False
08f48d87322c011903dcf1e7cb6ab15b,True
08f489c111b4484203005f8fa387b741,False
08f44a18c1889b2b0382fd2e33ef5e11,False
08f446bc6ca1a6710356b4d5736cc8f2,True
08f29a4722ba4c2a036e5decae3f155b,True
08f2a9ecc0598818037399796c6ff9a1,True
08f2a8e4eccf0a18039a7ba477f9d538,False
08f2a306e5c1a84d03d76847488b5ca6,True
08f26439a0785576033dedc90bc3b3cd,True
08f44ab950a2532b03d8a8ff3942b047,True
08f266692d4498e3039a6ce6d8dc0363,True
08f283004d200719031b99e3fd75d554,False
08f2aad962b61225033a4aeca42a5880,True
08f2aaa872c8d032033de1c9deff597a,False
08f44a91647b1983036b74bdd1039934,True
08f44e6273929ac803578fe6b0810bd1,True
08f2a100c4310b0b034f3a2d21097c9d,True
08f2a9578bcb572d0350b7aa401c1eec,True
08f44e96aeb016de0380d499371ddbff,True
08f44a110316241e035f3db86c736a9b,True
08f28d542878232a03490ab1da1a03dd,True
08f12db34109a39d03f822e02d21bb8b,True
08f28d5c8082644803a41ce00ca5a13b,True
08f44dbd1d8eec0803f542df54766a2c,False
08f260db983ab08103c75b1bde3c8641,True
08f2668b004d59b3034108b8e30c9403,True
08f283081010876c03dab7d02733b81d,True
08f44d075c4e920403fed5397f956f6d,False
08f446c26899068003c3f29c600df145,False
08f2ab125a028da2036b10755673258d,True
08f275931a38260603f9fdd1c4b873fd,True
08f275936e8a8da403fb2db604b872fe,True
08f4451ba27a2663031e322784658ff9,True
08f2830314adea6103a9f17f25130f4e,False
08f2aae2c829a56c0319c20e96492fe8,True
08f2659a0cc6590803dd941c90df1da4,True
08f46494b31b593503334d7e2f2bd5f3,True
08f2aa819d32599b0328d3f4f22b6ff6,True
08f4443689a8c50903dca8a71543b3f4,True
08f29ad1b64734710366678e3274b867,False
08f2b99a60a61af603c2dac5a761bbb5,True
08f262314e07538d0359d3e9e1e5a11a,True
08f2a866d123002d03b7b02b8891dd3f,True
08f2830b33cd6d1e03af80807deee664,True
08f2aac8cb80603403abe86804a053a8,False
08f2a10705db24e0033586123c08a3a0,True
08f2aae2830b519803ca568972b4c2a7,True
08f266d4ab0b32ec0336b71a6d97cac2,True
08f44130134903ae0304765081aff4ad,True
08f2a306d84b18140308388e4e26e6b7,True
08f2a134d0db49010379c99d26b1ac8e,True
08f2aac1968c52b103e65413b61afb23,True
08f2aac3a8790a890396d9e4dedb38c2,True
08f26d152e72055003a8ef8141d48a85,False
08f2a16a2d3a516203948095e0ec75da,True
08f2a32a5ed9ac5b035f0d5abdfc0be1,True
08f446c30b6d00ae034cf09cf05f87af,True
08f28d17959418b103e6d36d1524dab9,False
08f26d14154e956d03e9a58662ea3499,True
08f283082809da8503649e9284296ccb,True
08f2ad3134369cb503e5d80b8183b0be,True
08f26cbd56b768ce03842e24c557e8df,True
08f29a42b10918a603df0947de30f2e6,True
08f26c805d5abacd034399f7fdd070f7,True
08f274350aaea02a03c9588c0addf8f8,True
08f4452a5604c9a2032fba4224fbf23c,True
08f29a56c08260a2030fb9815d0e4803,True
08f26c188e7b0ac403ac80fd3fa7799e,True
08f2a100d25232a003c1767d3fd10cbf,True
08f2a9579b6c5c8803575ce800efe378,False
08f29a476e524db40338bf6d48ce675d,True
08f275bcd3aac24903bb84eb4f5618ea,False
08f2832171a6a6a3037a788a5eceaf26,True
08f2a3361b34453303f40ff4ed3b9e6b,False
08f2661b2ca187500333dea0b5d17348,False
08f2a1348b273c4e039157fbf1d47452,True
08f2653274961c4603db8825aa9c0b95,True
08f2759b8e2b68a0038afede5a9bd67c,False
08f283082a2ce4d103bc17d616264631,False
08f2a1076ac0e94a03ae3aae25df70ac,True
08f29a41ad8e122a0386d689481c3769,True
08f28361536e0ab603aa2df0792cb5b8,False
08f2626890ce37b6037cb30b9c5a6fc1,True
08f264904a083c9003ba553ac0307249,True
08f2668659b1882503bd81fb6b0f0b1c,True
08f441332538282403d38e5c8a541e7f,False
08f2a30676d7469d03d82cb72344a0d1,False
08f2640c906088280346d2365a0f0538,False
08f2ad15a0114940039e1b6657682c65,True
08f29a0b43548cb5036dd7b525738ad1,True
08f2a3669cb9856203575975130b2b30,True
08f2a100ae890740037c2a1f88f12eae,True
08f29a560d130b80034b216100afc4d5,True
08f26e5bad7268f20318265d6ac95d8d,False
08f2a9194b12d6e3035f949bc6203527,True
08f2986a8396470403528736287042ef,True
08f274da5a31e0c403e9d27d16968c33,True
08f44d9693142c0d03cdb72e1bcaf16c,False
08f298da0c0a635903bf0f5e4d2e6436,True
08f264d10612b70903be5018ce638a38,True
08f260e254d36a0503e2d0c4495db879,False
08f2a90644b81a15032de4a2146b1b77,True
08f27590562abb060368291b80cf9231,True
08f44a9000d319490372d469bbc87d48,True
08f446c1a11aca4a0343feecf4e89523,True
08f2664ca6a81949033c8340df53688f,True
08f2a100d21352a903352c2dbaa8ce89,False
08f2759050b35b920390457fc236fc90,True
08f44a9303d33c61032f7b352e2562f1,True
08f2a1385372c24003834a723cc15c79,False
08f4413395506419039b86627bf3f881,True
08f2aa4a2128c31403949ba829bdb03c,True
08f26d1c6dc9314b03d38ddc29036040,True
08f2ad30951a9830034b010de6cfb268,True
08f12db76258a285037d6e9b5db683bc,True
08f29a014a20654203fe2326a9b77f45,False
08f44d075a9a3658036bc19f809d154f,True
08f260e253aa5cf1035e0fb535525c7d,True
08f44130f6c95540038e4236d7692699,True
08f2640c91829b9a0313aea35e6cdf85,True
08f275d0b4c5b459038210f2a3c13ea1,True
08f44d96a62188b503395700fbd9a439,False
08f26cd0f5d802810371f3dfa6cbd689,True
08f2a14b83b1d90b03b37e4834d96837,False
08f2a10a71a9d123037277fe185c6977,True
08f2ad6caba36b1d032c8b88c7068d22,True
08f48956d258039003f37d26e25891d8,True
08f275802b50211203f9d9bc9df97762,False
08f2aa845c60b30d0337d5f1ce289467,True
08f2663183186acb034541ea9da28bc4,False
08f28c20cb65a8a103a1a39dc2feb781,True
08f2a958141149540358511d3f117169,False
08f44a900b34540003667590b4b98139,False
08f44d07088ec660039e8c30926bcd5c,True
08f26462c8a22bac03e1d6059dc1089f,True
08f44a905639a0ad0340a3d4b9df9184,True
08f2a14a83b9a28a0372332d87fe17d4,True
08f26c19abdb528a0361799cb0e32729,True
08f44db8234adc2603b85ef7853224af,False
08f2649adc56321d036a2b9ea167b165,True
08f29a19b1ab6cd40301c47741a148d6,False
08f2a106326a20db0334caa09472fe9b,True
08f44c4d49d49c9c030dca7b73b23da8,True
08f2aa38c1b9312c034441bf768499ce,True
08f26c115dce5d2a031a7eab049dd719,True
08f2ab38f25115020378c1a79d294c34,True
08f2a9569d5948d10336d010eb0d7c69,True
08f275d56d96e2b00318458e358857e3,True
08f261650c251728039920bc29324264,True
08f2ad69b2029bb5032237826690a9d3,True
08f444dae33b035b0391b3685a4ccc62,False
08f2a100d6cc6c9a037f91b3ab4e8e66,False
08f2a100c338916003d9d5f8b3f40a22,True
08f44ca05b07189603f63fdfb6586c1b,False
08f260e26e929b2e03246417e18a7d21,True
08f268810892595d03d566707b5da3e9,True
08f2aa85992aa55b03c1bebc5b936a34,True
08f2995775b01ba5035873156468b51a,True
08f2a896cc1042510346ac242707eb23,True
08f2ad6a54055c6c030f751d675a9ffc,True
08f44c1a8e824d7403ea6a8ac76c7b2e,True
08f266a13031260e0399c3e8a77a6cec,False
08f2b9b36d0ce6d2034d79f7666b3d56,False
08f48cc0dd4510a80351b99edc51714f,False
08f29ac40a456dac032e65893edf0a31,True
08f266c15d8c05b203255d931a76d87f,False
08f44c1a81a3404d03b5bfe9e7747c1a,True
08f2a106ab10233303701a339a18c04d,True
08f264635c64c06003513bc6fc0835a1,True
08f44ae82308118603e85f126d449b6f,True
08f44ac491aa0772030d762ecdb19bf0,True
08f44d9806bb4a6903317861f734cac6,True
08f2aad9232a023103cb65c291c77201,False
08f2ad699a29d82a034bad0cdc4d1459,True
08f2ab129479185b03939b0ebad4d3f3,True
08f48b3d1b10d54303999e5882c6fa06,True
08f27492c5cb0c9c03d7d979272bea43,True
08f2ad344d098096034fe7f1a2af28a8,True
08f44a504e771d1a03b0c68e9529fb2a,True
08f2a10030b03bb103ee330d38e115cb,True
08f268cd8c5757130364f7f2dfac4c73,True
08f275d296a41a52030976df9c524fbd,True
08f2a1072e09d5940330fc44fce52148,False
08f2ad2968d54c6203888cf63a084922,True
08f0c55183a06ba403d9d0ff241ed2c0,True
08f441a9483302090319afe99ca453d2,True
08f44c3a1e1140f403bb2ebcd47f5464,True
08f2830843455d2d03558cf50365eeb4,True
08f2aacaaa0cc21b033f678783ea3496,False
08f264636ad1e63603a1041a5de69d20,True
08f44ad8c68507a8037735bc77ec3f05,True
08f2a9066d735ce403a31c04b659a294,True
08f44ce04816a8c803e870426a8a4d1f,True
08f29a188219d1b3030593389fbcd862,True
08f2743ccbce1d5103c380cd82226b8c,True
08f2aa4b2cc11b5303ac1aa341ea05f1,True
08f2a1072ec5ba9d03a4e1a275e3f6fd,False
08f28d43642e304a03621e57223df0d4,True
08f29a0b42a71a35030ec09c4a6b21cc,True
08f29a56ab08acd003403a723d19d4f9,True
08f28d5c8000c101032530051ec9773b,True
08f2ad5c16b4ca2403f7a47dd1e1845b,True
08f48e85412eb90e037622d17da554f5,True
08f12db0c360c0a20307871727f57c2f,True
08f44ae90e74862c038d556f008a26ee,True
08f2664c1e3abb5503f175f9ac15761f,False
08f268cd93a580b20301fae9eaee239e,False
08f269622aae276603d5ac366f1a5435,True
08f446c33525e78003afff15de6c2664,True
08f29a42b4506a41035d04ccb3c19da4,False
08f28344452cba8903ecc61310576f3a,True
08f29a4c5bd6845e03ce47d467a58886,True
08f2aa84161736db03d62d9f5110fbf7,True
08f2661b70a52b9e034ad51cf4519629,False
08f29a4745b1b74e034bb900b330ff79,True
08f29a19836cb402033826d4c178dd77,False
08f265632128dcdd038d2fb65d6b6895,True
08f2ad319c8f511203b277701fa7b522,True
08f26ed94a781cea03684b9f4c73e9fa,True
08f2893ae678bc82039ddff7e6486b58,False
08f268182522a3180347705bf8f9259b,False
08f2ab2c9038e406038a64c3d19d7038,True
08f27526a486b2ce0323f9d09f2a5786,True
08f2a134d6b2081303d17e5b407daf4d,True
08f275261a22e180039fd049890f5179,True
08f44dda44c7451603985eba95316a91,True
08f298cb1e73450003321ebbeed09bda,True
08f29a5490866b0503cc037d44af692f,True
08f2aaca8a561619034c97b0734d5517,True
08f4444399b6a012030dd091dc18b383,False
08f489c1702c222103d2cdd44c53d4bc,True
08f2a33170a7516503e1061a055bc74e,True
08f2aa057165cacc03657adcc41f17ad,True
08f44c166324a43503e1084c90e117f5,True
08f44c166388d99403e215ae8ba0fa97,False
08f2a3332bb2a42e0316ca026a391d1b,True
08f268004155614903293b6d5507d2a8,True
08f26ea5adc82ca603b67257a0dc52bb,True
08f26818208f3486033855c455f0f042,True
08f441e72a58c12d03ae845f85eb543d,True
08f446c006249853037b177d0e42bfb4,True
08f489562c40cc9e031a6145e6b8090b,False
08f464b96b0aed6e031138be75f76bde,True
08f29a56736714880313f8dfb2b06f79,True
08f26c8759155a930322134699a3fbe4,True
08f26edc64b899600335350a029665ee,True
08f29a4016b688ee034a8988a6754c29,True
08f2749a4b6a6889030d34f3f1f19602,False
08f28302214a54d203b35109f16a489d,True
08f2680041549ca803b172e92396c2ef,False
08f29a282d72b2060392bd5e2e38fc50,True
08f2683bb649677103e80ea7f40e1b12,True
08f441a156c726ca039ad0cd4503a236,True
08f0d5a9ae60a94d035f66263619e4ce,True
08f2aa845acd29a603592929a6761c14,True
08f26e85925964d403d2e27becba0d7e,True
08f0c7489308e46a03a954beb23bfad1,True
08f29ae98050664103a37ef2c80e8b87,True
08f2a8cd9cc34096031a68a64421fc08,False
08f44dc19859d59503364149e1e1079e,True
08f2626c6155dba903f52be72d0e8c07,True
08f2a30663bb62c3039d1355d2a6cab5,True
08f446c131498ce303ae88cb34142137,False
08f28d54321ae515038a2e6cb9c65bbc,True
08f44dabac2880cd03e1a6c94fd0a678,False
08f26c80d819c9560334d52669860a72,True
08f4450b2e01b149037c72b2223a3836,True
08f2683b112b391103a00793559b02b3,True
08f2a8598b836c80039ff0d63e70433b,True
08f446cb0942854103221215195e64ed,True
08f44f49858a926a0340be7f77150891,True
08f2aa845acaac63037b5de2aafa378b,False
08f268004120d73603e3fa6811c07ddc,True
08f2aae9048508de0372057fe2690095,True
08f2675162b360a8039ca870855c8d8d,True
08f289607080136e03c6ab4f3b743d94,True
08f446d900ad06ac033faede0a4341d0,True
08f446d8edcea800039a68b788d23ebe,True
08f441ac5d08b29003b5a1be905ffcb7,True
08f2621a567221ac033a59cf3ec54912,True
08f4450cc822b352030df83a5dea019a,True
08f2a924d2d697960353ecc41174482e,False
08f44c1b82432cf5032fa700378dc903,True
08f27592b175683003fe44fa2b39f43f,True
08f4413c35c9bc7403f633407d938ce1,True
08f4455465c0d06e03aebe30a5ea43be,True
08f446cb54adb26603807c89d8e49218,True
08f2830828c350c5035558518dd31dfd,True
08f2600b1d28b768034f9e41980fe464,True
08f2621b717ad2d103c3bf4d4cfc73c9,True
08f279b03339454003cf217e4fa63784,True
08f2a8a49090ec5d031c3f8ecab7449f,True
08f2755d8029dd8403173272346756d1,False
08f29a418d86405603eeb9c386069f4e,True
08f2652905d1006d036995518da59108,True
08f2620151d6d81403e78b7882a839a5,True
08f275249b5166560369769812369402,False
08f275932c98b280037fa730abb3f2c5,True
08f2aa13585552ab038370c5eb90c778,False
08f44a13b1554d5203539312db41f121,True
08f2ab343282a2dd03a9e77cd5f634b2,False
08f441a111800161034565aada496a7c,True
08f29a15591654c903cdef550c59e495,True
08f26c189930d2da0337b490d3a21631,True
08f2664c1a3290d1034ac7bfd7a91c27,True
08f29a07704223230399b1cf17518027,True
08f44d070acc6b2c03d8c7777106600f,True
08f29a00c045dba503fd7af4f92aca1f,True
08f29a070310234603cabe3003b99edc,True
08f26b009446a4da030db5cb25f79d41,False
08f44db8238aa99b0379a115b92fa03d,False
08f2aa84eb74230a03a2befec594e89d,True
08f28300ad87579803e07334f47e2b85,True
08f29a4002d8aa25036c400bd937341f,True
08f44c105d6a5d1603db1914eca3ef9b,True
08f489e2744e324b03ef3ba7397f881d,True
08f445b2226eec21035aea6b204ee8d4,False
08f28d42c96a800403254a64a408c356,True
08f446d85dc1b6b403ab12a2d2bf4af9,True
08f2aa8d5415a25e03ca7018cd614d31,True
08f489e229a0104e03daeb9f969a5564,True
08f29a41a52b51350394dd4a841384bf,True
08f2ad54a274d6a50388de7594c6a157,True
08f48985b543265503b74e6c9bcc6c1f,True
08f2680400191c7603a7b552dcb47962,True
08f5d1394aad08c5036aa2c02a26dd79,True
08f29a07a62817730302a63090031200,False
08f489b2b295d4ea03f58e3e77531fa6,True
08f28b2c6d14e23303dc0b58f5361675,True
08f28308289abd2e03be9ed7cf6b5883,True
08f269631113279203e783a4e787358d,True
08f441318a468d5c03ed5bb58fa33eda,True
08f2a8d9110e9456036b68fe4ca3b0d1,False
08f44de942b49a0403612bcc22b02ce3,True
08f270925d570db103f211922d9ab123,True
08f2608c9cd695a9036774e454509e89,True
08f26aa4361a092b030d4f6ca466db8d,True
08f44a9051c6497003874498c2ca8404,True
08f446c08a06d40903dee538662bfbe1,True
08f274844da8a0e903dd73fddf04e868,True
08f44c1ad82c26ab03a933950a52508d,True
08f2aa498d70e2c0034515652fe58723,True
08f446c042c9ac32032fc7ef35be4877,True
08f266ddac22bad803f4cb082276e7ef,True
08f48e854563625603ca7625b331449e,True
08f489e35a25989d037a0c94213303d4,True
08f29a1d2270c03403de37569a56af5b,True
08f446e32668cac2036200a85b8f5a7a,True
08f26e51319882d2035e864bfa197b56,False
08f2aae08ac3273303dbb2ea3a3611eb,True
08f4455094a15b6c031ea10202355a2d,True
08f44cc51154ab0603168d49b5cad61e,True
08f2833b716eec9c03e929b3fffb8018,True
08f268c6e110a80a032b62b54ff56163,True
08f2b8a32e69a1a903faa05285b4e0d0,True
08f2a9578aa11a9203d377ec130f3b91,True
08f44f690270d052038f18cdbfcf3789,True
08f268c6e426b2ec03481f4dbbc3f221,False
08f2b99270b83512030c32fbd7d8a4ee,True
08f27504da60cd4603c96460b761d69a,False
08f489851500cb06036cdb8496d3499d,False
08f48ebb4835ba89032ae01aa3f32b07,True
08f2a9028baf056303de37023e19dc42,True
08f265673345daa003c6db579c6793cc,True
08f2aac571148b5603f0b3e599382af1,True
08f2b8bd6297249503aca0a3f8a4bcbb,True
08f264c474185cec031d88355868a65e,True
08f28b654d51441303aef3426e768376,False
08f2ad37a14343850391dd40081f8e9f,True
08f441a9494aa18603cc5bff0a901599,True
08f29a03a1d61a850321048ac4476cb7,True
08f44e1924d4ca8603ceda994f1769dc,True
08f26969006602f20361ae5e361d6872,True
08f28d58543720310302018567b13d21,True
08f270a29b0e435a03be2faa6a59e79b,True
08f283151530e899038ddcc3fef56511,True
08f262b8418832c9032dc5752f45bcf9,True
08f2986b80124c2903565d2eb6a70552,False
08f269c11c61e80e034c2181f14ab957,True
08f48d87264e48160326f6fddb731145,True
08f27434266e6b3103d9de9bb1fa3249,True
08f489e260c8c12d03fb6c500b581eb4,True
08f29ad198950d22031f5de0927e05d3,True
08f446e152a5c7580373b6dc161bfe8d,True
08f2a840990a4b11039750db2e141af1,True
08f12d879234281d038d77806cfa5716,True
08f28843989708a803d12abc8c89a07c,False
08f489e3455126ca03deb2a94344e96b,True
08f44ac0460b5d2003d7add03232a378,True
08f2a896e162d54d03cdf4fd88e7fb17,True
08f489e35b2e92e103ee30ac0812e60a,True
08f2ad20087595a6033fe3dd7fb34603,True
08f446ca98b4d4850394bdfc2defb457,True
08f26c98c806c5b503bb6d8e958b2c18,True
08f489e3460f0c61030536730894c21c,True
08f489e346b8401503461b9aebb3a215,True
08f275a244906d4003ba63489f6b5ec7,True
08f44a8c444a6ac103319ab3e00f5137,True
08f444381819b21603d2b401d086c1fa,True
08f28f015eb48c86033c3b1d24c471fb,True
08f268524805ad90034e986789564776,True
08f44d06a53649410340ce17e03578c7,True
08f44a11198c2d5003a0f5df3291c81b,False
08f2b1ec19d90151030ab7bb20e488f5,True
08f29a1b2d6144d103564670fc47b67f,True
08f44c13208a677503951857b8d6c16c,False
08f2a1430591a08403dd1b596e14af4f,True
08f29a41a5d0562403cd88c3b9416d07,True
08f2719c81bb030d03df5183274f1e5f,True
08f2a91b84225d86038298dd6585fbb4,True
08f2aac209cdc9850334e5cc5193d31d,True
08f4898ca02e882e0396569af5a9960f,False
08f264d88ec4121403b0b6ad878f785e,True
08f26e51302a39350354a9e2e0757f72,True
08f26d56c544bb1d036f20b2cad9552b,False
08f2752ca2ba20690377bbf358aa0409,True
08f2aac0d450801803cae5adc6d45656,True
08f44566f3d2dd85032e00f71290bfb3,True
08f2a331557b6a4c038004d283dcf029,True
08f28d58e183371503fa920aa1366978,False
08f489e3460ae198033a208770ac0068,True
08f44c134c57046603e2962c1b2ae3ce,False
08f44c1611d9e68d03ea6066ca0feb65,True
08f444112656304303fa03198aedec5f,False
08f2a84589401d7103332611e0c94a5b,False
08f44500b642cb83039f7a825d98308a,True
08f29a1dabb5cceb03d1373418c436fb,False
08f2a14255ba90f5034ab52b6d5f806a,False
08f2af62a38356ee03f42e44d8863783,True
08f489c0a35ab63203e9b0cd0f7c2d30,False
08f441305b7a48f603cdfed99e52e28b,True
08f29a54b5d80c92036eee8f63a8fa9f,False
08f2640c23128b00032079f9ae049e7c,False
08f2a903131069ae0344b7990e3d36b7,False
08f29a620c2e98db03023eb2c3bef329,False
08f279954bd6621c0334bf058539f319,False
08f2a88c18ac486303d2d8df15029c9c,False
08f2aa8cdc4580580328612ed8c1f116,False
08f29a4c4a8ad2cc030934f14305ee1a,False
08f29a549b8dab4103fab5dc7675b040,False
08f291279c99bac1033cef980ac3b39b,False
08f2a1482478cb64037a0d0c7d6c41ef,False
08f44da492491c71038412b8ecb6b393,False
